"","x","y","K2"
"8242",129.216263923586,-9.66915027543981,0.0888887345790863
"8243",129.298580286685,-9.66915027543981,0.075584776699543
"8244",129.380896649784,-9.66915027543981,0.0624542459845543
"8245",129.463213012884,-9.66915027543981,0.0494160130620003
"8246",129.545529375983,-9.66915027543981,0.0364370010793209
"8247",129.627845739082,-9.66915027543981,0.0235946904867887
"8248",129.710162102182,-9.66915027543981,0.0108621567487717
"8249",129.792478465281,-9.66915027543981,0.00214349990710616
"8250",129.87479482838,-9.66915027543981,0
"8523",128.886998471189,-9.7514666385391,0.128362149000168
"8524",128.969314834288,-9.7514666385391,0.116129219532013
"8525",129.051631197387,-9.7514666385391,0.10303258895874
"8526",129.133947560487,-9.7514666385391,0.090070977807045
"8527",129.216263923586,-9.7514666385391,0.0771569237112999
"8528",129.298580286685,-9.7514666385391,0.0643540695309639
"8529",129.380896649784,-9.7514666385391,0.0516424663364887
"8530",129.463213012884,-9.7514666385391,0.0390020199120045
"8531",129.545529375983,-9.7514666385391,0.0264801718294621
"8532",129.627845739082,-9.7514666385391,0.0140679515898228
"8533",129.710162102182,-9.7514666385391,0.00428909435868263
"8534",129.792478465281,-9.7514666385391,0.000459600967587903
"8535",129.87479482838,-9.7514666385391,0
"8801",128.310783929494,-9.83378300163838,0.200395122170448
"8802",128.393100292593,-9.83378300163838,0.194691479206085
"8803",128.475416655692,-9.83378300163838,0.184641897678375
"8804",128.557733018792,-9.83378300163838,0.170980632305145
"8805",128.640049381891,-9.83378300163838,0.157410770654678
"8806",128.72236574499,-9.83378300163838,0.143947392702103
"8807",128.804682108089,-9.83378300163838,0.130634233355522
"8808",128.886998471189,-9.83378300163838,0.117307431995869
"8809",128.969314834288,-9.83378300163838,0.104216724634171
"8810",129.051631197387,-9.83378300163838,0.0911289304494858
"8811",129.133947560487,-9.83378300163838,0.0781367793679237
"8812",129.216263923586,-9.83378300163838,0.0653066337108612
"8813",129.298580286685,-9.83378300163838,0.0525248572230339
"8814",129.380896649784,-9.83378300163838,0.0398530513048172
"8815",129.463213012884,-9.83378300163838,0.0272450167685747
"8816",129.545529375983,-9.83378300163838,0.0147763676941395
"8817",129.627845739082,-9.83378300163838,0.00456299958750606
"8818",129.710162102182,-9.83378300163838,0.000444371864432469
"8819",129.792478465281,-9.83378300163838,0
"8820",129.87479482838,-9.83378300163838,0
"9068",126.829089393707,-9.91609936473767,0.466528564691544
"9069",126.911405756806,-9.91609936473767,0.450991362333298
"9070",126.993722119905,-9.91609936473767,0.435536295175552
"9071",127.076038483004,-9.91609936473767,0.420127123594284
"9072",127.158354846104,-9.91609936473767,0.40479302406311
"9073",127.240671209203,-9.91609936473767,0.389640927314758
"9074",127.322987572302,-9.91609936473767,0.374467432498932
"9075",127.405303935402,-9.91609936473767,0.359409391880035
"9076",127.487620298501,-9.91609936473767,0.344443529844284
"9077",127.5699366616,-9.91609936473767,0.329230785369873
"9078",127.652253024699,-9.91609936473767,0.313887059688568
"9079",127.734569387799,-9.91609936473767,0.298598557710648
"9080",127.816885750898,-9.91609936473767,0.283516764640808
"9081",127.899202113997,-9.91609936473767,0.268476247787476
"9082",127.981518477097,-9.91609936473767,0.253544926643372
"9083",128.063834840196,-9.91609936473767,0.238735780119896
"9084",128.146151203295,-9.91609936473767,0.223983854055405
"9085",128.228467566394,-9.91609936473767,0.209364876151085
"9086",128.310783929494,-9.91609936473767,0.196757346391678
"9087",128.393100292593,-9.91609936473767,0.18628104031086
"9088",128.475416655692,-9.91609936473767,0.172541528940201
"9089",128.557733018792,-9.91609936473767,0.158899962902069
"9090",128.640049381891,-9.91609936473767,0.14536352455616
"9091",128.72236574499,-9.91609936473767,0.131889507174492
"9092",128.804682108089,-9.91609936473767,0.118616633117199
"9093",128.886998471189,-9.91609936473767,0.10529613494873
"9094",128.969314834288,-9.91609936473767,0.0922189429402351
"9095",129.051631197387,-9.91609936473767,0.0792089775204659
"9096",129.133947560487,-9.91609936473767,0.0661974772810936
"9097",129.216263923586,-9.91609936473767,0.0533978901803493
"9098",129.298580286685,-9.91609936473767,0.0406406298279762
"9099",129.380896649784,-9.91609936473767,0.0280113890767097
"9100",129.463213012884,-9.91609936473767,0.0154149662703276
"9101",129.545529375983,-9.91609936473767,0.00476589379832149
"9102",129.627845739082,-9.91609936473767,0.000364444626029581
"9103",129.710162102182,-9.91609936473767,0
"9104",129.792478465281,-9.91609936473767,0
"9105",129.87479482838,-9.91609936473767,0
"9349",126.49982394131,-9.99841572783695,0.515621960163116
"9350",126.582140304409,-9.99841572783695,0.499102413654327
"9351",126.664456667508,-9.99841572783695,0.4826440513134
"9352",126.746773030607,-9.99841572783695,0.466840177774429
"9353",126.829089393707,-9.99841572783695,0.455159068107605
"9354",126.911405756806,-9.99841572783695,0.439506083726883
"9355",126.993722119905,-9.99841572783695,0.423955976963043
"9356",127.076038483004,-9.99841572783695,0.408466190099716
"9357",127.158354846104,-9.99841572783695,0.393032819032669
"9358",127.240671209203,-9.99841572783695,0.377773702144623
"9359",127.322987572302,-9.99841572783695,0.362611055374146
"9360",127.405303935402,-9.99841572783695,0.347411751747131
"9361",127.487620298501,-9.99841572783695,0.332416266202927
"9362",127.5699366616,-9.99841572783695,0.31744584441185
"9363",127.652253024699,-9.99841572783695,0.302702188491821
"9364",127.734569387799,-9.99841572783695,0.287996023893356
"9365",127.816885750898,-9.99841572783695,0.273376494646072
"9366",127.899202113997,-9.99841572783695,0.258853375911713
"9367",127.981518477097,-9.99841572783695,0.244446009397507
"9368",128.063834840196,-9.99841572783695,0.230191618204117
"9369",128.146151203295,-9.99841572783695,0.215988874435425
"9370",128.228467566394,-9.99841572783695,0.201880797743797
"9371",128.310783929494,-9.99841572783695,0.187948912382126
"9372",128.393100292593,-9.99841572783695,0.174083486199379
"9373",128.475416655692,-9.99841572783695,0.160328567028046
"9374",128.557733018792,-9.99841572783695,0.146727830171585
"9375",128.640049381891,-9.99841572783695,0.133191540837288
"9376",128.72236574499,-9.99841572783695,0.119749397039413
"9377",128.804682108089,-9.99841572783695,0.106459096074104
"9378",128.886998471189,-9.99841572783695,0.0932119563221931
"9379",128.969314834288,-9.99841572783695,0.080148346722126
"9380",129.051631197387,-9.99841572783695,0.0670582801103592
"9381",129.133947560487,-9.99841572783695,0.0541497841477394
"9382",129.216263923586,-9.99841572783695,0.0414062738418579
"9383",129.298580286685,-9.99841572783695,0.0286753866821527
"9384",129.380896649784,-9.99841572783695,0.016070706769824
"9385",129.463213012884,-9.99841572783695,0.0049434918910265
"9386",129.545529375983,-9.99841572783695,0.000217516455450095
"9387",129.627845739082,-9.99841572783695,0
"9388",129.710162102182,-9.99841572783695,0
"9389",129.792478465281,-9.99841572783695,0
"9390",129.87479482838,-9.99841572783695,0
"9631",126.252874852012,-10.0807320909362,0.554707586765289
"9632",126.335191215111,-10.0807320909362,0.538008153438568
"9633",126.41750757821,-10.0807320909362,0.521326124668121
"9634",126.49982394131,-10.0807320909362,0.507198810577393
"9635",126.582140304409,-10.0807320909362,0.491188824176788
"9636",126.664456667508,-10.0807320909362,0.475239396095276
"9637",126.746773030607,-10.0807320909362,0.459359109401703
"9638",126.829089393707,-10.0807320909362,0.443563640117645
"9639",126.911405756806,-10.0807320909362,0.427811652421951
"9640",126.993722119905,-10.0807320909362,0.412146925926208
"9641",127.076038483004,-10.0807320909362,0.396638840436935
"9642",127.158354846104,-10.0807320909362,0.381144523620605
"9643",127.240671209203,-10.0807320909362,0.365778744220734
"9644",127.322987572302,-10.0807320909362,0.350538283586502
"9645",127.405303935402,-10.0807320909362,0.335317105054855
"9646",127.487620298501,-10.0807320909362,0.320247530937195
"9647",127.5699366616,-10.0807320909362,0.305280238389969
"9648",127.652253024699,-10.0807320909362,0.290434777736664
"9649",127.734569387799,-10.0807320909362,0.27574434876442
"9650",127.816885750898,-10.0807320909362,0.261095404624939
"9651",127.899202113997,-10.0807320909362,0.246542394161224
"9652",127.981518477097,-10.0807320909362,0.232134118676186
"9653",128.063834840196,-10.0807320909362,0.217868641018867
"9654",128.146151203295,-10.0807320909362,0.203691378235817
"9655",128.228467566394,-10.0807320909362,0.189586967229843
"9656",128.310783929494,-10.0807320909362,0.175652742385864
"9657",128.393100292593,-10.0807320909362,0.161796629428864
"9658",128.475416655692,-10.0807320909362,0.148040369153023
"9659",128.557733018792,-10.0807320909362,0.134450539946556
"9660",128.640049381891,-10.0807320909362,0.120899729430676
"9661",128.72236574499,-10.0807320909362,0.107507720589638
"9662",128.804682108089,-10.0807320909362,0.0941932424902916
"9663",128.886998471189,-10.0807320909362,0.0810340642929077
"9664",128.969314834288,-10.0807320909362,0.06797856092453
"9665",129.051631197387,-10.0807320909362,0.0549442879855633
"9666",129.133947560487,-10.0807320909362,0.0421007350087166
"9667",129.216263923586,-10.0807320909362,0.0292797088623047
"9668",129.298580286685,-10.0807320909362,0.0166623964905739
"9669",129.380896649784,-10.0807320909362,0.00524051208049059
"9670",129.463213012884,-10.0807320909362,0
"9671",129.545529375983,-10.0807320909362,0
"9672",129.627845739082,-10.0807320909362,0
"9673",129.710162102182,-10.0807320909362,0
"9674",129.792478465281,-10.0807320909362,0
"9675",129.87479482838,-10.0807320909362,0
"9914",126.088242125813,-10.1630484540355,0.577067494392395
"9915",126.170558488912,-10.1630484540355,0.560817182064056
"9916",126.252874852012,-10.1630484540355,0.544473946094513
"9917",126.335191215111,-10.1630484540355,0.528242230415344
"9918",126.41750757821,-10.1630484540355,0.512044250965118
"9919",126.49982394131,-10.1630484540355,0.495902955532074
"9920",126.582140304409,-10.1630484540355,0.47973820567131
"9921",126.664456667508,-10.1630484540355,0.463688790798187
"9922",126.746773030607,-10.1630484540355,0.447668731212616
"9923",126.829089393707,-10.1630484540355,0.431760191917419
"9924",126.911405756806,-10.1630484540355,0.415955394506454
"9925",126.993722119905,-10.1630484540355,0.400180548429489
"9926",127.076038483004,-10.1630484540355,0.384579122066498
"9927",127.158354846104,-10.1630484540355,0.36906760931015
"9928",127.240671209203,-10.1630484540355,0.353624075651169
"9929",127.322987572302,-10.1630484540355,0.338325530290604
"9930",127.405303935402,-10.1630484540355,0.323030799627304
"9931",127.487620298501,-10.1630484540355,0.307913959026337
"9932",127.5699366616,-10.1630484540355,0.292915225028992
"9933",127.652253024699,-10.1630484540355,0.278055518865585
"9934",127.734569387799,-10.1630484540355,0.263349771499634
"9935",127.816885750898,-10.1630484540355,0.248693406581879
"9936",127.899202113997,-10.1630484540355,0.234150394797325
"9937",127.981518477097,-10.1630484540355,0.219750374555588
"9938",128.063834840196,-10.1630484540355,0.205438867211342
"9939",128.146151203295,-10.1630484540355,0.191244021058083
"9940",128.228467566394,-10.1630484540355,0.177178427577019
"9941",128.310783929494,-10.1630484540355,0.163247644901276
"9942",128.393100292593,-10.1630484540355,0.149421811103821
"9943",128.475416655692,-10.1630484540355,0.135666266083717
"9944",128.557733018792,-10.1630484540355,0.122062653303146
"9945",128.640049381891,-10.1630484540355,0.108563937246799
"9946",128.72236574499,-10.1630484540355,0.0951849743723869
"9947",128.804682108089,-10.1630484540355,0.0819259658455849
"9948",128.886998471189,-10.1630484540355,0.0687471851706505
"9949",128.969314834288,-10.1630484540355,0.0557560324668884
"9950",129.051631197387,-10.1630484540355,0.0427517369389534
"9951",129.133947560487,-10.1630484540355,0.0298658031970263
"9952",129.216263923586,-10.1630484540355,0.0171601809561253
"9953",129.298580286685,-10.1630484540355,0.00555813545361161
"9954",129.380896649784,-10.1630484540355,0
"9955",129.463213012884,-10.1630484540355,0
"9956",129.545529375983,-10.1630484540355,0
"9957",129.627845739082,-10.1630484540355,0
"9958",129.710162102182,-10.1630484540355,0
"9959",129.792478465281,-10.1630484540355,0
"9960",129.87479482838,-10.1630484540355,0
"10197",125.923609399615,-10.2453648171348,0.599271655082703
"10198",126.005925762714,-10.2453648171348,0.582819819450378
"10199",126.088242125813,-10.2453648171348,0.566330552101135
"10200",126.170558488912,-10.2453648171348,0.549935519695282
"10201",126.252874852012,-10.2453648171348,0.533434391021729
"10202",126.335191215111,-10.2453648171348,0.517061710357666
"10203",126.41750757821,-10.2453648171348,0.50070858001709
"10204",126.49982394131,-10.2453648171348,0.48437488079071
"10205",126.582140304409,-10.2453648171348,0.468103021383286
"10206",126.664456667508,-10.2453648171348,0.451923221349716
"10207",126.746773030607,-10.2453648171348,0.435817390680313
"10208",126.829089393707,-10.2453648171348,0.419778823852539
"10209",126.911405756806,-10.2453648171348,0.403889089822769
"10210",126.993722119905,-10.2453648171348,0.388081103563309
"10211",127.076038483004,-10.2453648171348,0.372352659702301
"10212",127.158354846104,-10.2453648171348,0.356770187616348
"10213",127.240671209203,-10.2453648171348,0.341254055500031
"10214",127.322987572302,-10.2453648171348,0.325917333364487
"10215",127.405303935402,-10.2453648171348,0.310620695352554
"10216",127.487620298501,-10.2453648171348,0.295457005500793
"10217",127.5699366616,-10.2453648171348,0.280499011278152
"10218",127.652253024699,-10.2453648171348,0.265569776296616
"10219",127.734569387799,-10.2453648171348,0.250827342271805
"10220",127.816885750898,-10.2453648171348,0.236122399568558
"10221",127.899202113997,-10.2453648171348,0.221565708518028
"10222",127.981518477097,-10.2453648171348,0.207164034247398
"10223",128.063834840196,-10.2453648171348,0.192879840731621
"10224",128.146151203295,-10.2453648171348,0.178681120276451
"10225",128.228467566394,-10.2453648171348,0.164639458060265
"10226",128.310783929494,-10.2453648171348,0.150723949074745
"10227",128.393100292593,-10.2453648171348,0.136907547712326
"10228",128.475416655692,-10.2453648171348,0.123173214495182
"10229",128.557733018792,-10.2453648171348,0.109568156301975
"10230",128.640049381891,-10.2453648171348,0.0961193665862083
"10231",128.72236574499,-10.2453648171348,0.0827746018767357
"10232",128.804682108089,-10.2453648171348,0.069545716047287
"10233",128.886998471189,-10.2453648171348,0.0564139485359192
"10234",128.969314834288,-10.2453648171348,0.0433857701718807
"10235",129.051631197387,-10.2453648171348,0.0304767787456512
"10236",129.133947560487,-10.2453648171348,0.0176438763737679
"10237",129.216263923586,-10.2453648171348,0.00586788402870297
"10238",129.298580286685,-10.2453648171348,0
"10239",129.380896649784,-10.2453648171348,0
"10240",129.463213012884,-10.2453648171348,0
"10241",129.545529375983,-10.2453648171348,0
"10242",129.627845739082,-10.2453648171348,0
"10243",129.710162102182,-10.2453648171348,0
"10244",129.792478465281,-10.2453648171348,0
"10245",129.87479482838,-10.2453648171348,0
"10481",125.841293036515,-10.3276811802341,0.605367302894592
"10482",125.923609399615,-10.3276811802341,0.588707506656647
"10483",126.005925762714,-10.3276811802341,0.572064340114594
"10484",126.088242125813,-10.3276811802341,0.55541980266571
"10485",126.170558488912,-10.3276811802341,0.538788616657257
"10486",126.252874852012,-10.3276811802341,0.522190153598785
"10487",126.335191215111,-10.3276811802341,0.505601465702057
"10488",126.41750757821,-10.3276811802341,0.489095658063889
"10489",126.49982394131,-10.3276811802341,0.472646951675415
"10490",126.582140304409,-10.3276811802341,0.456269681453705
"10491",126.664456667508,-10.3276811802341,0.439953029155731
"10492",126.746773030607,-10.3276811802341,0.423721343278885
"10493",126.829089393707,-10.3276811802341,0.407586544752121
"10494",126.911405756806,-10.3276811802341,0.391615808010101
"10495",126.993722119905,-10.3276811802341,0.375752657651901
"10496",127.076038483004,-10.3276811802341,0.359956502914429
"10497",127.158354846104,-10.3276811802341,0.344295829534531
"10498",127.240671209203,-10.3276811802341,0.328713893890381
"10499",127.322987572302,-10.3276811802341,0.313311398029327
"10500",127.405303935402,-10.3276811802341,0.298009604215622
"10501",127.487620298501,-10.3276811802341,0.282854735851288
"10502",127.5699366616,-10.3276811802341,0.267807066440582
"10503",127.652253024699,-10.3276811802341,0.252881914377213
"10504",127.734569387799,-10.3276811802341,0.238086715340614
"10505",127.816885750898,-10.3276811802341,0.223389685153961
"10506",127.899202113997,-10.3276811802341,0.208850309252739
"10507",127.981518477097,-10.3276811802341,0.194459095597267
"10508",128.063834840196,-10.3276811802341,0.180159494280815
"10509",128.146151203295,-10.3276811802341,0.166013941168785
"10510",128.228467566394,-10.3276811802341,0.151942998170853
"10511",128.310783929494,-10.3276811802341,0.138047486543655
"10512",128.393100292593,-10.3276811802341,0.124241143465042
"10513",128.475416655692,-10.3276811802341,0.110540926456451
"10514",128.557733018792,-10.3276811802341,0.0970421805977821
"10515",128.640049381891,-10.3276811802341,0.0835725218057632
"10516",128.72236574499,-10.3276811802341,0.0703033655881882
"10517",128.804682108089,-10.3276811802341,0.0570590533316135
"10518",128.886998471189,-10.3276811802341,0.0439730659127235
"10519",128.969314834288,-10.3276811802341,0.0310030281543732
"10520",129.051631197387,-10.3276811802341,0.0181413684040308
"10521",129.133947560487,-10.3276811802341,0.0063320598565042
"10522",129.216263923586,-10.3276811802341,0.000213718129089102
"10523",129.298580286685,-10.3276811802341,0
"10524",129.380896649784,-10.3276811802341,0
"10525",129.463213012884,-10.3276811802341,0
"10526",129.545529375983,-10.3276811802341,0
"10527",129.627845739082,-10.3276811802341,0
"10528",129.710162102182,-10.3276811802341,0
"10529",129.792478465281,-10.3276811802341,0
"10530",129.87479482838,-10.3276811802341,0
"10531",129.957111191479,-10.3276811802341,0
"10763",125.594343947217,-10.4099975433334,0.640952408313751
"10765",125.758976673416,-10.4099975433334,0.611636221408844
"10766",125.841293036515,-10.4099975433334,0.59478348493576
"10767",125.923609399615,-10.4099975433334,0.577941417694092
"10768",126.005925762714,-10.4099975433334,0.561091721057892
"10769",126.088242125813,-10.4099975433334,0.544244408607483
"10770",126.170558488912,-10.4099975433334,0.527456402778625
"10771",126.252874852012,-10.4099975433334,0.510694921016693
"10772",126.335191215111,-10.4099975433334,0.493933409452438
"10773",126.41750757821,-10.4099975433334,0.477234065532684
"10774",126.49982394131,-10.4099975433334,0.46064618229866
"10775",126.582140304409,-10.4099975433334,0.444223970174789
"10776",126.664456667508,-10.4099975433334,0.427729398012161
"10777",126.746773030607,-10.4099975433334,0.411442071199417
"10778",126.829089393707,-10.4099975433334,0.395231127738953
"10779",126.911405756806,-10.4099975433334,0.379161268472672
"10780",126.993722119905,-10.4099975433334,0.363159477710724
"10781",127.076038483004,-10.4099975433334,0.347327351570129
"10782",127.158354846104,-10.4099975433334,0.331597715616226
"10783",127.240671209203,-10.4099975433334,0.316021174192429
"10784",127.322987572302,-10.4099975433334,0.300569713115692
"10785",127.405303935402,-10.4099975433334,0.285219877958298
"10786",127.487620298501,-10.4099975433334,0.270022720098495
"10787",127.5699366616,-10.4099975433334,0.254970967769623
"10788",127.652253024699,-10.4099975433334,0.240066111087799
"10789",127.734569387799,-10.4099975433334,0.225228384137154
"10790",127.816885750898,-10.4099975433334,0.210551723837852
"10791",127.899202113997,-10.4099975433334,0.196034029126167
"10792",127.981518477097,-10.4099975433334,0.181604355573654
"10793",128.063834840196,-10.4099975433334,0.167336955666542
"10794",128.146151203295,-10.4099975433334,0.153216287493706
"10795",128.228467566394,-10.4099975433334,0.139180406928062
"10796",128.310783929494,-10.4099975433334,0.125267282128334
"10797",128.393100292593,-10.4099975433334,0.111486256122589
"10798",128.475416655692,-10.4099975433334,0.0978909134864807
"10799",128.557733018792,-10.4099975433334,0.0843223407864571
"10800",128.640049381891,-10.4099975433334,0.0709341540932655
"10801",128.72236574499,-10.4099975433334,0.0577000230550766
"10802",128.804682108089,-10.4099975433334,0.0444981008768082
"10803",128.886998471189,-10.4099975433334,0.0314208343625069
"10804",128.969314834288,-10.4099975433334,0.0185191631317139
"10805",129.051631197387,-10.4099975433334,0.00682193832471967
"10806",129.133947560487,-10.4099975433334,0.000537115789484233
"10807",129.216263923586,-10.4099975433334,0
"10808",129.298580286685,-10.4099975433334,0
"10809",129.380896649784,-10.4099975433334,0
"10810",129.463213012884,-10.4099975433334,0
"10811",129.545529375983,-10.4099975433334,0
"10812",129.627845739082,-10.4099975433334,0
"10813",129.710162102182,-10.4099975433334,0
"10814",129.792478465281,-10.4099975433334,0
"10815",129.87479482838,-10.4099975433334,0
"10816",129.957111191479,-10.4099975433334,0
"11047",125.512027584118,-10.4923139064327,0.64878785610199
"11048",125.594343947217,-10.4923139064327,0.635087013244629
"11049",125.676660310317,-10.4923139064327,0.61810302734375
"11050",125.758976673416,-10.4923139064327,0.601039111614227
"11051",125.841293036515,-10.4923139064327,0.583964228630066
"11052",125.923609399615,-10.4923139064327,0.566938102245331
"11053",126.005925762714,-10.4923139064327,0.549870669841766
"11054",126.088242125813,-10.4923139064327,0.532810628414154
"11055",126.170558488912,-10.4923139064327,0.515795886516571
"11056",126.252874852012,-10.4923139064327,0.49886554479599
"11057",126.335191215111,-10.4923139064327,0.481980532407761
"11058",126.41750757821,-10.4923139064327,0.465188771486282
"11059",126.49982394131,-10.4923139064327,0.448492586612701
"11060",126.582140304409,-10.4923139064327,0.431901067495346
"11061",126.664456667508,-10.4923139064327,0.415311127901077
"11062",126.746773030607,-10.4923139064327,0.398921757936478
"11063",126.829089393707,-10.4923139064327,0.382623016834259
"11064",126.911405756806,-10.4923139064327,0.366454660892487
"11065",126.993722119905,-10.4923139064327,0.350401848554611
"11066",127.076038483004,-10.4923139064327,0.33453842997551
"11067",127.158354846104,-10.4923139064327,0.318770378828049
"11068",127.240671209203,-10.4923139064327,0.303120881319046
"11069",127.322987572302,-10.4923139064327,0.287613600492477
"11070",127.405303935402,-10.4923139064327,0.27225849032402
"11071",127.487620298501,-10.4923139064327,0.257070362567902
"11072",127.5699366616,-10.4923139064327,0.241988599300385
"11073",127.652253024699,-10.4923139064327,0.227018803358078
"11074",127.734569387799,-10.4923139064327,0.21221187710762
"11075",127.816885750898,-10.4923139064327,0.197574555873871
"11076",127.899202113997,-10.4923139064327,0.183044418692589
"11077",127.981518477097,-10.4923139064327,0.168663844466209
"11078",128.063834840196,-10.4923139064327,0.154382973909378
"11079",128.146151203295,-10.4923139064327,0.140242755413055
"11080",128.228467566394,-10.4923139064327,0.126280635595322
"11081",128.310783929494,-10.4923139064327,0.112408705055714
"11082",128.393100292593,-10.4923139064327,0.0986164137721062
"11083",128.475416655692,-10.4923139064327,0.0850543081760406
"11084",128.557733018792,-10.4923139064327,0.0715204477310181
"11085",128.640049381891,-10.4923139064327,0.0581904165446758
"11086",128.72236574499,-10.4923139064327,0.0450118333101273
"11087",128.804682108089,-10.4923139064327,0.0318508185446262
"11088",128.886998471189,-10.4923139064327,0.0188249312341213
"11089",128.969314834288,-10.4923139064327,0.00718814134597778
"11090",129.051631197387,-10.4923139064327,0.000840072054415941
"11091",129.133947560487,-10.4923139064327,0
"11092",129.216263923586,-10.4923139064327,0
"11093",129.298580286685,-10.4923139064327,0
"11094",129.380896649784,-10.4923139064327,0
"11095",129.463213012884,-10.4923139064327,0
"11096",129.545529375983,-10.4923139064327,0
"11097",129.627845739082,-10.4923139064327,0
"11098",129.710162102182,-10.4923139064327,0
"11099",129.792478465281,-10.4923139064327,0
"11100",129.87479482838,-10.4923139064327,0
"11101",129.957111191479,-10.4923139064327,0
"11330",125.34739485792,-10.5746302695319,0.673628807067871
"11331",125.429711221019,-10.5746302695319,0.656488835811615
"11332",125.512027584118,-10.5746302695319,0.64197438955307
"11333",125.594343947217,-10.5746302695319,0.624768197536469
"11334",125.676660310317,-10.5746302695319,0.607536256313324
"11335",125.758976673416,-10.5746302695319,0.590228021144867
"11336",125.841293036515,-10.5746302695319,0.572942078113556
"11337",125.923609399615,-10.5746302695319,0.5556321144104
"11338",126.005925762714,-10.5746302695319,0.538316786289215
"11339",126.088242125813,-10.5746302695319,0.521107912063599
"11340",126.170558488912,-10.5746302695319,0.503946959972382
"11341",126.252874852012,-10.5746302695319,0.486868679523468
"11342",126.335191215111,-10.5746302695319,0.469864815473557
"11343",126.41750757821,-10.5746302695319,0.452849954366684
"11344",126.49982394131,-10.5746302695319,0.435951560735703
"11345",126.582140304409,-10.5746302695319,0.419287204742432
"11346",126.664456667508,-10.5746302695319,0.402652204036713
"11347",126.746773030607,-10.5746302695319,0.386148899793625
"11348",126.829089393707,-10.5746302695319,0.369774252176285
"11349",126.911405756806,-10.5746302695319,0.353516072034836
"11350",126.993722119905,-10.5746302695319,0.337413668632507
"11351",127.076038483004,-10.5746302695319,0.321499109268188
"11352",127.158354846104,-10.5746302695319,0.30569651722908
"11353",127.240671209203,-10.5746302695319,0.290030479431152
"11354",127.322987572302,-10.5746302695319,0.274502247571945
"11355",127.405303935402,-10.5746302695319,0.259161472320557
"11356",127.487620298501,-10.5746302695319,0.24393555521965
"11357",127.5699366616,-10.5746302695319,0.228800922632217
"11358",127.652253024699,-10.5746302695319,0.213887363672256
"11359",127.734569387799,-10.5746302695319,0.199129045009613
"11360",127.816885750898,-10.5746302695319,0.184471726417542
"11361",127.899202113997,-10.5746302695319,0.169898882508278
"11362",127.981518477097,-10.5746302695319,0.155534222722054
"11363",128.063834840196,-10.5746302695319,0.141346096992493
"11364",128.146151203295,-10.5746302695319,0.127205222845078
"11365",128.228467566394,-10.5746302695319,0.113211892545223
"11366",128.310783929494,-10.5746302695319,0.0993925333023071
"11367",128.393100292593,-10.5746302695319,0.0856885388493538
"11368",128.475416655692,-10.5746302695319,0.0721390172839165
"11369",128.557733018792,-10.5746302695319,0.0587042570114136
"11370",128.640049381891,-10.5746302695319,0.0453918613493443
"11371",128.72236574499,-10.5746302695319,0.0322242751717567
"11372",128.804682108089,-10.5746302695319,0.019149474799633
"11373",128.886998471189,-10.5746302695319,0.0074638482183218
"11374",128.969314834288,-10.5746302695319,0.00104090257082134
"11375",129.051631197387,-10.5746302695319,0
"11376",129.133947560487,-10.5746302695319,0
"11377",129.216263923586,-10.5746302695319,0
"11378",129.298580286685,-10.5746302695319,0
"11379",129.380896649784,-10.5746302695319,0
"11380",129.463213012884,-10.5746302695319,0
"11381",129.545529375983,-10.5746302695319,0
"11382",129.627845739082,-10.5746302695319,0
"11383",129.710162102182,-10.5746302695319,0
"11384",129.792478465281,-10.5746302695319,0
"11385",129.87479482838,-10.5746302695319,0
"11386",129.957111191479,-10.5746302695319,0
"11614",125.26507849482,-10.6569466326312,0.682168126106262
"11615",125.34739485792,-10.6569466326312,0.666363596916199
"11616",125.429711221019,-10.6569466326312,0.649036407470703
"11617",125.512027584118,-10.6569466326312,0.63169252872467
"11618",125.594343947217,-10.6569466326312,0.614229142665863
"11619",125.676660310317,-10.6569466326312,0.596702516078949
"11620",125.758976673416,-10.6569466326312,0.579142093658447
"11621",125.841293036515,-10.6569466326312,0.561603784561157
"11622",125.923609399615,-10.6569466326312,0.544090032577515
"11623",126.005925762714,-10.6569466326312,0.526575088500977
"11624",126.088242125813,-10.6569466326312,0.509181320667267
"11625",126.170558488912,-10.6569466326312,0.491807281970978
"11626",126.252874852012,-10.6569466326312,0.474488139152527
"11627",126.335191215111,-10.6569466326312,0.457309037446976
"11628",126.41750757821,-10.6569466326312,0.440260261297226
"11629",126.49982394131,-10.6569466326312,0.423308610916138
"11630",126.582140304409,-10.6569466326312,0.406456738710403
"11631",126.664456667508,-10.6569466326312,0.389705151319504
"11632",126.746773030607,-10.6569466326312,0.37315160036087
"11633",126.829089393707,-10.6569466326312,0.356676250696182
"11634",126.911405756806,-10.6569466326312,0.34043163061142
"11635",126.993722119905,-10.6569466326312,0.32426193356514
"11636",127.076038483004,-10.6569466326312,0.308259814977646
"11637",127.158354846104,-10.6569466326312,0.292414128780365
"11638",127.240671209203,-10.6569466326312,0.276763498783112
"11639",127.322987572302,-10.6569466326312,0.261162877082825
"11640",127.405303935402,-10.6569466326312,0.245845109224319
"11641",127.487620298501,-10.6569466326312,0.230584904551506
"11642",127.5699366616,-10.6569466326312,0.215479046106339
"11643",127.652253024699,-10.6569466326312,0.20057088136673
"11644",127.734569387799,-10.6569466326312,0.185805827379227
"11645",127.816885750898,-10.6569466326312,0.17117914557457
"11646",127.899202113997,-10.6569466326312,0.156651258468628
"11647",127.981518477097,-10.6569466326312,0.142295151948929
"11648",128.063834840196,-10.6569466326312,0.12813113629818
"11649",128.146151203295,-10.6569466326312,0.114031061530113
"11650",128.228467566394,-10.6569466326312,0.100155957043171
"11651",128.310783929494,-10.6569466326312,0.0863375812768936
"11652",128.393100292593,-10.6569466326312,0.0726333186030388
"11653",128.475416655692,-10.6569466326312,0.0591392628848553
"11654",128.557733018792,-10.6569466326312,0.0457843951880932
"11655",128.640049381891,-10.6569466326312,0.0325041078031063
"11656",128.72236574499,-10.6569466326312,0.0193617660552263
"11657",128.804682108089,-10.6569466326312,0.00768788624554873
"11658",128.886998471189,-10.6569466326312,0.00123093405272812
"11659",128.969314834288,-10.6569466326312,0
"11660",129.051631197387,-10.6569466326312,0
"11661",129.133947560487,-10.6569466326312,0
"11662",129.216263923586,-10.6569466326312,0
"11663",129.298580286685,-10.6569466326312,0
"11664",129.380896649784,-10.6569466326312,0
"11665",129.463213012884,-10.6569466326312,0
"11666",129.545529375983,-10.6569466326312,0
"11667",129.627845739082,-10.6569466326312,0
"11668",129.710162102182,-10.6569466326312,0
"11669",129.792478465281,-10.6569466326312,0
"11670",129.87479482838,-10.6569466326312,0
"11671",129.957111191479,-10.6569466326312,0
"11898",125.182762131721,-10.7392629957305,0.69087165594101
"11899",125.26507849482,-10.7392629957305,0.67387592792511
"11900",125.34739485792,-10.7392629957305,0.656432509422302
"11901",125.429711221019,-10.7392629957305,0.638819217681885
"11902",125.512027584118,-10.7392629957305,0.621123909950256
"11903",125.594343947217,-10.7392629957305,0.603373765945435
"11904",125.676660310317,-10.7392629957305,0.585576474666595
"11905",125.758976673416,-10.7392629957305,0.567767858505249
"11906",125.841293036515,-10.7392629957305,0.549945890903473
"11907",125.923609399615,-10.7392629957305,0.532232642173767
"11908",126.005925762714,-10.7392629957305,0.514527201652527
"11909",126.088242125813,-10.7392629957305,0.496933251619339
"11910",126.170558488912,-10.7392629957305,0.479406446218491
"11911",126.252874852012,-10.7392629957305,0.461920440196991
"11912",126.335191215111,-10.7392629957305,0.444587349891663
"11913",126.41750757821,-10.7392629957305,0.427400022745132
"11914",126.49982394131,-10.7392629957305,0.410306930541992
"11915",126.582140304409,-10.7392629957305,0.393363535404205
"11916",126.664456667508,-10.7392629957305,0.376542389392853
"11917",126.746773030607,-10.7392629957305,0.359967142343521
"11918",126.829089393707,-10.7392629957305,0.343385219573975
"11919",126.911405756806,-10.7392629957305,0.327089667320251
"11920",126.993722119905,-10.7392629957305,0.310855686664581
"11921",127.076038483004,-10.7392629957305,0.294804662466049
"11922",127.158354846104,-10.7392629957305,0.278928339481354
"11923",127.240671209203,-10.7392629957305,0.263238131999969
"11924",127.322987572302,-10.7392629957305,0.247675210237503
"11925",127.405303935402,-10.7392629957305,0.232303082942963
"11926",127.487620298501,-10.7392629957305,0.217012017965317
"11927",127.5699366616,-10.7392629957305,0.201945781707764
"11928",127.652253024699,-10.7392629957305,0.187075197696686
"11929",127.734569387799,-10.7392629957305,0.172315388917923
"11930",127.816885750898,-10.7392629957305,0.157682105898857
"11931",127.899202113997,-10.7392629957305,0.143269196152687
"11932",127.981518477097,-10.7392629957305,0.128896698355675
"11933",128.063834840196,-10.7392629957305,0.114844024181366
"11934",128.146151203295,-10.7392629957305,0.100725635886192
"11935",128.228467566394,-10.7392629957305,0.0869026929140091
"11936",128.310783929494,-10.7392629957305,0.0731276869773865
"11937",128.393100292593,-10.7392629957305,0.059473805129528
"11938",128.475416655692,-10.7392629957305,0.046033650636673
"11939",128.557733018792,-10.7392629957305,0.0327323973178864
"11940",128.640049381891,-10.7392629957305,0.0195006709545851
"11941",128.72236574499,-10.7392629957305,0.00781150348484516
"11942",128.804682108089,-10.7392629957305,0.0013445409713313
"11943",128.886998471189,-10.7392629957305,0
"11944",128.969314834288,-10.7392629957305,0
"11945",129.051631197387,-10.7392629957305,0
"11946",129.133947560487,-10.7392629957305,0
"11947",129.216263923586,-10.7392629957305,0
"11948",129.298580286685,-10.7392629957305,0
"11949",129.380896649784,-10.7392629957305,0
"11950",129.463213012884,-10.7392629957305,0
"11951",129.545529375983,-10.7392629957305,0
"11952",129.627845739082,-10.7392629957305,0
"11953",129.710162102182,-10.7392629957305,0
"11954",129.792478465281,-10.7392629957305,0
"11955",129.87479482838,-10.7392629957305,0
"11956",129.957111191479,-10.7392629957305,0
"12182",125.100445768622,-10.8215793588298,0.699224829673767
"12183",125.182762131721,-10.8215793588298,0.681682825088501
"12184",125.26507849482,-10.8215793588298,0.664059519767761
"12185",125.34739485792,-10.8215793588298,0.646199703216553
"12186",125.429711221019,-10.8215793588298,0.628260850906372
"12187",125.512027584118,-10.8215793588298,0.610234081745148
"12188",125.594343947217,-10.8215793588298,0.592184543609619
"12189",125.676660310317,-10.8215793588298,0.574104189872742
"12190",125.758976673416,-10.8215793588298,0.556047201156616
"12191",125.841293036515,-10.8215793588298,0.538007378578186
"12192",125.923609399615,-10.8215793588298,0.520067691802979
"12193",126.005925762714,-10.8215793588298,0.502180814743042
"12194",126.088242125813,-10.8215793588298,0.484352022409439
"12195",126.170558488912,-10.8215793588298,0.466622829437256
"12196",126.252874852012,-10.8215793588298,0.449022263288498
"12197",126.335191215111,-10.8215793588298,0.431587129831314
"12198",126.41750757821,-10.8215793588298,0.414263784885406
"12199",126.49982394131,-10.8215793588298,0.397072404623032
"12200",126.582140304409,-10.8215793588298,0.380037814378738
"12201",126.664456667508,-10.8215793588298,0.36309802532196
"12202",126.746773030607,-10.8215793588298,0.346369445323944
"12203",126.829089393707,-10.8215793588298,0.329830408096313
"12204",126.911405756806,-10.8215793588298,0.313466131687164
"12205",126.993722119905,-10.8215793588298,0.297225803136826
"12206",127.076038483004,-10.8215793588298,0.281126409769058
"12207",127.158354846104,-10.8215793588298,0.265241414308548
"12208",127.240671209203,-10.8215793588298,0.249557495117188
"12209",127.322987572302,-10.8215793588298,0.234034210443497
"12210",127.405303935402,-10.8215793588298,0.218637734651566
"12211",127.487620298501,-10.8215793588298,0.203404262661934
"12212",127.5699366616,-10.8215793588298,0.188339740037918
"12213",127.652253024699,-10.8215793588298,0.173436507582664
"12214",127.734569387799,-10.8215793588298,0.158718809485435
"12215",127.816885750898,-10.8215793588298,0.144144684076309
"12216",127.899202113997,-10.8215793588298,0.129707008600235
"12217",127.981518477097,-10.8215793588298,0.115414999425411
"12218",128.063834840196,-10.8215793588298,0.101353414356709
"12219",128.146151203295,-10.8215793588298,0.0872904509305954
"12220",128.228467566394,-10.8215793588298,0.073529526591301
"12221",128.310783929494,-10.8215793588298,0.0598153248429298
"12222",128.393100292593,-10.8215793588298,0.0462705008685589
"12223",128.475416655692,-10.8215793588298,0.0328289046883583
"12224",128.557733018792,-10.8215793588298,0.0195877104997635
"12225",128.640049381891,-10.8215793588298,0.00781125761568546
"12226",128.72236574499,-10.8215793588298,0.00139612180646509
"12227",128.804682108089,-10.8215793588298,0
"12228",128.886998471189,-10.8215793588298,0
"12229",128.969314834288,-10.8215793588298,0
"12230",129.051631197387,-10.8215793588298,0
"12231",129.133947560487,-10.8215793588298,0
"12232",129.216263923586,-10.8215793588298,0
"12233",129.298580286685,-10.8215793588298,0
"12234",129.380896649784,-10.8215793588298,0
"12235",129.463213012884,-10.8215793588298,0
"12236",129.545529375983,-10.8215793588298,0
"12237",129.627845739082,-10.8215793588298,0
"12238",129.710162102182,-10.8215793588298,0
"12239",129.792478465281,-10.8215793588298,0
"12240",129.87479482838,-10.8215793588298,0
"12241",129.957111191479,-10.8215793588298,0
"12242",130.039427554579,-10.8215793588298,0
"12465",124.935813042423,-10.9038957219291,0.724744319915771
"12466",125.018129405522,-10.9038957219291,0.70735365152359
"12467",125.100445768622,-10.9038957219291,0.689748167991638
"12468",125.182762131721,-10.9038957219291,0.67188024520874
"12469",125.26507849482,-10.9038957219291,0.653843581676483
"12470",125.34739485792,-10.9038957219291,0.635652422904968
"12471",125.429711221019,-10.9038957219291,0.617368161678314
"12472",125.512027584118,-10.9038957219291,0.599023163318634
"12473",125.594343947217,-10.9038957219291,0.580658674240112
"12474",125.676660310317,-10.9038957219291,0.56229954957962
"12475",125.758976673416,-10.9038957219291,0.54399847984314
"12476",125.841293036515,-10.9038957219291,0.525708973407745
"12477",125.923609399615,-10.9038957219291,0.507537603378296
"12478",126.005925762714,-10.9038957219291,0.489461183547974
"12479",126.088242125813,-10.9038957219291,0.4714575111866
"12480",126.170558488912,-10.9038957219291,0.453569263219833
"12481",126.252874852012,-10.9038957219291,0.435808628797531
"12482",126.335191215111,-10.9038957219291,0.418319284915924
"12483",126.41750757821,-10.9038957219291,0.400825530290604
"12484",126.49982394131,-10.9038957219291,0.383501768112183
"12485",126.582140304409,-10.9038957219291,0.366367071866989
"12486",126.664456667508,-10.9038957219291,0.349452525377274
"12487",126.746773030607,-10.9038957219291,0.332657873630524
"12488",126.829089393707,-10.9038957219291,0.316025286912918
"12489",126.911405756806,-10.9038957219291,0.299607902765274
"12490",126.993722119905,-10.9038957219291,0.283387839794159
"12491",127.076038483004,-10.9038957219291,0.267261922359467
"12492",127.158354846104,-10.9038957219291,0.251362800598145
"12493",127.240671209203,-10.9038957219291,0.235649257898331
"12494",127.322987572302,-10.9038957219291,0.220119759440422
"12495",127.405303935402,-10.9038957219291,0.204786360263824
"12496",127.487620298501,-10.9038957219291,0.189534962177277
"12497",127.5699366616,-10.9038957219291,0.174508407711983
"12498",127.652253024699,-10.9038957219291,0.159664154052734
"12499",127.734569387799,-10.9038957219291,0.144992232322693
"12500",127.816885750898,-10.9038957219291,0.130456566810608
"12501",127.899202113997,-10.9038957219291,0.11600661277771
"12502",127.981518477097,-10.9038957219291,0.101830996572971
"12503",128.063834840196,-10.9038957219291,0.087727002799511
"12504",128.146151203295,-10.9038957219291,0.0738499537110329
"12505",128.228467566394,-10.9038957219291,0.0600626245141029
"12506",128.310783929494,-10.9038957219291,0.046427596360445
"12507",128.393100292593,-10.9038957219291,0.0329553782939911
"12508",128.475416655692,-10.9038957219291,0.0195581261068583
"12509",128.557733018792,-10.9038957219291,0.00780428433790803
"12510",128.640049381891,-10.9038957219291,0.00136966351419687
"12511",128.72236574499,-10.9038957219291,0
"12512",128.804682108089,-10.9038957219291,0
"12513",128.886998471189,-10.9038957219291,0
"12514",128.969314834288,-10.9038957219291,0
"12515",129.051631197387,-10.9038957219291,0
"12516",129.133947560487,-10.9038957219291,0
"12517",129.216263923586,-10.9038957219291,0
"12518",129.298580286685,-10.9038957219291,0
"12519",129.380896649784,-10.9038957219291,0
"12520",129.463213012884,-10.9038957219291,0
"12521",129.545529375983,-10.9038957219291,0
"12522",129.627845739082,-10.9038957219291,0
"12523",129.710162102182,-10.9038957219291,0
"12524",129.792478465281,-10.9038957219291,0
"12525",129.87479482838,-10.9038957219291,0
"12526",129.957111191479,-10.9038957219291,0
"12527",130.039427554579,-10.9038957219291,0
"12749",124.853496679324,-10.9862120850284,0.733416557312012
"12750",124.935813042423,-10.9862120850284,0.715916335582733
"12751",125.018129405522,-10.9862120850284,0.698089420795441
"12752",125.100445768622,-10.9862120850284,0.680023193359375
"12753",125.182762131721,-10.9862120850284,0.661740183830261
"12754",125.26507849482,-10.9862120850284,0.643327951431274
"12755",125.34739485792,-10.9862120850284,0.624750375747681
"12756",125.429711221019,-10.9862120850284,0.60612827539444
"12757",125.512027584118,-10.9862120850284,0.587466776371002
"12758",125.594343947217,-10.9862120850284,0.568805575370789
"12759",125.676660310317,-10.9862120850284,0.55020010471344
"12760",125.758976673416,-10.9862120850284,0.531625747680664
"12761",125.841293036515,-10.9862120850284,0.513069808483124
"12762",125.923609399615,-10.9862120850284,0.494668632745743
"12763",126.005925762714,-10.9862120850284,0.476381719112396
"12764",126.088242125813,-10.9862120850284,0.458208978176117
"12765",126.170558488912,-10.9862120850284,0.440184652805328
"12766",126.252874852012,-10.9862120850284,0.422287672758102
"12767",126.335191215111,-10.9862120850284,0.404625624418259
"12768",126.41750757821,-10.9862120850284,0.387055903673172
"12769",126.49982394131,-10.9862120850284,0.369688987731934
"12770",126.582140304409,-10.9862120850284,0.352421075105667
"12771",126.664456667508,-10.9862120850284,0.33543398976326
"12772",126.746773030607,-10.9862120850284,0.318660199642181
"12773",126.829089393707,-10.9862120850284,0.302004486322403
"12774",126.911405756806,-10.9862120850284,0.285527855157852
"12775",126.993722119905,-10.9862120850284,0.269302874803543
"12776",127.076038483004,-10.9862120850284,0.253197491168976
"12777",127.158354846104,-10.9862120850284,0.237297162413597
"12778",127.240671209203,-10.9862120850284,0.221571981906891
"12779",127.322987572302,-10.9862120850284,0.206056445837021
"12780",127.405303935402,-10.9862120850284,0.190746396780014
"12781",127.487620298501,-10.9862120850284,0.175515994429588
"12782",127.5699366616,-10.9862120850284,0.160538583993912
"12783",127.652253024699,-10.9862120850284,0.145730271935463
"12784",127.734569387799,-10.9862120850284,0.131084427237511
"12785",127.816885750898,-10.9862120850284,0.116612575948238
"12786",127.899202113997,-10.9862120850284,0.102275140583515
"12787",127.981518477097,-10.9862120850284,0.0880548357963562
"12788",128.063834840196,-10.9862120850284,0.0740508437156677
"12789",128.146151203295,-10.9862120850284,0.0602187030017376
"12790",128.228467566394,-10.9862120850284,0.0464894287288189
"12791",128.310783929494,-10.9862120850284,0.0329319313168526
"12792",128.393100292593,-10.9862120850284,0.0195026472210884
"12793",128.475416655692,-10.9862120850284,0.00763074355199933
"12794",128.557733018792,-10.9862120850284,0.00131207064259797
"12795",128.640049381891,-10.9862120850284,0
"12796",128.72236574499,-10.9862120850284,0
"12797",128.804682108089,-10.9862120850284,0
"12798",128.886998471189,-10.9862120850284,0
"12799",128.969314834288,-10.9862120850284,0
"12800",129.051631197387,-10.9862120850284,0
"12801",129.133947560487,-10.9862120850284,0
"12802",129.216263923586,-10.9862120850284,0
"12803",129.298580286685,-10.9862120850284,0
"12804",129.380896649784,-10.9862120850284,0
"12805",129.463213012884,-10.9862120850284,0
"12806",129.545529375983,-10.9862120850284,0
"12807",129.627845739082,-10.9862120850284,0
"12808",129.710162102182,-10.9862120850284,0
"12809",129.792478465281,-10.9862120850284,0
"12810",129.87479482838,-10.9862120850284,0
"12811",129.957111191479,-10.9862120850284,0
"12812",130.039427554579,-10.9862120850284,0
"13030",124.524231226927,-11.0685284481277,0.788723886013031
"13031",124.606547590026,-11.0685284481277,0.773436427116394
"13032",124.688863953125,-11.0685284481277,0.759565830230713
"13033",124.771180316225,-11.0685284481277,0.742328107357025
"13034",124.853496679324,-11.0685284481277,0.724720478057861
"13035",124.935813042423,-11.0685284481277,0.706727981567383
"13036",125.018129405522,-11.0685284481277,0.688443005084991
"13037",125.100445768622,-11.0685284481277,0.669957220554352
"13038",125.182762131721,-11.0685284481277,0.651289463043213
"13039",125.26507849482,-11.0685284481277,0.632444500923157
"13040",125.34739485792,-11.0685284481277,0.61347758769989
"13041",125.429711221019,-11.0685284481277,0.594482004642487
"13042",125.512027584118,-11.0685284481277,0.575540900230408
"13043",125.594343947217,-11.0685284481277,0.556568920612335
"13044",125.676660310317,-11.0685284481277,0.537680506706238
"13045",125.758976673416,-11.0685284481277,0.518819749355316
"13046",125.841293036515,-11.0685284481277,0.500041842460632
"13047",125.923609399615,-11.0685284481277,0.481433808803558
"13048",126.005925762714,-11.0685284481277,0.462958931922913
"13049",126.088242125813,-11.0685284481277,0.444617092609406
"13050",126.170558488912,-11.0685284481277,0.426420837640762
"13051",126.252874852012,-11.0685284481277,0.408421665430069
"13052",126.335191215111,-11.0685284481277,0.390603333711624
"13053",126.41750757821,-11.0685284481277,0.373031079769135
"13054",126.49982394131,-11.0685284481277,0.355568468570709
"13055",126.582140304409,-11.0685284481277,0.338261514902115
"13056",126.664456667508,-11.0685284481277,0.321205854415894
"13057",126.746773030607,-11.0685284481277,0.304344028234482
"13058",126.829089393707,-11.0685284481277,0.287742525339127
"13059",126.911405756806,-11.0685284481277,0.271230787038803
"13060",126.993722119905,-11.0685284481277,0.254948496818542
"13061",127.076038483004,-11.0685284481277,0.238881081342697
"13062",127.158354846104,-11.0685284481277,0.223007246851921
"13063",127.240671209203,-11.0685284481277,0.207290723919868
"13064",127.322987572302,-11.0685284481277,0.191785767674446
"13065",127.405303935402,-11.0685284481277,0.176518008112907
"13066",127.487620298501,-11.0685284481277,0.161363556981087
"13067",127.5699366616,-11.0685284481277,0.146419942378998
"13068",127.652253024699,-11.0685284481277,0.131622835993767
"13069",127.734569387799,-11.0685284481277,0.11700750887394
"13070",127.816885750898,-11.0685284481277,0.102637767791748
"13071",127.899202113997,-11.0685284481277,0.0883592367172241
"13072",127.981518477097,-11.0685284481277,0.0742237195372581
"13073",128.063834840196,-11.0685284481277,0.0602561831474304
"13074",128.146151203295,-11.0685284481277,0.0465128719806671
"13075",128.228467566394,-11.0685284481277,0.0328477025032043
"13076",128.310783929494,-11.0685284481277,0.0193733535706997
"13077",128.393100292593,-11.0685284481277,0.00744433188810945
"13078",128.475416655692,-11.0685284481277,0.00116205320227891
"13079",128.557733018792,-11.0685284481277,0
"13080",128.640049381891,-11.0685284481277,0
"13081",128.72236574499,-11.0685284481277,0
"13082",128.804682108089,-11.0685284481277,0
"13083",128.886998471189,-11.0685284481277,0
"13084",128.969314834288,-11.0685284481277,0
"13085",129.051631197387,-11.0685284481277,0
"13086",129.133947560487,-11.0685284481277,0
"13087",129.216263923586,-11.0685284481277,0
"13088",129.298580286685,-11.0685284481277,0
"13089",129.380896649784,-11.0685284481277,0
"13090",129.463213012884,-11.0685284481277,0
"13091",129.545529375983,-11.0685284481277,0
"13092",129.627845739082,-11.0685284481277,0
"13093",129.710162102182,-11.0685284481277,0
"13094",129.792478465281,-11.0685284481277,0
"13095",129.87479482838,-11.0685284481277,0
"13096",129.957111191479,-11.0685284481277,0
"13097",130.039427554579,-11.0685284481277,0
"13313",124.359598500728,-11.1508448112269,0.814078330993652
"13314",124.441914863827,-11.1508448112269,0.799959421157837
"13315",124.524231226927,-11.1508448112269,0.78538054227829
"13316",124.606547590026,-11.1508448112269,0.768742144107819
"13317",124.688863953125,-11.1508448112269,0.751585304737091
"13318",124.771180316225,-11.1508448112269,0.733847260475159
"13319",124.853496679324,-11.1508448112269,0.715667486190796
"13320",124.935813042423,-11.1508448112269,0.697198271751404
"13321",125.018129405522,-11.1508448112269,0.678487658500671
"13322",125.100445768622,-11.1508448112269,0.65951931476593
"13323",125.182762131721,-11.1508448112269,0.640360891819
"13324",125.26507849482,-11.1508448112269,0.621123194694519
"13325",125.34739485792,-11.1508448112269,0.601818084716797
"13326",125.429711221019,-11.1508448112269,0.582464218139648
"13327",125.512027584118,-11.1508448112269,0.563190400600433
"13328",125.594343947217,-11.1508448112269,0.543917119503021
"13329",125.676660310317,-11.1508448112269,0.524695336818695
"13330",125.758976673416,-11.1508448112269,0.505603551864624
"13331",125.841293036515,-11.1508448112269,0.486645936965942
"13332",125.923609399615,-11.1508448112269,0.467845469713211
"13333",126.005925762714,-11.1508448112269,0.44918018579483
"13334",126.088242125813,-11.1508448112269,0.430652856826782
"13335",126.170558488912,-11.1508448112269,0.412347227334976
"13336",126.252874852012,-11.1508448112269,0.394261747598648
"13337",126.335191215111,-11.1508448112269,0.376350671052933
"13338",126.41750757821,-11.1508448112269,0.358624041080475
"13339",126.49982394131,-11.1508448112269,0.341144591569901
"13340",126.582140304409,-11.1508448112269,0.323850452899933
"13341",126.664456667508,-11.1508448112269,0.306746423244476
"13342",126.746773030607,-11.1508448112269,0.289830297231674
"13343",126.829089393707,-11.1508448112269,0.273171335458755
"13344",126.911405756806,-11.1508448112269,0.25665357708931
"13345",126.993722119905,-11.1508448112269,0.240379095077515
"13346",127.076038483004,-11.1508448112269,0.224342718720436
"13347",127.158354846104,-11.1508448112269,0.208511054515839
"13348",127.240671209203,-11.1508448112269,0.19285424053669
"13349",127.322987572302,-11.1508448112269,0.177371188998222
"13350",127.405303935402,-11.1508448112269,0.16208279132843
"13351",127.487620298501,-11.1508448112269,0.146990090608597
"13352",127.5699366616,-11.1508448112269,0.132159948348999
"13353",127.652253024699,-11.1508448112269,0.11742127686739
"13354",127.734569387799,-11.1508448112269,0.102843351662159
"13355",127.816885750898,-11.1508448112269,0.088487483561039
"13356",127.899202113997,-11.1508448112269,0.0742486119270325
"13357",127.981518477097,-11.1508448112269,0.060247678309679
"13358",128.063834840196,-11.1508448112269,0.0463419817388058
"13359",128.146151203295,-11.1508448112269,0.0326589867472649
"13360",128.228467566394,-11.1508448112269,0.0190718173980713
"13361",128.310783929494,-11.1508448112269,0.00710497796535492
"13362",128.393100292593,-11.1508448112269,0.000979762058705091
"13363",128.475416655692,-11.1508448112269,0
"13364",128.557733018792,-11.1508448112269,0
"13365",128.640049381891,-11.1508448112269,0
"13366",128.72236574499,-11.1508448112269,0
"13367",128.804682108089,-11.1508448112269,0
"13368",128.886998471189,-11.1508448112269,0
"13369",128.969314834288,-11.1508448112269,0
"13370",129.051631197387,-11.1508448112269,0
"13371",129.133947560487,-11.1508448112269,0
"13372",129.216263923586,-11.1508448112269,0
"13373",129.298580286685,-11.1508448112269,0
"13374",129.380896649784,-11.1508448112269,0
"13375",129.463213012884,-11.1508448112269,0
"13376",129.545529375983,-11.1508448112269,0
"13377",129.627845739082,-11.1508448112269,0
"13378",129.710162102182,-11.1508448112269,0
"13379",129.792478465281,-11.1508448112269,0
"13380",129.87479482838,-11.1508448112269,0
"13381",129.957111191479,-11.1508448112269,0
"13382",130.039427554579,-11.1508448112269,0
"13597",124.277282137629,-11.2331611743262,0.824097275733948
"13598",124.359598500728,-11.2331611743262,0.810632646083832
"13599",124.441914863827,-11.2331611743262,0.794885337352753
"13600",124.524231226927,-11.2331611743262,0.778318762779236
"13601",124.606547590026,-11.2331611743262,0.761058390140533
"13602",124.688863953125,-11.2331611743262,0.743271231651306
"13603",124.771180316225,-11.2331611743262,0.725004851818085
"13604",124.853496679324,-11.2331611743262,0.706353306770325
"13605",124.935813042423,-11.2331611743262,0.68735271692276
"13606",125.018129405522,-11.2331611743262,0.668082594871521
"13607",125.100445768622,-11.2331611743262,0.648690104484558
"13608",125.182762131721,-11.2331611743262,0.629075348377228
"13609",125.26507849482,-11.2331611743262,0.609433114528656
"13610",125.34739485792,-11.2331611743262,0.589731633663177
"13611",125.429711221019,-11.2331611743262,0.570052862167358
"13612",125.512027584118,-11.2331611743262,0.550402820110321
"13613",125.594343947217,-11.2331611743262,0.53080677986145
"13614",125.676660310317,-11.2331611743262,0.511326551437378
"13615",125.758976673416,-11.2331611743262,0.491993278264999
"13616",125.841293036515,-11.2331611743262,0.472830295562744
"13617",125.923609399615,-11.2331611743262,0.453861862421036
"13618",126.005925762714,-11.2331611743262,0.435013502836227
"13619",126.088242125813,-11.2331611743262,0.416335344314575
"13620",126.170558488912,-11.2331611743262,0.397883981466293
"13621",126.252874852012,-11.2331611743262,0.37975338101387
"13622",126.335191215111,-11.2331611743262,0.361693501472473
"13623",126.41750757821,-11.2331611743262,0.34395495057106
"13624",126.49982394131,-11.2331611743262,0.32642537355423
"13625",126.582140304409,-11.2331611743262,0.309076458215714
"13626",126.664456667508,-11.2331611743262,0.291928142309189
"13627",126.746773030607,-11.2331611743262,0.275020897388458
"13628",126.829089393707,-11.2331611743262,0.258325785398483
"13629",126.911405756806,-11.2331611743262,0.241899371147156
"13630",126.993722119905,-11.2331611743262,0.22567692399025
"13631",127.076038483004,-11.2331611743262,0.209632039070129
"13632",127.158354846104,-11.2331611743262,0.193824231624603
"13633",127.240671209203,-11.2331611743262,0.178221523761749
"13634",127.322987572302,-11.2331611743262,0.16275642812252
"13635",127.405303935402,-11.2331611743262,0.147539436817169
"13636",127.487620298501,-11.2331611743262,0.132480025291443
"13637",127.5699366616,-11.2331611743262,0.117680698633194
"13638",127.652253024699,-11.2331611743262,0.103058017790318
"13639",127.734569387799,-11.2331611743262,0.0886339843273163
"13640",127.816885750898,-11.2331611743262,0.0742709934711456
"13641",127.899202113997,-11.2331611743262,0.06014434248209
"13642",127.981518477097,-11.2331611743262,0.0462496764957905
"13643",128.063834840196,-11.2331611743262,0.0324012860655785
"13644",128.146151203295,-11.2331611743262,0.0187685713171959
"13645",128.228467566394,-11.2331611743262,0.006711111869663
"13646",128.310783929494,-11.2331611743262,0.000729554682038724
"13647",128.393100292593,-11.2331611743262,0
"13648",128.475416655692,-11.2331611743262,0
"13649",128.557733018792,-11.2331611743262,0
"13650",128.640049381891,-11.2331611743262,0
"13651",128.72236574499,-11.2331611743262,0
"13652",128.804682108089,-11.2331611743262,0
"13653",128.886998471189,-11.2331611743262,0
"13654",128.969314834288,-11.2331611743262,0
"13655",129.051631197387,-11.2331611743262,0
"13656",129.133947560487,-11.2331611743262,0
"13657",129.216263923586,-11.2331611743262,0
"13658",129.298580286685,-11.2331611743262,0
"13659",129.380896649784,-11.2331611743262,0
"13660",129.463213012884,-11.2331611743262,0
"13661",129.545529375983,-11.2331611743262,0
"13662",129.627845739082,-11.2331611743262,0
"13663",129.710162102182,-11.2331611743262,0
"13664",129.792478465281,-11.2331611743262,0
"13665",129.87479482838,-11.2331611743262,0
"13666",129.957111191479,-11.2331611743262,0
"13667",130.039427554579,-11.2331611743262,0
"13879",124.030333048331,-11.3154775374255,0.859615206718445
"13880",124.11264941143,-11.3154775374255,0.848529696464539
"13881",124.19496577453,-11.3154775374255,0.834628701210022
"13882",124.277282137629,-11.3154775374255,0.82020503282547
"13883",124.359598500728,-11.3154775374255,0.804621338844299
"13884",124.441914863827,-11.3154775374255,0.788079977035522
"13885",124.524231226927,-11.3154775374255,0.770887792110443
"13886",124.606547590026,-11.3154775374255,0.753088295459747
"13887",124.688863953125,-11.3154775374255,0.734695136547089
"13888",124.771180316225,-11.3154775374255,0.715842187404633
"13889",124.853496679324,-11.3154775374255,0.696605682373047
"13890",124.935813042423,-11.3154775374255,0.677018523216248
"13891",125.018129405522,-11.3154775374255,0.657248914241791
"13892",125.100445768622,-11.3154775374255,0.637358605861664
"13893",125.182762131721,-11.3154775374255,0.617340385913849
"13894",125.26507849482,-11.3154775374255,0.597260057926178
"13895",125.34739485792,-11.3154775374255,0.577154457569122
"13896",125.429711221019,-11.3154775374255,0.557090759277344
"13897",125.512027584118,-11.3154775374255,0.537114143371582
"13898",125.594343947217,-11.3154775374255,0.517226874828339
"13899",125.676660310317,-11.3154775374255,0.49750417470932
"13900",125.758976673416,-11.3154775374255,0.477938562631607
"13901",125.841293036515,-11.3154775374255,0.458562731742859
"13902",125.923609399615,-11.3154775374255,0.439399719238281
"13903",126.005925762714,-11.3154775374255,0.420400947332382
"13904",126.088242125813,-11.3154775374255,0.401650846004486
"13905",126.170558488912,-11.3154775374255,0.383140176534653
"13906",126.252874852012,-11.3154775374255,0.36484357714653
"13907",126.335191215111,-11.3154775374255,0.346754521131516
"13908",126.41750757821,-11.3154775374255,0.328926622867584
"13909",126.49982394131,-11.3154775374255,0.311361342668533
"13910",126.582140304409,-11.3154775374255,0.294020444154739
"13911",126.664456667508,-11.3154775374255,0.27688193321228
"13912",126.746773030607,-11.3154775374255,0.260000109672546
"13913",126.829089393707,-11.3154775374255,0.243273869156837
"13914",126.911405756806,-11.3154775374255,0.226869761943817
"13915",126.993722119905,-11.3154775374255,0.210692644119263
"13916",127.076038483004,-11.3154775374255,0.194704204797745
"13917",127.158354846104,-11.3154775374255,0.178910493850708
"13918",127.240671209203,-11.3154775374255,0.163351982831955
"13919",127.322987572302,-11.3154775374255,0.147970110177994
"13920",127.405303935402,-11.3154775374255,0.132809653878212
"13921",127.487620298501,-11.3154775374255,0.117882445454597
"13922",127.5699366616,-11.3154775374255,0.10314167290926
"13923",127.652253024699,-11.3154775374255,0.0885135978460312
"13924",127.734569387799,-11.3154775374255,0.0741422772407532
"13925",127.816885750898,-11.3154775374255,0.0599824413657188
"13926",127.899202113997,-11.3154775374255,0.0458685532212257
"13927",127.981518477097,-11.3154775374255,0.0320349000394344
"13928",128.063834840196,-11.3154775374255,0.0183266159147024
"13929",128.146151203295,-11.3154775374255,0.00625062128528953
"13930",128.228467566394,-11.3154775374255,0.000447922793682665
"13931",128.310783929494,-11.3154775374255,0
"13932",128.393100292593,-11.3154775374255,0
"13933",128.475416655692,-11.3154775374255,0
"13934",128.557733018792,-11.3154775374255,0
"13935",128.640049381891,-11.3154775374255,0
"13936",128.72236574499,-11.3154775374255,0
"13937",128.804682108089,-11.3154775374255,0
"13938",128.886998471189,-11.3154775374255,0
"13939",128.969314834288,-11.3154775374255,0
"13940",129.051631197387,-11.3154775374255,0
"13941",129.133947560487,-11.3154775374255,0
"13942",129.216263923586,-11.3154775374255,0
"13943",129.298580286685,-11.3154775374255,0
"13944",129.380896649784,-11.3154775374255,0
"13945",129.463213012884,-11.3154775374255,0
"13946",129.545529375983,-11.3154775374255,0
"13947",129.627845739082,-11.3154775374255,0
"13948",129.710162102182,-11.3154775374255,0
"13949",129.792478465281,-11.3154775374255,0
"13950",129.87479482838,-11.3154775374255,0
"13951",129.957111191479,-11.3154775374255,0
"13952",130.039427554579,-11.3154775374255,0
"14162",123.865700322132,-11.3977939005248,0.878316879272461
"14163",123.948016685232,-11.3977939005248,0.868758201599121
"14164",124.030333048331,-11.3977939005248,0.856855154037476
"14165",124.11264941143,-11.3977939005248,0.843824028968811
"14166",124.19496577453,-11.3977939005248,0.829578816890717
"14167",124.277282137629,-11.3977939005248,0.814338862895966
"14168",124.359598500728,-11.3977939005248,0.798118650913239
"14169",124.441914863827,-11.3977939005248,0.78106415271759
"14170",124.524231226927,-11.3977939005248,0.763200044631958
"14171",124.606547590026,-11.3977939005248,0.744749426841736
"14172",124.688863953125,-11.3977939005248,0.725696623325348
"14173",124.771180316225,-11.3977939005248,0.70621657371521
"14174",124.853496679324,-11.3977939005248,0.686383545398712
"14175",124.935813042423,-11.3977939005248,0.666250705718994
"14176",125.018129405522,-11.3977939005248,0.645942807197571
"14177",125.100445768622,-11.3977939005248,0.625559151172638
"14178",125.182762131721,-11.3977939005248,0.605043232440948
"14179",125.26507849482,-11.3977939005248,0.584498405456543
"14180",125.34739485792,-11.3977939005248,0.564007639884949
"14181",125.429711221019,-11.3977939005248,0.543610692024231
"14182",125.512027584118,-11.3977939005248,0.523295044898987
"14183",125.594343947217,-11.3977939005248,0.503191411495209
"14184",125.676660310317,-11.3977939005248,0.48318150639534
"14185",125.758976673416,-11.3977939005248,0.463396459817886
"14186",125.841293036515,-11.3977939005248,0.443810284137726
"14187",125.923609399615,-11.3977939005248,0.424507856369019
"14188",126.005925762714,-11.3977939005248,0.405394911766052
"14189",126.088242125813,-11.3977939005248,0.38653102517128
"14190",126.170558488912,-11.3977939005248,0.367961078882217
"14191",126.252874852012,-11.3977939005248,0.349574625492096
"14192",126.335191215111,-11.3977939005248,0.331402629613876
"14193",126.41750757821,-11.3977939005248,0.313567340373993
"14194",126.49982394131,-11.3977939005248,0.296016842126846
"14195",126.582140304409,-11.3977939005248,0.278630167245865
"14196",126.664456667508,-11.3977939005248,0.261509984731674
"14197",126.746773030607,-11.3977939005248,0.244656682014465
"14198",126.829089393707,-11.3977939005248,0.228008806705475
"14199",126.911405756806,-11.3977939005248,0.211625397205353
"14200",126.993722119905,-11.3977939005248,0.195416495203972
"14201",127.076038483004,-11.3977939005248,0.179508998990059
"14202",127.158354846104,-11.3977939005248,0.163767769932747
"14203",127.240671209203,-11.3977939005248,0.148314982652664
"14204",127.322987572302,-11.3977939005248,0.133009418845177
"14205",127.405303935402,-11.3977939005248,0.117961071431637
"14206",127.487620298501,-11.3977939005248,0.103097729384899
"14207",127.5699366616,-11.3977939005248,0.0884232148528099
"14208",127.652253024699,-11.3977939005248,0.0739194229245186
"14209",127.734569387799,-11.3977939005248,0.0595846697688103
"14210",127.816885750898,-11.3977939005248,0.0454718805849552
"14211",127.899202113997,-11.3977939005248,0.0315761268138885
"14212",127.981518477097,-11.3977939005248,0.0179415959864855
"14213",128.063834840196,-11.3977939005248,0.00583723420277238
"14214",128.146151203295,-11.3977939005248,0.000131139473523945
"14215",128.228467566394,-11.3977939005248,0
"14216",128.310783929494,-11.3977939005248,0
"14217",128.393100292593,-11.3977939005248,0
"14218",128.475416655692,-11.3977939005248,0
"14219",128.557733018792,-11.3977939005248,0
"14220",128.640049381891,-11.3977939005248,0
"14221",128.72236574499,-11.3977939005248,0
"14222",128.804682108089,-11.3977939005248,0
"14223",128.886998471189,-11.3977939005248,0
"14224",128.969314834288,-11.3977939005248,0
"14225",129.051631197387,-11.3977939005248,0
"14226",129.133947560487,-11.3977939005248,0
"14227",129.216263923586,-11.3977939005248,0
"14228",129.298580286685,-11.3977939005248,0
"14229",129.380896649784,-11.3977939005248,0
"14230",129.463213012884,-11.3977939005248,0
"14231",129.545529375983,-11.3977939005248,0
"14232",129.627845739082,-11.3977939005248,0
"14233",129.710162102182,-11.3977939005248,0
"14234",129.792478465281,-11.3977939005248,0
"14235",129.87479482838,-11.3977939005248,0
"14236",129.957111191479,-11.3977939005248,0
"14237",130.039427554579,-11.3977939005248,0
"14444",123.618751232835,-11.4801102636241,0.898395895957947
"14446",123.783383959033,-11.4801102636241,0.884847104549408
"14447",123.865700322132,-11.4801102636241,0.875924229621887
"14448",123.948016685232,-11.4801102636241,0.864999651908875
"14449",124.030333048331,-11.4801102636241,0.852645576000214
"14450",124.11264941143,-11.4801102636241,0.83902496099472
"14451",124.19496577453,-11.4801102636241,0.824206709861755
"14452",124.277282137629,-11.4801102636241,0.808368682861328
"14453",124.359598500728,-11.4801102636241,0.791414380073547
"14454",124.441914863827,-11.4801102636241,0.773648202419281
"14455",124.524231226927,-11.4801102636241,0.755121052265167
"14456",124.606547590026,-11.4801102636241,0.735953629016876
"14457",124.688863953125,-11.4801102636241,0.71622508764267
"14458",124.771180316225,-11.4801102636241,0.696092069149017
"14459",124.853496679324,-11.4801102636241,0.675655543804169
"14460",124.935813042423,-11.4801102636241,0.65495240688324
"14461",125.018129405522,-11.4801102636241,0.634082317352295
"14462",125.100445768622,-11.4801102636241,0.613119184970856
"14463",125.182762131721,-11.4801102636241,0.592141926288605
"14464",125.26507849482,-11.4801102636241,0.571237146854401
"14465",125.34739485792,-11.4801102636241,0.55039656162262
"14466",125.429711221019,-11.4801102636241,0.529662489891052
"14467",125.512027584118,-11.4801102636241,0.508961200714111
"14468",125.594343947217,-11.4801102636241,0.488583773374557
"14469",125.676660310317,-11.4801102636241,0.468328207731247
"14470",125.758976673416,-11.4801102636241,0.44839283823967
"14471",125.841293036515,-11.4801102636241,0.428654700517654
"14472",125.923609399615,-11.4801102636241,0.409157991409302
"14473",126.005925762714,-11.4801102636241,0.389954298734665
"14474",126.088242125813,-11.4801102636241,0.371004521846771
"14475",126.170558488912,-11.4801102636241,0.352349311113358
"14476",126.252874852012,-11.4801102636241,0.333950877189636
"14477",126.335191215111,-11.4801102636241,0.315788745880127
"14478",126.41750757821,-11.4801102636241,0.297964572906494
"14479",126.49982394131,-11.4801102636241,0.280369818210602
"14480",126.582140304409,-11.4801102636241,0.26301509141922
"14481",126.664456667508,-11.4801102636241,0.245873689651489
"14482",126.746773030607,-11.4801102636241,0.229062750935555
"14483",126.829089393707,-11.4801102636241,0.212486580014229
"14484",126.911405756806,-11.4801102636241,0.196184143424034
"14485",126.993722119905,-11.4801102636241,0.1800427287817
"14486",127.076038483004,-11.4801102636241,0.164201244711876
"14487",127.158354846104,-11.4801102636241,0.148473933339119
"14488",127.240671209203,-11.4801102636241,0.133106335997581
"14489",127.322987572302,-11.4801102636241,0.117866680026054
"14490",127.405303935402,-11.4801102636241,0.102954566478729
"14491",127.487620298501,-11.4801102636241,0.0881368666887283
"14492",127.5699366616,-11.4801102636241,0.0735963061451912
"14493",127.652253024699,-11.4801102636241,0.0591848008334637
"14494",127.734569387799,-11.4801102636241,0.0449845120310783
"14495",127.816885750898,-11.4801102636241,0.0309590939432383
"14496",127.899202113997,-11.4801102636241,0.017278054729104
"14497",127.981518477097,-11.4801102636241,0.00554409250617027
"14498",128.063834840196,-11.4801102636241,0
"14499",128.146151203295,-11.4801102636241,0
"14500",128.228467566394,-11.4801102636241,0
"14501",128.310783929494,-11.4801102636241,0
"14502",128.393100292593,-11.4801102636241,0
"14503",128.475416655692,-11.4801102636241,0
"14504",128.557733018792,-11.4801102636241,0
"14505",128.640049381891,-11.4801102636241,0
"14506",128.72236574499,-11.4801102636241,0
"14507",128.804682108089,-11.4801102636241,0
"14508",128.886998471189,-11.4801102636241,0
"14509",128.969314834288,-11.4801102636241,0
"14510",129.051631197387,-11.4801102636241,0
"14511",129.133947560487,-11.4801102636241,0
"14512",129.216263923586,-11.4801102636241,0
"14513",129.298580286685,-11.4801102636241,0
"14514",129.380896649784,-11.4801102636241,0
"14515",129.463213012884,-11.4801102636241,0
"14516",129.545529375983,-11.4801102636241,0
"14517",129.627845739082,-11.4801102636241,0
"14518",129.710162102182,-11.4801102636241,0
"14519",129.792478465281,-11.4801102636241,0
"14520",129.87479482838,-11.4801102636241,0
"14521",129.957111191479,-11.4801102636241,0
"14726",123.371802143537,-11.5624266267234,0.910051643848419
"14727",123.454118506636,-11.5624266267234,0.907084107398987
"14728",123.536434869735,-11.5624266267234,0.902451574802399
"14729",123.618751232835,-11.5624266267234,0.897399663925171
"14730",123.701067595934,-11.5624266267234,0.890834093093872
"14731",123.783383959033,-11.5624266267234,0.882397949695587
"14732",123.865700322132,-11.5624266267234,0.87262225151062
"14733",123.948016685232,-11.5624266267234,0.86121279001236
"14734",124.030333048331,-11.5624266267234,0.848338961601257
"14735",124.11264941143,-11.5624266267234,0.834183871746063
"14736",124.19496577453,-11.5624266267234,0.818703234195709
"14737",124.277282137629,-11.5624266267234,0.802135109901428
"14738",124.359598500728,-11.5624266267234,0.784510791301727
"14739",124.441914863827,-11.5624266267234,0.76595538854599
"14740",124.524231226927,-11.5624266267234,0.746633350849152
"14741",124.606547590026,-11.5624266267234,0.726727247238159
"14742",124.688863953125,-11.5624266267234,0.706249952316284
"14743",124.771180316225,-11.5624266267234,0.685414969921112
"14744",124.853496679324,-11.5624266267234,0.664306581020355
"14745",124.935813042423,-11.5624266267234,0.64297878742218
"14746",125.018129405522,-11.5624266267234,0.621561944484711
"14747",125.100445768622,-11.5624266267234,0.60011225938797
"14748",125.182762131721,-11.5624266267234,0.578688263893127
"14749",125.26507849482,-11.5624266267234,0.557310700416565
"14750",125.34739485792,-11.5624266267234,0.536110997200012
"14751",125.429711221019,-11.5624266267234,0.515058577060699
"14752",125.512027584118,-11.5624266267234,0.49411278963089
"14753",125.594343947217,-11.5624266267234,0.473399132490158
"14754",125.676660310317,-11.5624266267234,0.453011989593506
"14755",125.758976673416,-11.5624266267234,0.432883143424988
"14756",125.841293036515,-11.5624266267234,0.413020581007004
"14757",125.923609399615,-11.5624266267234,0.39337146282196
"14758",126.005925762714,-11.5624266267234,0.374108254909515
"14759",126.088242125813,-11.5624266267234,0.355102211236954
"14760",126.170558488912,-11.5624266267234,0.336375057697296
"14761",126.252874852012,-11.5624266267234,0.317943960428238
"14762",126.335191215111,-11.5624266267234,0.299806743860245
"14763",126.41750757821,-11.5624266267234,0.281939297914505
"14764",126.49982394131,-11.5624266267234,0.264369875192642
"14765",126.582140304409,-11.5624266267234,0.247065126895905
"14766",126.664456667508,-11.5624266267234,0.229977965354919
"14767",126.746773030607,-11.5624266267234,0.213196128606796
"14768",126.829089393707,-11.5624266267234,0.196705624461174
"14769",126.911405756806,-11.5624266267234,0.180456966161728
"14770",126.993722119905,-11.5624266267234,0.164433851838112
"14771",127.076038483004,-11.5624266267234,0.148684248328209
"14772",127.158354846104,-11.5624266267234,0.13308210670948
"14773",127.240671209203,-11.5624266267234,0.117764338850975
"14774",127.322987572302,-11.5624266267234,0.102617345750332
"14775",127.405303935402,-11.5624266267234,0.0877743661403656
"14776",127.487620298501,-11.5624266267234,0.073092594742775
"14777",127.5699366616,-11.5624266267234,0.0586230158805847
"14778",127.652253024699,-11.5624266267234,0.0443507842719555
"14779",127.734569387799,-11.5624266267234,0.0302552692592144
"14780",127.816885750898,-11.5624266267234,0.0165920332074165
"14781",127.899202113997,-11.5624266267234,0.00519381975755095
"14782",127.981518477097,-11.5624266267234,0
"14783",128.063834840196,-11.5624266267234,0
"14784",128.146151203295,-11.5624266267234,0
"14785",128.228467566394,-11.5624266267234,0
"14786",128.310783929494,-11.5624266267234,0
"14787",128.393100292593,-11.5624266267234,0
"14788",128.475416655692,-11.5624266267234,0
"14789",128.557733018792,-11.5624266267234,0
"14790",128.640049381891,-11.5624266267234,0
"14791",128.72236574499,-11.5624266267234,0
"14792",128.804682108089,-11.5624266267234,0
"14793",128.886998471189,-11.5624266267234,0
"14794",128.969314834288,-11.5624266267234,0
"14795",129.051631197387,-11.5624266267234,0
"14796",129.133947560487,-11.5624266267234,0
"14797",129.216263923586,-11.5624266267234,0
"14798",129.298580286685,-11.5624266267234,0
"14799",129.380896649784,-11.5624266267234,0
"14800",129.463213012884,-11.5624266267234,0
"14801",129.545529375983,-11.5624266267234,0
"14802",129.627845739082,-11.5624266267234,0
"14803",129.710162102182,-11.5624266267234,0
"14804",129.792478465281,-11.5624266267234,0
"14805",129.87479482838,-11.5624266267234,0
"14806",129.957111191479,-11.5624266267234,0
"15007",123.04253669114,-11.6447429898226,0.914080500602722
"15008",123.124853054239,-11.6447429898226,0.913307070732117
"15009",123.207169417338,-11.6447429898226,0.911836802959442
"15010",123.289485780437,-11.6447429898226,0.909792721271515
"15011",123.371802143537,-11.6447429898226,0.907723665237427
"15012",123.454118506636,-11.6447429898226,0.904724061489105
"15013",123.536434869735,-11.6447429898226,0.900550961494446
"15014",123.618751232835,-11.6447429898226,0.895000696182251
"15015",123.701067595934,-11.6447429898226,0.888104856014252
"15016",123.783383959033,-11.6447429898226,0.879509389400482
"15017",123.865700322132,-11.6447429898226,0.869309186935425
"15018",123.948016685232,-11.6447429898226,0.857462227344513
"15019",124.030333048331,-11.6447429898226,0.844095885753632
"15020",124.11264941143,-11.6447429898226,0.829270660877228
"15021",124.19496577453,-11.6447429898226,0.813052594661713
"15022",124.277282137629,-11.6447429898226,0.795674920082092
"15023",124.359598500728,-11.6447429898226,0.777196884155273
"15024",124.441914863827,-11.6447429898226,0.757822096347809
"15025",124.524231226927,-11.6447429898226,0.737703263759613
"15026",124.606547590026,-11.6447429898226,0.716952204704285
"15027",124.688863953125,-11.6447429898226,0.695687592029572
"15028",124.771180316225,-11.6447429898226,0.674120604991913
"15029",124.853496679324,-11.6447429898226,0.652330696582794
"15030",124.935813042423,-11.6447429898226,0.630370616912842
"15031",125.018129405522,-11.6447429898226,0.608392059803009
"15032",125.100445768622,-11.6447429898226,0.586422324180603
"15033",125.182762131721,-11.6447429898226,0.564487457275391
"15034",125.26507849482,-11.6447429898226,0.54276043176651
"15035",125.34739485792,-11.6447429898226,0.521175622940063
"15036",125.429711221019,-11.6447429898226,0.49978569149971
"15037",125.512027584118,-11.6447429898226,0.47860524058342
"15038",125.594343947217,-11.6447429898226,0.457740396261215
"15039",125.676660310317,-11.6447429898226,0.43712505698204
"15040",125.758976673416,-11.6447429898226,0.416841566562653
"15041",125.841293036515,-11.6447429898226,0.396864712238312
"15042",125.923609399615,-11.6447429898226,0.37717342376709
"15043",126.005925762714,-11.6447429898226,0.357805669307709
"15044",126.088242125813,-11.6447429898226,0.338766843080521
"15045",126.170558488912,-11.6447429898226,0.319992512464523
"15046",126.252874852012,-11.6447429898226,0.301566243171692
"15047",126.335191215111,-11.6447429898226,0.28345000743866
"15048",126.41750757821,-11.6447429898226,0.26562511920929
"15049",126.49982394131,-11.6447429898226,0.248063325881958
"15050",126.582140304409,-11.6447429898226,0.230817571282387
"15051",126.664456667508,-11.6447429898226,0.21385782957077
"15052",126.746773030607,-11.6447429898226,0.197088569402695
"15053",126.829089393707,-11.6447429898226,0.180639684200287
"15054",126.911405756806,-11.6447429898226,0.164496451616287
"15055",126.993722119905,-11.6447429898226,0.148597583174706
"15056",127.076038483004,-11.6447429898226,0.132911026477814
"15057",127.158354846104,-11.6447429898226,0.11744400113821
"15058",127.240671209203,-11.6447429898226,0.102270528674126
"15059",127.322987572302,-11.6447429898226,0.0872295796871185
"15060",127.405303935402,-11.6447429898226,0.0724830105900764
"15061",127.487620298501,-11.6447429898226,0.0579317584633827
"15062",127.5699366616,-11.6447429898226,0.0435833111405373
"15063",127.652253024699,-11.6447429898226,0.0294076334685087
"15064",127.734569387799,-11.6447429898226,0.0157497357577085
"15065",127.816885750898,-11.6447429898226,0.00479729752987623
"15066",127.899202113997,-11.6447429898226,0
"15067",127.981518477097,-11.6447429898226,0
"15068",128.063834840196,-11.6447429898226,0
"15069",128.146151203295,-11.6447429898226,0
"15070",128.228467566394,-11.6447429898226,0
"15071",128.310783929494,-11.6447429898226,0
"15072",128.393100292593,-11.6447429898226,0
"15073",128.475416655692,-11.6447429898226,0
"15074",128.557733018792,-11.6447429898226,0
"15075",128.640049381891,-11.6447429898226,0
"15076",128.72236574499,-11.6447429898226,0
"15077",128.804682108089,-11.6447429898226,0
"15078",128.886998471189,-11.6447429898226,0
"15079",128.969314834288,-11.6447429898226,0
"15080",129.051631197387,-11.6447429898226,0
"15081",129.133947560487,-11.6447429898226,0
"15082",129.216263923586,-11.6447429898226,0
"15083",129.298580286685,-11.6447429898226,0
"15084",129.380896649784,-11.6447429898226,0
"15085",129.463213012884,-11.6447429898226,0
"15086",129.545529375983,-11.6447429898226,0
"15087",129.627845739082,-11.6447429898226,0
"15088",129.710162102182,-11.6447429898226,0
"15089",129.792478465281,-11.6447429898226,0
"15090",129.87479482838,-11.6447429898226,0
"15091",129.957111191479,-11.6447429898226,0
"15292",123.04253669114,-11.7270593529219,0.908693432807922
"15293",123.124853054239,-11.7270593529219,0.908242225646973
"15294",123.207169417338,-11.7270593529219,0.907369911670685
"15295",123.289485780437,-11.7270593529219,0.906251490116119
"15296",123.371802143537,-11.7270593529219,0.904569923877716
"15297",123.454118506636,-11.7270593529219,0.901887536048889
"15298",123.536434869735,-11.7270593529219,0.897966325283051
"15299",123.618751232835,-11.7270593529219,0.892545402050018
"15300",123.701067595934,-11.7270593529219,0.885560274124146
"15301",123.783383959033,-11.7270593529219,0.876789391040802
"15302",123.865700322132,-11.7270593529219,0.866199016571045
"15303",123.948016685232,-11.7270593529219,0.853822588920593
"15304",124.030333048331,-11.7270593529219,0.839761793613434
"15305",124.11264941143,-11.7270593529219,0.82411915063858
"15306",124.19496577453,-11.7270593529219,0.807076752185822
"15307",124.277282137629,-11.7270593529219,0.788780570030212
"15308",124.359598500728,-11.7270593529219,0.769416332244873
"15309",124.441914863827,-11.7270593529219,0.749132394790649
"15310",124.524231226927,-11.7270593529219,0.728090345859528
"15311",124.606547590026,-11.7270593529219,0.706478536128998
"15312",124.688863953125,-11.7270593529219,0.684414029121399
"15313",124.771180316225,-11.7270593529219,0.662093698978424
"15314",124.853496679324,-11.7270593529219,0.639620423316956
"15315",124.935813042423,-11.7270593529219,0.617021143436432
"15316",125.018129405522,-11.7270593529219,0.594455420970917
"15317",125.100445768622,-11.7270593529219,0.571992516517639
"15318",125.182762131721,-11.7270593529219,0.549647629261017
"15319",125.26507849482,-11.7270593529219,0.527482807636261
"15320",125.34739485792,-11.7270593529219,0.505577623844147
"15321",125.429711221019,-11.7270593529219,0.483978748321533
"15322",125.512027584118,-11.7270593529219,0.462515205144882
"15323",125.594343947217,-11.7270593529219,0.44143357872963
"15324",125.676660310317,-11.7270593529219,0.420689791440964
"15325",125.758976673416,-11.7270593529219,0.400250762701035
"15326",125.841293036515,-11.7270593529219,0.38019135594368
"15327",125.923609399615,-11.7270593529219,0.360465615987778
"15328",126.005925762714,-11.7270593529219,0.341023057699203
"15329",126.088242125813,-11.7270593529219,0.321956694126129
"15330",126.170558488912,-11.7270593529219,0.303208231925964
"15331",126.252874852012,-11.7270593529219,0.284785568714142
"15332",126.335191215111,-11.7270593529219,0.266732931137085
"15333",126.41750757821,-11.7270593529219,0.248938873410225
"15334",126.49982394131,-11.7270593529219,0.231457054615021
"15335",126.582140304409,-11.7270593529219,0.214297086000443
"15336",126.664456667508,-11.7270593529219,0.197393983602524
"15337",126.746773030607,-11.7270593529219,0.180771619081497
"15338",126.829089393707,-11.7270593529219,0.164426192641258
"15339",126.911405756806,-11.7270593529219,0.148331269621849
"15340",126.993722119905,-11.7270593529219,0.132573783397675
"15341",127.076038483004,-11.7270593529219,0.11702337116003
"15342",127.158354846104,-11.7270593529219,0.101680539548397
"15343",127.240671209203,-11.7270593529219,0.0866260603070259
"15344",127.322987572302,-11.7270593529219,0.0717164576053619
"15345",127.405303935402,-11.7270593529219,0.0570556633174419
"15346",127.487620298501,-11.7270593529219,0.0426621325314045
"15347",127.5699366616,-11.7270593529219,0.0283894594758749
"15348",127.652253024699,-11.7270593529219,0.014833003282547
"15349",127.734569387799,-11.7270593529219,0.00429857568815351
"15350",127.816885750898,-11.7270593529219,0
"15351",127.899202113997,-11.7270593529219,0
"15352",127.981518477097,-11.7270593529219,0
"15353",128.063834840196,-11.7270593529219,0
"15354",128.146151203295,-11.7270593529219,0
"15355",128.228467566394,-11.7270593529219,0
"15356",128.310783929494,-11.7270593529219,0
"15357",128.393100292593,-11.7270593529219,0
"15358",128.475416655692,-11.7270593529219,0
"15359",128.557733018792,-11.7270593529219,0
"15360",128.640049381891,-11.7270593529219,0
"15361",128.72236574499,-11.7270593529219,0
"15362",128.804682108089,-11.7270593529219,0
"15363",128.886998471189,-11.7270593529219,0
"15364",128.969314834288,-11.7270593529219,0
"15365",129.051631197387,-11.7270593529219,0
"15366",129.133947560487,-11.7270593529219,0
"15367",129.216263923586,-11.7270593529219,0
"15368",129.298580286685,-11.7270593529219,0
"15369",129.380896649784,-11.7270593529219,0
"15370",129.463213012884,-11.7270593529219,0
"15371",129.545529375983,-11.7270593529219,0
"15372",129.627845739082,-11.7270593529219,0
"15373",129.710162102182,-11.7270593529219,0
"15374",129.792478465281,-11.7270593529219,0
"15375",129.87479482838,-11.7270593529219,0
"15376",129.957111191479,-11.7270593529219,0
"15573",122.713271238742,-11.8093757160212,0.910126984119415
"15575",122.877903964941,-11.8093757160212,0.906514465808868
"15576",122.96022032804,-11.8093757160212,0.905106484889984
"15577",123.04253669114,-11.8093757160212,0.903811812400818
"15578",123.124853054239,-11.8093757160212,0.903337776660919
"15579",123.207169417338,-11.8093757160212,0.903252601623535
"15580",123.289485780437,-11.8093757160212,0.902886927127838
"15581",123.371802143537,-11.8093757160212,0.901620924472809
"15582",123.454118506636,-11.8093757160212,0.899389207363129
"15583",123.536434869735,-11.8093757160212,0.895668804645538
"15584",123.618751232835,-11.8093757160212,0.89042741060257
"15585",123.701067595934,-11.8093757160212,0.883314371109009
"15586",123.783383959033,-11.8093757160212,0.874254465103149
"15587",123.865700322132,-11.8093757160212,0.863207995891571
"15588",123.948016685232,-11.8093757160212,0.850188791751862
"15589",124.030333048331,-11.8093757160212,0.835309386253357
"15590",124.11264941143,-11.8093757160212,0.818775475025177
"15591",124.19496577453,-11.8093757160212,0.800840139389038
"15592",124.277282137629,-11.8093757160212,0.781503617763519
"15593",124.359598500728,-11.8093757160212,0.761074721813202
"15594",124.441914863827,-11.8093757160212,0.739736795425415
"15595",124.524231226927,-11.8093757160212,0.717740893363953
"15596",124.606547590026,-11.8093757160212,0.695242762565613
"15597",124.688863953125,-11.8093757160212,0.672334849834442
"15598",124.771180316225,-11.8093757160212,0.649247229099274
"15599",124.853496679324,-11.8093757160212,0.626047134399414
"15600",124.935813042423,-11.8093757160212,0.602803170681
"15601",125.018129405522,-11.8093757160212,0.579678475856781
"15602",125.100445768622,-11.8093757160212,0.556741178035736
"15603",125.182762131721,-11.8093757160212,0.533959031105042
"15604",125.26507849482,-11.8093757160212,0.511418044567108
"15605",125.34739485792,-11.8093757160212,0.489259719848633
"15606",125.429711221019,-11.8093757160212,0.467344522476196
"15607",125.512027584118,-11.8093757160212,0.445816397666931
"15608",125.594343947217,-11.8093757160212,0.424555420875549
"15609",125.676660310317,-11.8093757160212,0.403669953346252
"15610",125.758976673416,-11.8093757160212,0.383137851953506
"15611",125.841293036515,-11.8093757160212,0.363003045320511
"15612",125.923609399615,-11.8093757160212,0.343237459659576
"15613",126.005925762714,-11.8093757160212,0.32381933927536
"15614",126.088242125813,-11.8093757160212,0.304779410362244
"15615",126.170558488912,-11.8093757160212,0.286069452762604
"15616",126.252874852012,-11.8093757160212,0.2677081823349
"15617",126.335191215111,-11.8093757160212,0.249694153666496
"15618",126.41750757821,-11.8093757160212,0.232002213597298
"15619",126.49982394131,-11.8093757160212,0.21465639770031
"15620",126.582140304409,-11.8093757160212,0.197564020752907
"15621",126.664456667508,-11.8093757160212,0.180779054760933
"15622",126.746773030607,-11.8093757160212,0.164260700345039
"15623",126.829089393707,-11.8093757160212,0.148025721311569
"15624",126.911405756806,-11.8093757160212,0.132031694054604
"15625",126.993722119905,-11.8093757160212,0.116412118077278
"15626",127.076038483004,-11.8093757160212,0.100916735827923
"15627",127.158354846104,-11.8093757160212,0.0857768058776855
"15628",127.240671209203,-11.8093757160212,0.0708171054720879
"15629",127.322987572302,-11.8093757160212,0.0560690648853779
"15630",127.405303935402,-11.8093757160212,0.0415746755897999
"15631",127.487620298501,-11.8093757160212,0.0272606499493122
"15632",127.5699366616,-11.8093757160212,0.013751108199358
"15633",127.652253024699,-11.8093757160212,0.00381961464881897
"15634",127.734569387799,-11.8093757160212,0
"15635",127.816885750898,-11.8093757160212,0
"15636",127.899202113997,-11.8093757160212,0
"15637",127.981518477097,-11.8093757160212,0
"15638",128.063834840196,-11.8093757160212,0
"15639",128.146151203295,-11.8093757160212,0
"15640",128.228467566394,-11.8093757160212,0
"15641",128.310783929494,-11.8093757160212,0
"15642",128.393100292593,-11.8093757160212,0
"15643",128.475416655692,-11.8093757160212,0
"15644",128.557733018792,-11.8093757160212,0
"15645",128.640049381891,-11.8093757160212,0
"15646",128.72236574499,-11.8093757160212,0
"15647",128.804682108089,-11.8093757160212,0
"15648",128.886998471189,-11.8093757160212,0
"15649",128.969314834288,-11.8093757160212,0
"15650",129.051631197387,-11.8093757160212,0
"15651",129.133947560487,-11.8093757160212,0
"15652",129.216263923586,-11.8093757160212,0
"15653",129.298580286685,-11.8093757160212,0
"15654",129.380896649784,-11.8093757160212,0
"15655",129.463213012884,-11.8093757160212,0
"15656",129.545529375983,-11.8093757160212,0
"15657",129.627845739082,-11.8093757160212,0
"15658",129.710162102182,-11.8093757160212,0
"15659",129.792478465281,-11.8093757160212,0
"15660",129.87479482838,-11.8093757160212,0
"15661",129.957111191479,-11.8093757160212,0
"15662",130.039427554579,-11.8093757160212,0
"15857",122.630954875643,-11.8916920791205,0.909804880619049
"15858",122.713271238742,-11.8916920791205,0.907981336116791
"15859",122.795587601842,-11.8916920791205,0.905034244060516
"15860",122.877903964941,-11.8916920791205,0.90191113948822
"15861",122.96022032804,-11.8916920791205,0.899569749832153
"15862",123.04253669114,-11.8916920791205,0.898432731628418
"15863",123.124853054239,-11.8916920791205,0.898717164993286
"15864",123.207169417338,-11.8916920791205,0.89939284324646
"15865",123.289485780437,-11.8916920791205,0.899667859077454
"15866",123.371802143537,-11.8916920791205,0.89905709028244
"15867",123.454118506636,-11.8916920791205,0.897162556648254
"15868",123.536434869735,-11.8916920791205,0.893778264522552
"15869",123.618751232835,-11.8916920791205,0.888576626777649
"15870",123.701067595934,-11.8916920791205,0.881314337253571
"15871",123.783383959033,-11.8916920791205,0.871927678585052
"15872",123.865700322132,-11.8916920791205,0.860251784324646
"15873",123.948016685232,-11.8916920791205,0.846441864967346
"15874",124.030333048331,-11.8916920791205,0.830652356147766
"15875",124.11264941143,-11.8916920791205,0.813098967075348
"15876",124.19496577453,-11.8916920791205,0.793935418128967
"15877",124.277282137629,-11.8916920791205,0.773495316505432
"15878",124.359598500728,-11.8916920791205,0.751931369304657
"15879",124.441914863827,-11.8916920791205,0.729504227638245
"15880",124.524231226927,-11.8916920791205,0.706461012363434
"15881",124.606547590026,-11.8916920791205,0.683055520057678
"15882",124.688863953125,-11.8916920791205,0.659323394298553
"15883",124.771180316225,-11.8916920791205,0.635456562042236
"15884",124.853496679324,-11.8916920791205,0.611573040485382
"15885",124.935813042423,-11.8916920791205,0.58770364522934
"15886",125.018129405522,-11.8916920791205,0.564110696315765
"15887",125.100445768622,-11.8916920791205,0.540694534778595
"15888",125.182762131721,-11.8916920791205,0.517557084560394
"15889",125.26507849482,-11.8916920791205,0.494748473167419
"15890",125.34739485792,-11.8916920791205,0.472263097763062
"15891",125.429711221019,-11.8916920791205,0.450111240148544
"15892",125.512027584118,-11.8916920791205,0.428357690572739
"15893",125.594343947217,-11.8916920791205,0.407007843255997
"15894",125.676660310317,-11.8916920791205,0.386011928319931
"15895",125.758976673416,-11.8916920791205,0.365452021360397
"15896",125.841293036515,-11.8916920791205,0.345324277877808
"15897",125.923609399615,-11.8916920791205,0.325553625822067
"15898",126.005925762714,-11.8916920791205,0.30616569519043
"15899",126.088242125813,-11.8916920791205,0.287196278572083
"15900",126.170558488912,-11.8916920791205,0.268555551767349
"15901",126.252874852012,-11.8916920791205,0.250251680612564
"15902",126.335191215111,-11.8916920791205,0.232318639755249
"15903",126.41750757821,-11.8916920791205,0.214728534221649
"15904",126.49982394131,-11.8916920791205,0.197454303503036
"15905",126.582140304409,-11.8916920791205,0.180520445108414
"15906",126.664456667508,-11.8916920791205,0.163854271173477
"15907",126.746773030607,-11.8916920791205,0.1474928855896
"15908",126.829089393707,-11.8916920791205,0.131463512778282
"15909",126.911405756806,-11.8916920791205,0.115555718541145
"15910",126.993722119905,-11.8916920791205,0.100035779178143
"15911",127.076038483004,-11.8916920791205,0.0846886485815048
"15912",127.158354846104,-11.8916920791205,0.0697165876626968
"15913",127.240671209203,-11.8916920791205,0.0549074485898018
"15914",127.322987572302,-11.8916920791205,0.0403208062052727
"15915",127.405303935402,-11.8916920791205,0.0259698983281851
"15916",127.487620298501,-11.8916920791205,0.012580961920321
"15917",127.5699366616,-11.8916920791205,0.00330449244938791
"15918",127.652253024699,-11.8916920791205,0
"15919",127.734569387799,-11.8916920791205,0
"15920",127.816885750898,-11.8916920791205,0
"15921",127.899202113997,-11.8916920791205,0
"15922",127.981518477097,-11.8916920791205,0
"15923",128.063834840196,-11.8916920791205,0
"15924",128.146151203295,-11.8916920791205,0
"15925",128.228467566394,-11.8916920791205,0
"15926",128.310783929494,-11.8916920791205,0
"15927",128.393100292593,-11.8916920791205,0
"15928",128.475416655692,-11.8916920791205,0
"15929",128.557733018792,-11.8916920791205,0
"15930",128.640049381891,-11.8916920791205,0
"15931",128.72236574499,-11.8916920791205,0
"15932",128.804682108089,-11.8916920791205,0
"15933",128.886998471189,-11.8916920791205,0
"15934",128.969314834288,-11.8916920791205,0
"15935",129.051631197387,-11.8916920791205,0
"15936",129.133947560487,-11.8916920791205,0
"15937",129.216263923586,-11.8916920791205,0
"15938",129.298580286685,-11.8916920791205,0
"15939",129.380896649784,-11.8916920791205,0
"15940",129.463213012884,-11.8916920791205,0
"15941",129.545529375983,-11.8916920791205,0
"15942",129.627845739082,-11.8916920791205,0
"15943",129.710162102182,-11.8916920791205,0
"15944",129.792478465281,-11.8916920791205,0
"15945",129.87479482838,-11.8916920791205,0
"15946",129.957111191479,-11.8916920791205,0
"15947",130.039427554579,-11.8916920791205,0
"16141",122.548638512544,-11.9740084422198,0.910419166088104
"16142",122.630954875643,-11.9740084422198,0.907814502716064
"16143",122.713271238742,-11.9740084422198,0.904150426387787
"16144",122.795587601842,-11.9740084422198,0.900456786155701
"16145",122.877903964941,-11.9740084422198,0.897156476974487
"16146",122.96022032804,-11.9740084422198,0.89449417591095
"16147",123.04253669114,-11.9740084422198,0.893239974975586
"16148",123.124853054239,-11.9740084422198,0.894400894641876
"16149",123.207169417338,-11.9740084422198,0.896079242229462
"16150",123.289485780437,-11.9740084422198,0.897002220153809
"16151",123.371802143537,-11.9740084422198,0.896789968013763
"16152",123.454118506636,-11.9740084422198,0.895199537277222
"16153",123.536434869735,-11.9740084422198,0.892091810703278
"16154",123.618751232835,-11.9740084422198,0.886959195137024
"16155",123.701067595934,-11.9740084422198,0.879580557346344
"16156",123.783383959033,-11.9740084422198,0.869703829288483
"16157",123.865700322132,-11.9740084422198,0.857279896736145
"16158",123.948016685232,-11.9740084422198,0.842501580715179
"16159",124.030333048331,-11.9740084422198,0.825573325157166
"16160",124.11264941143,-11.9740084422198,0.806758999824524
"16161",124.19496577453,-11.9740084422198,0.786384165287018
"16162",124.277282137629,-11.9740084422198,0.764731466770172
"16163",124.359598500728,-11.9740084422198,0.741969883441925
"16164",124.441914863827,-11.9740084422198,0.718414068222046
"16165",124.524231226927,-11.9740084422198,0.694310963153839
"16166",124.606547590026,-11.9740084422198,0.669895529747009
"16167",124.688863953125,-11.9740084422198,0.645254254341125
"16168",124.771180316225,-11.9740084422198,0.620586335659027
"16169",124.853496679324,-11.9740084422198,0.596080660820007
"16170",124.935813042423,-11.9740084422198,0.571628034114838
"16171",125.018129405522,-11.9740084422198,0.547526240348816
"16172",125.100445768622,-11.9740084422198,0.523644745349884
"16173",125.182762131721,-11.9740084422198,0.500179946422577
"16174",125.26507849482,-11.9740084422198,0.477115780115128
"16175",125.34739485792,-11.9740084422198,0.454421699047089
"16176",125.429711221019,-11.9740084422198,0.432145535945892
"16177",125.512027584118,-11.9740084422198,0.410262614488602
"16178",125.594343947217,-11.9740084422198,0.388797581195831
"16179",125.676660310317,-11.9740084422198,0.367802560329437
"16180",125.758976673416,-11.9740084422198,0.347256362438202
"16181",125.841293036515,-11.9740084422198,0.327124446630478
"16182",125.923609399615,-11.9740084422198,0.307403683662415
"16183",126.005925762714,-11.9740084422198,0.288089692592621
"16184",126.088242125813,-11.9740084422198,0.269185990095139
"16185",126.170558488912,-11.9740084422198,0.25063019990921
"16186",126.252874852012,-11.9740084422198,0.232466265559196
"16187",126.335191215111,-11.9740084422198,0.214650988578796
"16188",126.41750757821,-11.9740084422198,0.197189047932625
"16189",126.49982394131,-11.9740084422198,0.180017471313477
"16190",126.582140304409,-11.9740084422198,0.163259938359261
"16191",126.664456667508,-11.9740084422198,0.146736189723015
"16192",126.746773030607,-11.9740084422198,0.130566224455833
"16193",126.829089393707,-11.9740084422198,0.114559829235077
"16194",126.911405756806,-11.9740084422198,0.0989135354757309
"16195",126.993722119905,-11.9740084422198,0.0835485905408859
"16196",127.076038483004,-11.9740084422198,0.0684200897812843
"16197",127.158354846104,-11.9740084422198,0.0535445548593998
"16198",127.240671209203,-11.9740084422198,0.0389087647199631
"16199",127.322987572302,-11.9740084422198,0.0244527496397495
"16200",127.405303935402,-11.9740084422198,0.0112804556265473
"16201",127.487620298501,-11.9740084422198,0.00276347855105996
"16202",127.5699366616,-11.9740084422198,0
"16203",127.652253024699,-11.9740084422198,0
"16204",127.734569387799,-11.9740084422198,0
"16205",127.816885750898,-11.9740084422198,0
"16206",127.899202113997,-11.9740084422198,0
"16207",127.981518477097,-11.9740084422198,0
"16208",128.063834840196,-11.9740084422198,0
"16209",128.146151203295,-11.9740084422198,0
"16210",128.228467566394,-11.9740084422198,0
"16211",128.310783929494,-11.9740084422198,0
"16212",128.393100292593,-11.9740084422198,0
"16213",128.475416655692,-11.9740084422198,0
"16214",128.557733018792,-11.9740084422198,0
"16215",128.640049381891,-11.9740084422198,0
"16216",128.72236574499,-11.9740084422198,0
"16217",128.804682108089,-11.9740084422198,0
"16218",128.886998471189,-11.9740084422198,0
"16219",128.969314834288,-11.9740084422198,0
"16220",129.051631197387,-11.9740084422198,0
"16221",129.133947560487,-11.9740084422198,0
"16222",129.216263923586,-11.9740084422198,0
"16223",129.298580286685,-11.9740084422198,0
"16224",129.380896649784,-11.9740084422198,0
"16225",129.463213012884,-11.9740084422198,0
"16226",129.545529375983,-11.9740084422198,0
"16227",129.627845739082,-11.9740084422198,0
"16228",129.710162102182,-11.9740084422198,0
"16229",129.792478465281,-11.9740084422198,0
"16230",129.87479482838,-11.9740084422198,0
"16231",129.957111191479,-11.9740084422198,0
"16232",130.039427554579,-11.9740084422198,0
"16425",122.466322149445,-12.0563248053191,0.911247313022614
"16426",122.548638512544,-12.0563248053191,0.908299803733826
"16427",122.630954875643,-12.0563248053191,0.904529869556427
"16428",122.713271238742,-12.0563248053191,0.90050745010376
"16429",122.795587601842,-12.0563248053191,0.896781980991364
"16430",122.877903964941,-12.0563248053191,0.893452346324921
"16431",122.96022032804,-12.0563248053191,0.890580892562866
"16432",123.04253669114,-12.0563248053191,0.888872444629669
"16433",123.124853054239,-12.0563248053191,0.890496850013733
"16434",123.207169417338,-12.0563248053191,0.893243670463562
"16435",123.289485780437,-12.0563248053191,0.894784390926361
"16436",123.371802143537,-12.0563248053191,0.894845902919769
"16437",123.454118506636,-12.0563248053191,0.893509745597839
"16438",123.536434869735,-12.0563248053191,0.890631198883057
"16439",123.618751232835,-12.0563248053191,0.885587155818939
"16440",123.701067595934,-12.0563248053191,0.877974390983582
"16441",123.783383959033,-12.0563248053191,0.867458641529083
"16442",123.865700322132,-12.0563248053191,0.854108095169067
"16443",123.948016685232,-12.0563248053191,0.838188827037811
"16444",124.030333048331,-12.0563248053191,0.819937229156494
"16445",124.11264941143,-12.0563248053191,0.799782454967499
"16446",124.19496577453,-12.0563248053191,0.777992129325867
"16447",124.277282137629,-12.0563248053191,0.754903197288513
"16448",124.359598500728,-12.0563248053191,0.730874180793762
"16449",124.441914863827,-12.0563248053191,0.706141710281372
"16450",124.524231226927,-12.0563248053191,0.680968403816223
"16451",124.606547590026,-12.0563248053191,0.655568897724152
"16452",124.688863953125,-12.0563248053191,0.630050599575043
"16453",124.771180316225,-12.0563248053191,0.604635417461395
"16454",124.853496679324,-12.0563248053191,0.579477906227112
"16455",124.935813042423,-12.0563248053191,0.554491221904755
"16456",125.018129405522,-12.0563248053191,0.529954433441162
"16457",125.100445768622,-12.0563248053191,0.50573718547821
"16458",125.182762131721,-12.0563248053191,0.48200336098671
"16459",125.26507849482,-12.0563248053191,0.458648711442947
"16460",125.34739485792,-12.0563248053191,0.435810178518295
"16461",125.429711221019,-12.0563248053191,0.413419961929321
"16462",125.512027584118,-12.0563248053191,0.39149409532547
"16463",125.594343947217,-12.0563248053191,0.369991540908813
"16464",125.676660310317,-12.0563248053191,0.34900963306427
"16465",125.758976673416,-12.0563248053191,0.328528046607971
"16466",125.841293036515,-12.0563248053191,0.308444976806641
"16467",125.923609399615,-12.0563248053191,0.288803726434708
"16468",126.005925762714,-12.0563248053191,0.269565373659134
"16469",126.088242125813,-12.0563248053191,0.250761955976486
"16470",126.170558488912,-12.0563248053191,0.232353061437607
"16471",126.252874852012,-12.0563248053191,0.214320361614227
"16472",126.335191215111,-12.0563248053191,0.196656912565231
"16473",126.41750757821,-12.0563248053191,0.179371625185013
"16474",126.49982394131,-12.0563248053191,0.162395671010017
"16475",126.582140304409,-12.0563248053191,0.145754367113113
"16476",126.664456667508,-12.0563248053191,0.129407867789268
"16477",126.746773030607,-12.0563248053191,0.113460309803486
"16478",126.829089393707,-12.0563248053191,0.0976306647062302
"16479",126.911405756806,-12.0563248053191,0.0821351781487465
"16480",126.993722119905,-12.0563248053191,0.0669402852654457
"16481",127.076038483004,-12.0563248053191,0.0519773066043854
"16482",127.158354846104,-12.0563248053191,0.037268977612257
"16483",127.240671209203,-12.0563248053191,0.0227968338876963
"16484",127.322987572302,-12.0563248053191,0.0098944827914238
"16485",127.405303935402,-12.0563248053191,0.00221798196434975
"16486",127.487620298501,-12.0563248053191,0
"16487",127.5699366616,-12.0563248053191,0
"16488",127.652253024699,-12.0563248053191,0
"16489",127.734569387799,-12.0563248053191,0
"16490",127.816885750898,-12.0563248053191,0
"16491",127.899202113997,-12.0563248053191,0
"16492",127.981518477097,-12.0563248053191,0
"16493",128.063834840196,-12.0563248053191,0
"16494",128.146151203295,-12.0563248053191,0
"16495",128.228467566394,-12.0563248053191,0
"16496",128.310783929494,-12.0563248053191,0
"16497",128.393100292593,-12.0563248053191,0
"16498",128.475416655692,-12.0563248053191,0
"16499",128.557733018792,-12.0563248053191,0
"16500",128.640049381891,-12.0563248053191,0
"16501",128.72236574499,-12.0563248053191,0
"16502",128.804682108089,-12.0563248053191,0
"16503",128.886998471189,-12.0563248053191,0
"16504",128.969314834288,-12.0563248053191,0
"16505",129.051631197387,-12.0563248053191,0
"16506",129.133947560487,-12.0563248053191,0
"16507",129.216263923586,-12.0563248053191,0
"16508",129.298580286685,-12.0563248053191,0
"16509",129.380896649784,-12.0563248053191,0
"16510",129.463213012884,-12.0563248053191,0
"16511",129.545529375983,-12.0563248053191,0
"16512",129.627845739082,-12.0563248053191,0
"16513",129.710162102182,-12.0563248053191,0
"16514",129.792478465281,-12.0563248053191,0
"16515",129.87479482838,-12.0563248053191,0
"16516",129.957111191479,-12.0563248053191,0
"16517",130.039427554579,-12.0563248053191,0
"16710",122.466322149445,-12.1386411684184,0.908695936203003
"16711",122.548638512544,-12.1386411684184,0.905171751976013
"16712",122.630954875643,-12.1386411684184,0.901441156864166
"16713",122.713271238742,-12.1386411684184,0.897748708724976
"16714",122.795587601842,-12.1386411684184,0.894282341003418
"16715",122.877903964941,-12.1386411684184,0.891137421131134
"16716",122.96022032804,-12.1386411684184,0.888513505458832
"16717",123.04253669114,-12.1386411684184,0.886903464794159
"16718",123.124853054239,-12.1386411684184,0.887242436408997
"16719",123.207169417338,-12.1386411684184,0.891022026538849
"16720",123.289485780437,-12.1386411684184,0.892644882202148
"16721",123.371802143537,-12.1386411684184,0.892794072628021
"16722",123.454118506636,-12.1386411684184,0.891895592212677
"16723",123.536434869735,-12.1386411684184,0.889402866363525
"16724",123.618751232835,-12.1386411684184,0.884491562843323
"16725",123.701067595934,-12.1386411684184,0.87652063369751
"16726",123.783383959033,-12.1386411684184,0.865174293518066
"16727",123.865700322132,-12.1386411684184,0.850646197795868
"16728",123.948016685232,-12.1386411684184,0.833241403102875
"16729",124.030333048331,-12.1386411684184,0.81344074010849
"16730",124.11264941143,-12.1386411684184,0.791695296764374
"16731",124.19496577453,-12.1386411684184,0.76835960149765
"16732",124.277282137629,-12.1386411684184,0.743838429450989
"16733",124.359598500728,-12.1386411684184,0.718474268913269
"16734",124.441914863827,-12.1386411684184,0.692526280879974
"16735",124.524231226927,-12.1386411684184,0.666212379932404
"16736",124.606547590026,-12.1386411684184,0.639826714992523
"16737",124.688863953125,-12.1386411684184,0.613555729389191
"16738",124.771180316225,-12.1386411684184,0.587448716163635
"16739",124.853496679324,-12.1386411684184,0.56162703037262
"16740",124.935813042423,-12.1386411684184,0.536256730556488
"16741",125.018129405522,-12.1386411684184,0.51130872964859
"16742",125.100445768622,-12.1386411684184,0.486790806055069
"16743",125.182762131721,-12.1386411684184,0.462840169668198
"16744",125.26507849482,-12.1386411684184,0.439349174499512
"16745",125.34739485792,-12.1386411684184,0.416408151388168
"16746",125.429711221019,-12.1386411684184,0.393963217735291
"16747",125.512027584118,-12.1386411684184,0.372017562389374
"16748",125.594343947217,-12.1386411684184,0.350573122501373
"16749",125.676660310317,-12.1386411684184,0.329629629850388
"16750",125.758976673416,-12.1386411684184,0.309214442968369
"16751",125.841293036515,-12.1386411684184,0.289255291223526
"16752",125.923609399615,-12.1386411684184,0.269721657037735
"16753",126.005925762714,-12.1386411684184,0.25063756108284
"16754",126.088242125813,-12.1386411684184,0.232014790177345
"16755",126.170558488912,-12.1386411684184,0.213795855641365
"16756",126.252874852012,-12.1386411684184,0.195904836058617
"16757",126.335191215111,-12.1386411684184,0.178405165672302
"16758",126.41750757821,-12.1386411684184,0.161310330033302
"16759",126.49982394131,-12.1386411684184,0.144558101892471
"16760",126.582140304409,-12.1386411684184,0.128118619322777
"16761",126.664456667508,-12.1386411684184,0.111974954605103
"16762",126.746773030607,-12.1386411684184,0.0961303934454918
"16763",126.829089393707,-12.1386411684184,0.0806065872311592
"16764",126.911405756806,-12.1386411684184,0.0652742013335228
"16765",126.993722119905,-12.1386411684184,0.050285343080759
"16766",127.076038483004,-12.1386411684184,0.0354568250477314
"16767",127.158354846104,-12.1386411684184,0.0209795031696558
"16768",127.240671209203,-12.1386411684184,0.00841263309121132
"16769",127.322987572302,-12.1386411684184,0.0017239791341126
"16770",127.405303935402,-12.1386411684184,0
"16771",127.487620298501,-12.1386411684184,0
"16772",127.5699366616,-12.1386411684184,0
"16773",127.652253024699,-12.1386411684184,0
"16774",127.734569387799,-12.1386411684184,0
"16775",127.816885750898,-12.1386411684184,0
"16776",127.899202113997,-12.1386411684184,0
"16777",127.981518477097,-12.1386411684184,0
"16778",128.063834840196,-12.1386411684184,0
"16779",128.146151203295,-12.1386411684184,0
"16780",128.228467566394,-12.1386411684184,0
"16781",128.310783929494,-12.1386411684184,0
"16782",128.393100292593,-12.1386411684184,0
"16783",128.475416655692,-12.1386411684184,0
"16784",128.557733018792,-12.1386411684184,0
"16785",128.640049381891,-12.1386411684184,0
"16786",128.72236574499,-12.1386411684184,0
"16787",128.804682108089,-12.1386411684184,0
"16788",128.886998471189,-12.1386411684184,0
"16789",128.969314834288,-12.1386411684184,0
"16790",129.051631197387,-12.1386411684184,0
"16791",129.133947560487,-12.1386411684184,0
"16792",129.216263923586,-12.1386411684184,0
"16793",129.298580286685,-12.1386411684184,0
"16794",129.380896649784,-12.1386411684184,0
"16795",129.463213012884,-12.1386411684184,0
"16796",129.545529375983,-12.1386411684184,0
"16797",129.627845739082,-12.1386411684184,0
"16798",129.710162102182,-12.1386411684184,0
"16799",129.792478465281,-12.1386411684184,0
"16800",129.87479482838,-12.1386411684184,0
"16801",129.957111191479,-12.1386411684184,0
"16802",130.039427554579,-12.1386411684184,0
"16803",130.121743917678,-12.1386411684184,0
"16995",122.466322149445,-12.2209575315176,0.905764579772949
"16996",122.548638512544,-12.2209575315176,0.902299821376801
"16997",122.630954875643,-12.2209575315176,0.898946642875671
"16998",122.713271238742,-12.2209575315176,0.895658254623413
"16999",122.795587601842,-12.2209575315176,0.892747700214386
"17000",122.877903964941,-12.2209575315176,0.8901486992836
"17001",122.96022032804,-12.2209575315176,0.888403058052063
"17002",123.04253669114,-12.2209575315176,0.888108432292938
"17003",123.124853054239,-12.2209575315176,0.888812959194183
"17004",123.207169417338,-12.2209575315176,0.88978898525238
"17005",123.289485780437,-12.2209575315176,0.890568196773529
"17006",123.371802143537,-12.2209575315176,0.890694081783295
"17007",123.454118506636,-12.2209575315176,0.890313625335693
"17008",123.536434869735,-12.2209575315176,0.888438761234283
"17009",123.618751232835,-12.2209575315176,0.883696913719177
"17010",123.701067595934,-12.2209575315176,0.875130832195282
"17011",123.783383959033,-12.2209575315176,0.86263382434845
"17012",123.865700322132,-12.2209575315176,0.846532046794891
"17013",123.948016685232,-12.2209575315176,0.827356219291687
"17014",124.030333048331,-12.2209575315176,0.805762469768524
"17015",124.11264941143,-12.2209575315176,0.782287299633026
"17016",124.19496577453,-12.2209575315176,0.75721663236618
"17017",124.277282137629,-12.2209575315176,0.731285691261292
"17018",124.359598500728,-12.2209575315176,0.704476475715637
"17019",124.441914863827,-12.2209575315176,0.677313387393951
"17020",124.524231226927,-12.2209575315176,0.649951159954071
"17021",124.606547590026,-12.2209575315176,0.622684299945831
"17022",124.688863953125,-12.2209575315176,0.59565132856369
"17023",124.771180316225,-12.2209575315176,0.568904876708984
"17024",124.853496679324,-12.2209575315176,0.542546510696411
"17025",124.935813042423,-12.2209575315176,0.516800940036774
"17026",125.018129405522,-12.2209575315176,0.491533041000366
"17027",125.100445768622,-12.2209575315176,0.46679100394249
"17028",125.182762131721,-12.2209575315176,0.442674934864044
"17029",125.26507849482,-12.2209575315176,0.419140815734863
"17030",125.34739485792,-12.2209575315176,0.396144151687622
"17031",125.429711221019,-12.2209575315176,0.373749852180481
"17032",125.512027584118,-12.2209575315176,0.351881742477417
"17033",125.594343947217,-12.2209575315176,0.330514192581177
"17034",125.676660310317,-12.2209575315176,0.309706509113312
"17035",125.758976673416,-12.2209575315176,0.289411008358002
"17036",125.841293036515,-12.2209575315176,0.269595712423325
"17037",125.923609399615,-12.2209575315176,0.250241577625275
"17038",126.005925762714,-12.2209575315176,0.231375187635422
"17039",126.088242125813,-12.2209575315176,0.212917625904083
"17040",126.170558488912,-12.2209575315176,0.194845631718636
"17041",126.252874852012,-12.2209575315176,0.177238687872887
"17042",126.335191215111,-12.2209575315176,0.159941598773003
"17043",126.41750757821,-12.2209575315176,0.143001213669777
"17044",126.49982394131,-12.2209575315176,0.126464873552322
"17045",126.582140304409,-12.2209575315176,0.110215991735458
"17046",126.664456667508,-12.2209575315176,0.0943268015980721
"17047",126.746773030607,-12.2209575315176,0.0787594318389893
"17048",126.829089393707,-12.2209575315176,0.0633869990706444
"17049",126.911405756806,-12.2209575315176,0.0482701510190964
"17050",126.993722119905,-12.2209575315176,0.0334968604147434
"17051",127.076038483004,-12.2209575315176,0.0189003776758909
"17052",127.158354846104,-12.2209575315176,0.00680011417716742
"17053",127.240671209203,-12.2209575315176,0.00125499407295138
"17054",127.322987572302,-12.2209575315176,0
"17055",127.405303935402,-12.2209575315176,0
"17056",127.487620298501,-12.2209575315176,0
"17057",127.5699366616,-12.2209575315176,0
"17058",127.652253024699,-12.2209575315176,0
"17059",127.734569387799,-12.2209575315176,0
"17060",127.816885750898,-12.2209575315176,0
"17061",127.899202113997,-12.2209575315176,0
"17062",127.981518477097,-12.2209575315176,0
"17063",128.063834840196,-12.2209575315176,0
"17064",128.146151203295,-12.2209575315176,0
"17065",128.228467566394,-12.2209575315176,0
"17066",128.310783929494,-12.2209575315176,0
"17067",128.393100292593,-12.2209575315176,0
"17068",128.475416655692,-12.2209575315176,0
"17069",128.557733018792,-12.2209575315176,0
"17070",128.640049381891,-12.2209575315176,0
"17071",128.72236574499,-12.2209575315176,0
"17072",128.804682108089,-12.2209575315176,0
"17073",128.886998471189,-12.2209575315176,0
"17074",128.969314834288,-12.2209575315176,0
"17075",129.051631197387,-12.2209575315176,0
"17076",129.133947560487,-12.2209575315176,0
"17077",129.216263923586,-12.2209575315176,0
"17078",129.298580286685,-12.2209575315176,0
"17079",129.380896649784,-12.2209575315176,0
"17080",129.463213012884,-12.2209575315176,0
"17081",129.545529375983,-12.2209575315176,0
"17082",129.627845739082,-12.2209575315176,0
"17083",129.710162102182,-12.2209575315176,0
"17084",129.792478465281,-12.2209575315176,0
"17085",129.87479482838,-12.2209575315176,0
"17086",129.957111191479,-12.2209575315176,0
"17087",130.039427554579,-12.2209575315176,0
"17088",130.121743917678,-12.2209575315176,0
"17281",122.548638512544,-12.3032738946169,0.899582147598267
"17282",122.630954875643,-12.3032738946169,0.89667683839798
"17283",122.713271238742,-12.3032738946169,0.89396607875824
"17284",122.795587601842,-12.3032738946169,0.891635179519653
"17285",122.877903964941,-12.3032738946169,0.889807641506195
"17286",122.96022032804,-12.3032738946169,0.888832986354828
"17287",123.04253669114,-12.3032738946169,0.888679087162018
"17288",123.124853054239,-12.3032738946169,0.888771176338196
"17289",123.207169417338,-12.3032738946169,0.888783991336823
"17290",123.289485780437,-12.3032738946169,0.888539016246796
"17291",123.371802143537,-12.3032738946169,0.888653635978699
"17292",123.454118506636,-12.3032738946169,0.889091312885284
"17293",123.536434869735,-12.3032738946169,0.888006985187531
"17294",123.618751232835,-12.3032738946169,0.883213877677917
"17295",123.701067595934,-12.3032738946169,0.873565852642059
"17296",123.783383959033,-12.3032738946169,0.859367787837982
"17297",123.865700322132,-12.3032738946169,0.841290473937988
"17298",123.948016685232,-12.3032738946169,0.820060968399048
"17299",124.030333048331,-12.3032738946169,0.796430587768555
"17300",124.11264941143,-12.3032738946169,0.771072924137115
"17301",124.19496577453,-12.3032738946169,0.744357585906982
"17302",124.277282137629,-12.3032738946169,0.716900229454041
"17303",124.359598500728,-12.3032738946169,0.688752591609955
"17304",124.441914863827,-12.3032738946169,0.660336673259735
"17305",124.524231226927,-12.3032738946169,0.631990194320679
"17306",124.606547590026,-12.3032738946169,0.603926241397858
"17307",124.688863953125,-12.3032738946169,0.576168656349182
"17308",124.771180316225,-12.3032738946169,0.548896431922913
"17309",124.853496679324,-12.3032738946169,0.522199153900146
"17310",124.935813042423,-12.3032738946169,0.496105551719666
"17311",125.018129405522,-12.3032738946169,0.470650315284729
"17312",125.100445768622,-12.3032738946169,0.445793986320496
"17313",125.182762131721,-12.3032738946169,0.421608656644821
"17314",125.26507849482,-12.3032738946169,0.398093849420547
"17315",125.34739485792,-12.3032738946169,0.375144124031067
"17316",125.429711221019,-12.3032738946169,0.352813512086868
"17317",125.512027584118,-12.3032738946169,0.331064105033875
"17318",125.594343947217,-12.3032738946169,0.309858173131943
"17319",125.676660310317,-12.3032738946169,0.289215117692947
"17320",125.758976673416,-12.3032738946169,0.26911860704422
"17321",125.841293036515,-12.3032738946169,0.249502211809158
"17322",125.923609399615,-12.3032738946169,0.23039810359478
"17323",126.005925762714,-12.3032738946169,0.211742267012596
"17324",126.088242125813,-12.3032738946169,0.193531259894371
"17325",126.170558488912,-12.3032738946169,0.175694152712822
"17326",126.252874852012,-12.3032738946169,0.158299073576927
"17327",126.335191215111,-12.3032738946169,0.141278117895126
"17328",126.41750757821,-12.3032738946169,0.124578587710857
"17329",126.49982394131,-12.3032738946169,0.108237534761429
"17330",126.582140304409,-12.3032738946169,0.0921954810619354
"17331",126.664456667508,-12.3032738946169,0.0765597820281982
"17332",126.746773030607,-12.3032738946169,0.0611458607017994
"17333",126.829089393707,-12.3032738946169,0.046019159257412
"17334",126.911405756806,-12.3032738946169,0.0312116034328938
"17335",126.993722119905,-12.3032738946169,0.0166422445327044
"17336",127.076038483004,-12.3032738946169,0.00517591554671526
"17337",127.158354846104,-12.3032738946169,0.000818726373836398
"17338",127.240671209203,-12.3032738946169,0
"17339",127.322987572302,-12.3032738946169,0
"17340",127.405303935402,-12.3032738946169,0
"17341",127.487620298501,-12.3032738946169,0
"17342",127.5699366616,-12.3032738946169,0
"17343",127.652253024699,-12.3032738946169,0
"17344",127.734569387799,-12.3032738946169,0
"17345",127.816885750898,-12.3032738946169,0
"17346",127.899202113997,-12.3032738946169,0
"17347",127.981518477097,-12.3032738946169,0
"17348",128.063834840196,-12.3032738946169,0
"17349",128.146151203295,-12.3032738946169,0
"17350",128.228467566394,-12.3032738946169,0
"17351",128.310783929494,-12.3032738946169,0
"17352",128.393100292593,-12.3032738946169,0
"17353",128.475416655692,-12.3032738946169,0
"17354",128.557733018792,-12.3032738946169,0
"17355",128.640049381891,-12.3032738946169,0
"17356",128.72236574499,-12.3032738946169,0
"17357",128.804682108089,-12.3032738946169,0
"17358",128.886998471189,-12.3032738946169,0
"17359",128.969314834288,-12.3032738946169,0
"17360",129.051631197387,-12.3032738946169,0
"17361",129.133947560487,-12.3032738946169,0
"17362",129.216263923586,-12.3032738946169,0
"17363",129.298580286685,-12.3032738946169,0
"17364",129.380896649784,-12.3032738946169,0
"17365",129.463213012884,-12.3032738946169,0
"17366",129.545529375983,-12.3032738946169,0
"17367",129.627845739082,-12.3032738946169,0
"17368",129.710162102182,-12.3032738946169,0
"17369",129.792478465281,-12.3032738946169,0
"17370",129.87479482838,-12.3032738946169,0
"17371",129.957111191479,-12.3032738946169,0
"17372",130.039427554579,-12.3032738946169,0
"17373",130.121743917678,-12.3032738946169,0
"17566",122.548638512544,-12.3855902577162,0.896795868873596
"17567",122.630954875643,-12.3855902577162,0.894378423690796
"17568",122.713271238742,-12.3855902577162,0.892193138599396
"17569",122.795587601842,-12.3855902577162,0.890372097492218
"17570",122.877903964941,-12.3855902577162,0.889082252979279
"17571",122.96022032804,-12.3855902577162,0.888401210308075
"17572",123.04253669114,-12.3855902577162,0.888186275959015
"17573",123.124853054239,-12.3855902577162,0.888085663318634
"17574",123.207169417338,-12.3855902577162,0.887838304042816
"17575",123.289485780437,-12.3855902577162,0.887415111064911
"17576",123.371802143537,-12.3855902577162,0.887435734272003
"17577",123.454118506636,-12.3855902577162,0.888664186000824
"17578",123.536434869735,-12.3855902577162,0.888220548629761
"17579",123.618751232835,-12.3855902577162,0.882719874382019
"17580",123.701067595934,-12.3855902577162,0.871175765991211
"17581",123.783383959033,-12.3855902577162,0.854636311531067
"17582",123.865700322132,-12.3855902577162,0.834196925163269
"17583",123.948016685232,-12.3855902577162,0.810697853565216
"17584",124.030333048331,-12.3855902577162,0.784951984882355
"17585",124.11264941143,-12.3855902577162,0.75766259431839
"17586",124.19496577453,-12.3855902577162,0.729367733001709
"17587",124.277282137629,-12.3855902577162,0.700322210788727
"17588",124.359598500728,-12.3855902577162,0.670925796031952
"17589",124.441914863827,-12.3855902577162,0.641507983207703
"17590",124.524231226927,-12.3855902577162,0.61226224899292
"17591",124.606547590026,-12.3855902577162,0.583433389663696
"17592",124.688863953125,-12.3855902577162,0.555166602134705
"17593",124.771180316225,-12.3855902577162,0.527465522289276
"17594",124.853496679324,-12.3855902577162,0.500457227230072
"17595",124.935813042423,-12.3855902577162,0.474185645580292
"17596",125.018129405522,-12.3855902577162,0.448645263910294
"17597",125.100445768622,-12.3855902577162,0.423769772052765
"17598",125.182762131721,-12.3855902577162,0.399618923664093
"17599",125.26507849482,-12.3855902577162,0.376193970441818
"17600",125.34739485792,-12.3855902577162,0.353346943855286
"17601",125.429711221019,-12.3855902577162,0.331202894449234
"17602",125.512027584118,-12.3855902577162,0.309651285409927
"17603",125.594343947217,-12.3855902577162,0.288677215576172
"17604",125.676660310317,-12.3855902577162,0.268309742212296
"17605",125.758976673416,-12.3855902577162,0.248408600687981
"17606",125.841293036515,-12.3855902577162,0.229038655757904
"17607",125.923609399615,-12.3855902577162,0.210229754447937
"17608",126.005925762714,-12.3855902577162,0.191810190677643
"17609",126.088242125813,-12.3855902577162,0.173847481608391
"17610",126.170558488912,-12.3855902577162,0.156305909156799
"17611",126.252874852012,-12.3855902577162,0.139176398515701
"17612",126.335191215111,-12.3855902577162,0.12237935513258
"17613",126.41750757821,-12.3855902577162,0.105971835553646
"17614",126.49982394131,-12.3855902577162,0.0898804068565369
"17615",126.582140304409,-12.3855902577162,0.0741488188505173
"17616",126.664456667508,-12.3855902577162,0.058764923363924
"17617",126.746773030607,-12.3855902577162,0.0435935594141483
"17618",126.829089393707,-12.3855902577162,0.0287163984030485
"17619",126.911405756806,-12.3855902577162,0.0140448268502951
"17620",126.993722119905,-12.3855902577162,0.00343655631877482
"17621",127.076038483004,-12.3855902577162,0.000483981217257679
"17622",127.158354846104,-12.3855902577162,0
"17623",127.240671209203,-12.3855902577162,0
"17624",127.322987572302,-12.3855902577162,0
"17625",127.405303935402,-12.3855902577162,0
"17626",127.487620298501,-12.3855902577162,0
"17627",127.5699366616,-12.3855902577162,0
"17628",127.652253024699,-12.3855902577162,0
"17629",127.734569387799,-12.3855902577162,0
"17630",127.816885750898,-12.3855902577162,0
"17631",127.899202113997,-12.3855902577162,0
"17632",127.981518477097,-12.3855902577162,0
"17633",128.063834840196,-12.3855902577162,0
"17634",128.146151203295,-12.3855902577162,0
"17635",128.228467566394,-12.3855902577162,0
"17636",128.310783929494,-12.3855902577162,0
"17637",128.393100292593,-12.3855902577162,0
"17638",128.475416655692,-12.3855902577162,0
"17639",128.557733018792,-12.3855902577162,0
"17640",128.640049381891,-12.3855902577162,0
"17641",128.72236574499,-12.3855902577162,0
"17642",128.804682108089,-12.3855902577162,0
"17643",128.886998471189,-12.3855902577162,0
"17644",128.969314834288,-12.3855902577162,0
"17645",129.051631197387,-12.3855902577162,0
"17646",129.133947560487,-12.3855902577162,0
"17647",129.216263923586,-12.3855902577162,0
"17648",129.298580286685,-12.3855902577162,0
"17649",129.380896649784,-12.3855902577162,0
"17650",129.463213012884,-12.3855902577162,0
"17651",129.545529375983,-12.3855902577162,0
"17652",129.627845739082,-12.3855902577162,0
"17653",129.710162102182,-12.3855902577162,0
"17654",129.792478465281,-12.3855902577162,0
"17655",129.87479482838,-12.3855902577162,0
"17656",129.957111191479,-12.3855902577162,0
"17657",130.039427554579,-12.3855902577162,0
"17658",130.121743917678,-12.3855902577162,0
"17659",130.204060280777,-12.3855902577162,0
"17851",122.548638512544,-12.4679066208155,0.893715620040894
"17852",122.630954875643,-12.4679066208155,0.891618430614471
"17853",122.713271238742,-12.4679066208155,0.88986212015152
"17854",122.795587601842,-12.4679066208155,0.888455212116241
"17855",122.877903964941,-12.4679066208155,0.887506008148193
"17856",122.96022032804,-12.4679066208155,0.886961102485657
"17857",123.04253669114,-12.4679066208155,0.886751770973206
"17858",123.124853054239,-12.4679066208155,0.886744678020477
"17859",123.207169417338,-12.4679066208155,0.886763572692871
"17860",123.289485780437,-12.4679066208155,0.886987268924713
"17861",123.371802143537,-12.4679066208155,0.887730419635773
"17862",123.454118506636,-12.4679066208155,0.889129042625427
"17863",123.536434869735,-12.4679066208155,0.88827258348465
"17864",123.618751232835,-12.4679066208155,0.880851745605469
"17865",123.701067595934,-12.4679066208155,0.866558611392975
"17866",123.783383959033,-12.4679066208155,0.847238302230835
"17867",123.865700322132,-12.4679066208155,0.824247479438782
"17868",123.948016685232,-12.4679066208155,0.798548996448517
"17869",124.030333048331,-12.4679066208155,0.770771980285645
"17870",124.11264941143,-12.4679066208155,0.741637289524078
"17871",124.19496577453,-12.4679066208155,0.711707174777985
"17872",124.277282137629,-12.4679066208155,0.681367933750153
"17873",124.359598500728,-12.4679066208155,0.650904595851898
"17874",124.441914863827,-12.4679066208155,0.620562791824341
"17875",124.524231226927,-12.4679066208155,0.590542197227478
"17876",124.606547590026,-12.4679066208155,0.56117171049118
"17877",124.688863953125,-12.4679066208155,0.532501399517059
"17878",124.771180316225,-12.4679066208155,0.504525363445282
"17879",124.853496679324,-12.4679066208155,0.477356940507889
"17880",124.935813042423,-12.4679066208155,0.451031684875488
"17881",125.018129405522,-12.4679066208155,0.42549666762352
"17882",125.100445768622,-12.4679066208155,0.40074160695076
"17883",125.182762131721,-12.4679066208155,0.376731961965561
"17884",125.26507849482,-12.4679066208155,0.353438407182693
"17885",125.34739485792,-12.4679066208155,0.330842018127441
"17886",125.429711221019,-12.4679066208155,0.308944284915924
"17887",125.512027584118,-12.4679066208155,0.287681251764297
"17888",125.594343947217,-12.4679066208155,0.267044723033905
"17889",125.676660310317,-12.4679066208155,0.246858164668083
"17890",125.758976673416,-12.4679066208155,0.227290332317352
"17891",125.841293036515,-12.4679066208155,0.208223983645439
"17892",125.923609399615,-12.4679066208155,0.189696460962296
"17893",126.005925762714,-12.4679066208155,0.171617761254311
"17894",126.088242125813,-12.4679066208155,0.153916120529175
"17895",126.170558488912,-12.4679066208155,0.136687502264977
"17896",126.252874852012,-12.4679066208155,0.119917757809162
"17897",126.335191215111,-12.4679066208155,0.103373289108276
"17898",126.41750757821,-12.4679066208155,0.0872630700469017
"17899",126.49982394131,-12.4679066208155,0.0714885070919991
"17900",126.582140304409,-12.4679066208155,0.0560746341943741
"17901",126.664456667508,-12.4679066208155,0.0408735051751137
"17902",126.746773030607,-12.4679066208155,0.0259966924786568
"17903",126.829089393707,-12.4679066208155,0.0113088674843311
"17904",126.911405756806,-12.4679066208155,0.00169886683579534
"17905",126.993722119905,-12.4679066208155,0.000214582323678769
"17906",127.076038483004,-12.4679066208155,0
"17907",127.158354846104,-12.4679066208155,0
"17908",127.240671209203,-12.4679066208155,0
"17909",127.322987572302,-12.4679066208155,0
"17910",127.405303935402,-12.4679066208155,0
"17911",127.487620298501,-12.4679066208155,0
"17912",127.5699366616,-12.4679066208155,0
"17913",127.652253024699,-12.4679066208155,0
"17914",127.734569387799,-12.4679066208155,0
"17915",127.816885750898,-12.4679066208155,0
"17916",127.899202113997,-12.4679066208155,0
"17917",127.981518477097,-12.4679066208155,0
"17918",128.063834840196,-12.4679066208155,0
"17919",128.146151203295,-12.4679066208155,0
"17920",128.228467566394,-12.4679066208155,0
"17921",128.310783929494,-12.4679066208155,0
"17922",128.393100292593,-12.4679066208155,0
"17923",128.475416655692,-12.4679066208155,0
"17924",128.557733018792,-12.4679066208155,0
"17925",128.640049381891,-12.4679066208155,0
"17926",128.72236574499,-12.4679066208155,0
"17927",128.804682108089,-12.4679066208155,0
"17928",128.886998471189,-12.4679066208155,0
"17929",128.969314834288,-12.4679066208155,0
"17930",129.051631197387,-12.4679066208155,0
"17931",129.133947560487,-12.4679066208155,0
"17932",129.216263923586,-12.4679066208155,0
"17933",129.298580286685,-12.4679066208155,0
"17934",129.380896649784,-12.4679066208155,0
"17935",129.463213012884,-12.4679066208155,0
"17936",129.545529375983,-12.4679066208155,0
"17937",129.627845739082,-12.4679066208155,0
"17938",129.710162102182,-12.4679066208155,0
"17939",129.792478465281,-12.4679066208155,0
"17940",129.87479482838,-12.4679066208155,0
"17941",129.957111191479,-12.4679066208155,0
"17942",130.039427554579,-12.4679066208155,0
"17943",130.121743917678,-12.4679066208155,0
"17944",130.204060280777,-12.4679066208155,0
"17945",130.286376643877,-12.4679066208155,0
"18136",122.548638512544,-12.5502229839148,0.889985322952271
"18137",122.630954875643,-12.5502229839148,0.888183176517487
"18138",122.713271238742,-12.5502229839148,0.88666558265686
"18139",122.795587601842,-12.5502229839148,0.885542809963226
"18140",122.877903964941,-12.5502229839148,0.884765088558197
"18141",122.96022032804,-12.5502229839148,0.88426262140274
"18142",123.04253669114,-12.5502229839148,0.88406902551651
"18143",123.124853054239,-12.5502229839148,0.884113729000092
"18144",123.207169417338,-12.5502229839148,0.884429395198822
"18145",123.289485780437,-12.5502229839148,0.885101675987244
"18146",123.371802143537,-12.5502229839148,0.885969042778015
"18147",123.454118506636,-12.5502229839148,0.886624693870544
"18148",123.536434869735,-12.5502229839148,0.884273827075958
"18149",123.618751232835,-12.5502229839148,0.87435382604599
"18150",123.701067595934,-12.5502229839148,0.857514262199402
"18151",123.783383959033,-12.5502229839148,0.835718393325806
"18152",123.865700322132,-12.5502229839148,0.810437381267548
"18153",123.948016685232,-12.5502229839148,0.782732605934143
"18154",124.030333048331,-12.5502229839148,0.753301084041595
"18155",124.11264941143,-12.5502229839148,0.722654819488525
"18156",124.19496577453,-12.5502229839148,0.691370368003845
"18157",124.277282137629,-12.5502229839148,0.659871757030487
"18158",124.359598500728,-12.5502229839148,0.628458082675934
"18159",124.441914863827,-12.5502229839148,0.59735381603241
"18160",124.524231226927,-12.5502229839148,0.566846549510956
"18161",124.606547590026,-12.5502229839148,0.537078082561493
"18162",124.688863953125,-12.5502229839148,0.508165001869202
"18163",124.771180316225,-12.5502229839148,0.480097830295563
"18164",124.853496679324,-12.5502229839148,0.452937930822372
"18165",124.935813042423,-12.5502229839148,0.426680266857147
"18166",125.018129405522,-12.5502229839148,0.401281118392944
"18167",125.100445768622,-12.5502229839148,0.376718461513519
"18168",125.182762131721,-12.5502229839148,0.352965712547302
"18169",125.26507849482,-12.5502229839148,0.329990446567535
"18170",125.34739485792,-12.5502229839148,0.307672321796417
"18171",125.429711221019,-12.5502229839148,0.286109626293182
"18172",125.512027584118,-12.5502229839148,0.265207827091217
"18173",125.594343947217,-12.5502229839148,0.24488539993763
"18174",125.676660310317,-12.5502229839148,0.22507281601429
"18175",125.758976673416,-12.5502229839148,0.205854341387749
"18176",125.841293036515,-12.5502229839148,0.187142297625542
"18177",125.923609399615,-12.5502229839148,0.168930932879448
"18178",126.005925762714,-12.5502229839148,0.151258409023285
"18179",126.088242125813,-12.5502229839148,0.133902624249458
"18180",126.170558488912,-12.5502229839148,0.117005668580532
"18181",126.252874852012,-12.5502229839148,0.100500106811523
"18182",126.335191215111,-12.5502229839148,0.0843145623803139
"18183",126.41750757821,-12.5502229839148,0.0685309171676636
"18184",126.49982394131,-12.5502229839148,0.053051583468914
"18185",126.582140304409,-12.5502229839148,0.0378705523908138
"18186",126.664456667508,-12.5502229839148,0.022962125018239
"18187",126.746773030607,-12.5502229839148,0.00871127098798752
"18188",126.829089393707,-12.5502229839148,0.000134484129375778
"18189",126.911405756806,-12.5502229839148,5.19428213010542e-05
"18190",126.993722119905,-12.5502229839148,0
"18191",127.076038483004,-12.5502229839148,0
"18192",127.158354846104,-12.5502229839148,0
"18193",127.240671209203,-12.5502229839148,0
"18194",127.322987572302,-12.5502229839148,0
"18195",127.405303935402,-12.5502229839148,0
"18196",127.487620298501,-12.5502229839148,0
"18197",127.5699366616,-12.5502229839148,0
"18198",127.652253024699,-12.5502229839148,0
"18199",127.734569387799,-12.5502229839148,0
"18200",127.816885750898,-12.5502229839148,0
"18201",127.899202113997,-12.5502229839148,0
"18202",127.981518477097,-12.5502229839148,0
"18203",128.063834840196,-12.5502229839148,0
"18204",128.146151203295,-12.5502229839148,0
"18205",128.228467566394,-12.5502229839148,0
"18206",128.310783929494,-12.5502229839148,0
"18207",128.393100292593,-12.5502229839148,0
"18208",128.475416655692,-12.5502229839148,0
"18209",128.557733018792,-12.5502229839148,0
"18210",128.640049381891,-12.5502229839148,0
"18211",128.72236574499,-12.5502229839148,0
"18212",128.804682108089,-12.5502229839148,0
"18213",128.886998471189,-12.5502229839148,0
"18214",128.969314834288,-12.5502229839148,0
"18215",129.051631197387,-12.5502229839148,0
"18216",129.133947560487,-12.5502229839148,0
"18217",129.216263923586,-12.5502229839148,0
"18218",129.298580286685,-12.5502229839148,0
"18219",129.380896649784,-12.5502229839148,0
"18220",129.463213012884,-12.5502229839148,0
"18221",129.545529375983,-12.5502229839148,0
"18222",129.627845739082,-12.5502229839148,0
"18223",129.710162102182,-12.5502229839148,0
"18224",129.792478465281,-12.5502229839148,0
"18225",129.87479482838,-12.5502229839148,0
"18226",129.957111191479,-12.5502229839148,0
"18227",130.039427554579,-12.5502229839148,0
"18228",130.121743917678,-12.5502229839148,0
"18229",130.204060280777,-12.5502229839148,0
"18230",130.286376643877,-12.5502229839148,0
"18420",122.466322149445,-12.6325393470141,0.886085867881775
"18421",122.548638512544,-12.6325393470141,0.885345637798309
"18422",122.630954875643,-12.6325393470141,0.883771538734436
"18423",122.713271238742,-12.6325393470141,0.882363319396973
"18424",122.795587601842,-12.6325393470141,0.881286144256592
"18425",122.877903964941,-12.6325393470141,0.880465626716614
"18426",122.96022032804,-12.6325393470141,0.879932522773743
"18427",123.04253669114,-12.6325393470141,0.879593670368195
"18428",123.124853054239,-12.6325393470141,0.879464030265808
"18429",123.207169417338,-12.6325393470141,0.879554033279419
"18430",123.289485780437,-12.6325393470141,0.879780769348145
"18431",123.371802143537,-12.6325393470141,0.879613280296326
"18432",123.454118506636,-12.6325393470141,0.87800395488739
"18433",123.536434869735,-12.6325393470141,0.872941255569458
"18434",123.618751232835,-12.6325393470141,0.86098849773407
"18435",123.701067595934,-12.6325393470141,0.842455208301544
"18436",123.783383959033,-12.6325393470141,0.819139122962952
"18437",123.865700322132,-12.6325393470141,0.792356610298157
"18438",123.948016685232,-12.6325393470141,0.763213872909546
"18439",124.030333048331,-12.6325393470141,0.732378661632538
"18440",124.11264941143,-12.6325393470141,0.700496196746826
"18441",124.19496577453,-12.6325393470141,0.668147087097168
"18442",124.277282137629,-12.6325393470141,0.635758101940155
"18443",124.359598500728,-12.6325393470141,0.60360461473465
"18444",124.441914863827,-12.6325393470141,0.571990489959717
"18445",124.524231226927,-12.6325393470141,0.541162192821503
"18446",124.606547590026,-12.6325393470141,0.511201322078705
"18447",124.688863953125,-12.6325393470141,0.482212960720062
"18448",124.771180316225,-12.6325393470141,0.454225718975067
"18449",124.853496679324,-12.6325393470141,0.427242010831833
"18450",124.935813042423,-12.6325393470141,0.401203781366348
"18451",125.018129405522,-12.6325393470141,0.376080244779587
"18452",125.100445768622,-12.6325393470141,0.351855337619781
"18453",125.182762131721,-12.6325393470141,0.328469812870026
"18454",125.26507849482,-12.6325393470141,0.305846929550171
"18455",125.34739485792,-12.6325393470141,0.283950597047806
"18456",125.429711221019,-12.6325393470141,0.262809932231903
"18457",125.512027584118,-12.6325393470141,0.242262735962868
"18458",125.594343947217,-12.6325393470141,0.222286686301231
"18459",125.676660310317,-12.6325393470141,0.202919542789459
"18460",125.758976673416,-12.6325393470141,0.184187769889832
"18461",125.841293036515,-12.6325393470141,0.165843710303307
"18462",125.923609399615,-12.6325393470141,0.148061260581017
"18463",126.005925762714,-12.6325393470141,0.13071982562542
"18464",126.088242125813,-12.6325393470141,0.113764077425003
"18465",126.170558488912,-12.6325393470141,0.0972165539860725
"18466",126.252874852012,-12.6325393470141,0.0810351744294167
"18467",126.335191215111,-12.6325393470141,0.0652341470122337
"18468",126.41750757821,-12.6325393470141,0.0497369728982449
"18469",126.49982394131,-12.6325393470141,0.0345540978014469
"18470",126.582140304409,-12.6325393470141,0.0199074875563383
"18471",126.664456667508,-12.6325393470141,0.00684095453470945
"18472",126.746773030607,-12.6325393470141,0
"18473",126.829089393707,-12.6325393470141,0
"18474",126.911405756806,-12.6325393470141,0
"18475",126.993722119905,-12.6325393470141,0
"18476",127.076038483004,-12.6325393470141,0
"18477",127.158354846104,-12.6325393470141,0
"18478",127.240671209203,-12.6325393470141,0
"18479",127.322987572302,-12.6325393470141,0
"18480",127.405303935402,-12.6325393470141,0
"18481",127.487620298501,-12.6325393470141,0
"18482",127.5699366616,-12.6325393470141,0
"18483",127.652253024699,-12.6325393470141,0
"18484",127.734569387799,-12.6325393470141,0
"18485",127.816885750898,-12.6325393470141,0
"18486",127.899202113997,-12.6325393470141,0
"18487",127.981518477097,-12.6325393470141,0
"18488",128.063834840196,-12.6325393470141,0
"18489",128.146151203295,-12.6325393470141,0
"18490",128.228467566394,-12.6325393470141,0
"18491",128.310783929494,-12.6325393470141,0
"18492",128.393100292593,-12.6325393470141,0
"18493",128.475416655692,-12.6325393470141,0
"18494",128.557733018792,-12.6325393470141,0
"18495",128.640049381891,-12.6325393470141,0
"18496",128.72236574499,-12.6325393470141,0
"18497",128.804682108089,-12.6325393470141,0
"18498",128.886998471189,-12.6325393470141,0
"18499",128.969314834288,-12.6325393470141,0
"18500",129.051631197387,-12.6325393470141,0
"18501",129.133947560487,-12.6325393470141,0
"18502",129.216263923586,-12.6325393470141,0
"18503",129.298580286685,-12.6325393470141,0
"18504",129.380896649784,-12.6325393470141,0
"18505",129.463213012884,-12.6325393470141,0
"18506",129.545529375983,-12.6325393470141,0
"18507",129.627845739082,-12.6325393470141,0
"18508",129.710162102182,-12.6325393470141,0
"18509",129.792478465281,-12.6325393470141,0
"18510",129.87479482838,-12.6325393470141,0
"18511",129.957111191479,-12.6325393470141,0
"18512",130.039427554579,-12.6325393470141,0
"18513",130.121743917678,-12.6325393470141,0
"18514",130.204060280777,-12.6325393470141,0
"18515",130.286376643877,-12.6325393470141,0
"18705",122.466322149445,-12.7148557101134,0.880688190460205
"18706",122.548638512544,-12.7148557101134,0.87979930639267
"18707",122.630954875643,-12.7148557101134,0.878206253051758
"18708",122.713271238742,-12.7148557101134,0.876741051673889
"18709",122.795587601842,-12.7148557101134,0.875477850437164
"18710",122.877903964941,-12.7148557101134,0.874448835849762
"18711",122.96022032804,-12.7148557101134,0.873628795146942
"18712",123.04253669114,-12.7148557101134,0.87289023399353
"18713",123.124853054239,-12.7148557101134,0.872203946113586
"18714",123.207169417338,-12.7148557101134,0.871391773223877
"18715",123.289485780437,-12.7148557101134,0.870353877544403
"18716",123.371802143537,-12.7148557101134,0.868113458156586
"18717",123.454118506636,-12.7148557101134,0.863739311695099
"18718",123.536434869735,-12.7148557101134,0.855417668819427
"18719",123.618751232835,-12.7148557101134,0.841592192649841
"18720",123.701067595934,-12.7148557101134,0.82212620973587
"18721",123.783383959033,-12.7148557101134,0.79791134595871
"18722",123.865700322132,-12.7148557101134,0.770173668861389
"18723",123.948016685232,-12.7148557101134,0.739974677562714
"18724",124.030333048331,-12.7148557101134,0.70813125371933
"18725",124.11264941143,-12.7148557101134,0.675248682498932
"18726",124.19496577453,-12.7148557101134,0.642070710659027
"18727",124.277282137629,-12.7148557101134,0.609003245830536
"18728",124.359598500728,-12.7148557101134,0.576379060745239
"18729",124.441914863827,-12.7148557101134,0.544430077075958
"18730",124.524231226927,-12.7148557101134,0.513469874858856
"18731",124.606547590026,-12.7148557101134,0.483552932739258
"18732",124.688863953125,-12.7148557101134,0.454780042171478
"18733",124.771180316225,-12.7148557101134,0.427047044038773
"18734",124.853496679324,-12.7148557101134,0.400382488965988
"18735",124.935813042423,-12.7148557101134,0.374729633331299
"18736",125.018129405522,-12.7148557101134,0.35003075003624
"18737",125.100445768622,-12.7148557101134,0.326240509748459
"18738",125.182762131721,-12.7148557101134,0.303324818611145
"18739",125.26507849482,-12.7148557101134,0.281239300966263
"18740",125.34739485792,-12.7148557101134,0.259754687547684
"18741",125.429711221019,-12.7148557101134,0.239108487963676
"18742",125.512027584118,-12.7148557101134,0.218982011079788
"18743",125.594343947217,-12.7148557101134,0.199541538953781
"18744",125.676660310317,-12.7148557101134,0.180705279111862
"18745",125.758976673416,-12.7148557101134,0.162276014685631
"18746",125.841293036515,-12.7148557101134,0.144448593258858
"18747",125.923609399615,-12.7148557101134,0.127076521515846
"18748",126.005925762714,-12.7148557101134,0.110086277127266
"18749",126.088242125813,-12.7148557101134,0.093552477657795
"18750",126.170558488912,-12.7148557101134,0.0773490518331528
"18751",126.252874852012,-12.7148557101134,0.0615443773567677
"18752",126.335191215111,-12.7148557101134,0.0461016036570072
"18753",126.41750757821,-12.7148557101134,0.0309021640568972
"18754",126.49982394131,-12.7148557101134,0.0166138187050819
"18755",126.582140304409,-12.7148557101134,0.00514391670003533
"18756",126.664456667508,-12.7148557101134,0
"18757",126.746773030607,-12.7148557101134,0
"18758",126.829089393707,-12.7148557101134,0
"18759",126.911405756806,-12.7148557101134,0
"18760",126.993722119905,-12.7148557101134,0
"18761",127.076038483004,-12.7148557101134,0
"18762",127.158354846104,-12.7148557101134,0
"18763",127.240671209203,-12.7148557101134,0
"18764",127.322987572302,-12.7148557101134,0
"18765",127.405303935402,-12.7148557101134,0
"18766",127.487620298501,-12.7148557101134,0
"18767",127.5699366616,-12.7148557101134,0
"18768",127.652253024699,-12.7148557101134,0
"18769",127.734569387799,-12.7148557101134,0
"18770",127.816885750898,-12.7148557101134,0
"18771",127.899202113997,-12.7148557101134,0
"18772",127.981518477097,-12.7148557101134,0
"18773",128.063834840196,-12.7148557101134,0
"18774",128.146151203295,-12.7148557101134,0
"18775",128.228467566394,-12.7148557101134,0
"18776",128.310783929494,-12.7148557101134,0
"18777",128.393100292593,-12.7148557101134,0
"18778",128.475416655692,-12.7148557101134,0
"18779",128.557733018792,-12.7148557101134,0
"18780",128.640049381891,-12.7148557101134,0
"18781",128.72236574499,-12.7148557101134,0
"18782",128.804682108089,-12.7148557101134,0
"18783",128.886998471189,-12.7148557101134,0
"18784",128.969314834288,-12.7148557101134,0
"18785",129.051631197387,-12.7148557101134,0
"18786",129.133947560487,-12.7148557101134,0
"18787",129.216263923586,-12.7148557101134,0
"18788",129.298580286685,-12.7148557101134,0
"18789",129.380896649784,-12.7148557101134,0
"18790",129.463213012884,-12.7148557101134,0
"18791",129.545529375983,-12.7148557101134,0
"18792",129.627845739082,-12.7148557101134,0
"18793",129.710162102182,-12.7148557101134,0
"18794",129.792478465281,-12.7148557101134,0
"18795",129.87479482838,-12.7148557101134,0
"18796",129.957111191479,-12.7148557101134,0
"18797",130.039427554579,-12.7148557101134,0
"18798",130.121743917678,-12.7148557101134,0
"18799",130.204060280777,-12.7148557101134,0
"18800",130.286376643877,-12.7148557101134,0
"18989",122.384005786345,-12.7971720732126,0.875858187675476
"18990",122.466322149445,-12.7971720732126,0.874562621116638
"18991",122.548638512544,-12.7971720732126,0.872958660125732
"18992",122.630954875643,-12.7971720732126,0.871241271495819
"18993",122.713271238742,-12.7971720732126,0.869583249092102
"18994",122.795587601842,-12.7971720732126,0.868035912513733
"18995",122.877903964941,-12.7971720732126,0.866575360298157
"18996",122.96022032804,-12.7971720732126,0.865210235118866
"18997",123.04253669114,-12.7971720732126,0.863708794116974
"18998",123.124853054239,-12.7971720732126,0.86205917596817
"18999",123.207169417338,-12.7971720732126,0.859957098960876
"19000",123.289485780437,-12.7971720732126,0.856911480426788
"19001",123.371802143537,-12.7971720732126,0.852322936058044
"19002",123.454118506636,-12.7971720732126,0.845141649246216
"19003",123.536434869735,-12.7971720732126,0.834132969379425
"19004",123.618751232835,-12.7971720732126,0.818466246128082
"19005",123.701067595934,-12.7971720732126,0.797899305820465
"19006",123.783383959033,-12.7971720732126,0.772897183895111
"19007",123.865700322132,-12.7971720732126,0.744444668292999
"19008",123.948016685232,-12.7971720732126,0.71337765455246
"19009",124.030333048331,-12.7971720732126,0.680698394775391
"19010",124.11264941143,-12.7971720732126,0.647123515605927
"19011",124.19496577453,-12.7971720732126,0.613296568393707
"19012",124.277282137629,-12.7971720732126,0.579716265201569
"19013",124.359598500728,-12.7971720732126,0.546875059604645
"19014",124.441914863827,-12.7971720732126,0.514902234077454
"19015",124.524231226927,-12.7971720732126,0.484022736549377
"19016",124.606547590026,-12.7971720732126,0.454373985528946
"19017",124.688863953125,-12.7971720732126,0.425923138856888
"19018",124.771180316225,-12.7971720732126,0.398632079362869
"19019",124.853496679324,-12.7971720732126,0.37246361374855
"19020",124.935813042423,-12.7971720732126,0.347389668226242
"19021",125.018129405522,-12.7971720732126,0.323245108127594
"19022",125.100445768622,-12.7971720732126,0.300019085407257
"19023",125.182762131721,-12.7971720732126,0.277646273374557
"19024",125.26507849482,-12.7971720732126,0.256145417690277
"19025",125.34739485792,-12.7971720732126,0.235215157270432
"19026",125.429711221019,-12.7971720732126,0.215111315250397
"19027",125.512027584118,-12.7971720732126,0.195604652166367
"19028",125.594343947217,-12.7971720732126,0.176639065146446
"19029",125.676660310317,-12.7971720732126,0.158241927623749
"19030",125.758976673416,-12.7971720732126,0.140364021062851
"19031",125.841293036515,-12.7971720732126,0.122980870306492
"19032",125.923609399615,-12.7971720732126,0.10605151951313
"19033",126.005925762714,-12.7971720732126,0.0894754007458687
"19034",126.088242125813,-12.7971720732126,0.0733278766274452
"19035",126.170558488912,-12.7971720732126,0.0575280897319317
"19036",126.252874852012,-12.7971720732126,0.0421046800911427
"19037",126.335191215111,-12.7971720732126,0.0270077716559172
"19038",126.41750757821,-12.7971720732126,0.0132641587406397
"19039",126.49982394131,-12.7971720732126,0.00354164489544928
"19040",126.582140304409,-12.7971720732126,0
"19041",126.664456667508,-12.7971720732126,0
"19042",126.746773030607,-12.7971720732126,0
"19043",126.829089393707,-12.7971720732126,0
"19044",126.911405756806,-12.7971720732126,0
"19045",126.993722119905,-12.7971720732126,0
"19046",127.076038483004,-12.7971720732126,0
"19047",127.158354846104,-12.7971720732126,0
"19048",127.240671209203,-12.7971720732126,0
"19049",127.322987572302,-12.7971720732126,0
"19050",127.405303935402,-12.7971720732126,0
"19051",127.487620298501,-12.7971720732126,0
"19052",127.5699366616,-12.7971720732126,0
"19053",127.652253024699,-12.7971720732126,0
"19054",127.734569387799,-12.7971720732126,0
"19055",127.816885750898,-12.7971720732126,0
"19056",127.899202113997,-12.7971720732126,0
"19057",127.981518477097,-12.7971720732126,0
"19058",128.063834840196,-12.7971720732126,0
"19059",128.146151203295,-12.7971720732126,0
"19060",128.228467566394,-12.7971720732126,0
"19061",128.310783929494,-12.7971720732126,0
"19062",128.393100292593,-12.7971720732126,0
"19063",128.475416655692,-12.7971720732126,0
"19064",128.557733018792,-12.7971720732126,0
"19065",128.640049381891,-12.7971720732126,0
"19066",128.72236574499,-12.7971720732126,0
"19067",128.804682108089,-12.7971720732126,0
"19068",128.886998471189,-12.7971720732126,0
"19069",128.969314834288,-12.7971720732126,0
"19070",129.051631197387,-12.7971720732126,0
"19071",129.133947560487,-12.7971720732126,0
"19072",129.216263923586,-12.7971720732126,0
"19073",129.298580286685,-12.7971720732126,0
"19074",129.380896649784,-12.7971720732126,0
"19075",129.463213012884,-12.7971720732126,0
"19076",129.545529375983,-12.7971720732126,0
"19077",129.627845739082,-12.7971720732126,0
"19078",129.710162102182,-12.7971720732126,0
"19079",129.792478465281,-12.7971720732126,0
"19080",129.87479482838,-12.7971720732126,0
"19081",129.957111191479,-12.7971720732126,0
"19082",130.039427554579,-12.7971720732126,0
"19083",130.121743917678,-12.7971720732126,0
"19084",130.204060280777,-12.7971720732126,0
"19085",130.286376643877,-12.7971720732126,0
"19274",122.384005786345,-12.8794884363119,0.86830472946167
"19275",122.466322149445,-12.8794884363119,0.866989970207214
"19276",122.548638512544,-12.8794884363119,0.864844560623169
"19277",122.630954875643,-12.8794884363119,0.862845420837402
"19278",122.713271238742,-12.8794884363119,0.860870182514191
"19279",122.795587601842,-12.8794884363119,0.858821213245392
"19280",122.877903964941,-12.8794884363119,0.856743156909943
"19281",122.96022032804,-12.8794884363119,0.854541718959808
"19282",123.04253669114,-12.8794884363119,0.852003633975983
"19283",123.124853054239,-12.8794884363119,0.848972856998444
"19284",123.207169417338,-12.8794884363119,0.845301508903503
"19285",123.289485780437,-12.8794884363119,0.84029632806778
"19286",123.371802143537,-12.8794884363119,0.833300292491913
"19287",123.454118506636,-12.8794884363119,0.823590815067291
"19288",123.536434869735,-12.8794884363119,0.810264408588409
"19289",123.618751232835,-12.8794884363119,0.79279613494873
"19290",123.701067595934,-12.8794884363119,0.770956635475159
"19291",123.783383959033,-12.8794884363119,0.745079100131989
"19292",123.865700322132,-12.8794884363119,0.715862452983856
"19293",123.948016685232,-12.8794884363119,0.684062480926514
"19294",124.030333048331,-12.8794884363119,0.650592923164368
"19295",124.11264941143,-12.8794884363119,0.616351127624512
"19296",124.19496577453,-12.8794884363119,0.582017004489899
"19297",124.277282137629,-12.8794884363119,0.548167884349823
"19298",124.359598500728,-12.8794884363119,0.515267074108124
"19299",124.441914863827,-12.8794884363119,0.483522355556488
"19300",124.524231226927,-12.8794884363119,0.453012496232986
"19301",124.606547590026,-12.8794884363119,0.423792749643326
"19302",124.688863953125,-12.8794884363119,0.395889282226562
"19303",124.771180316225,-12.8794884363119,0.369249701499939
"19304",124.853496679324,-12.8794884363119,0.343757838010788
"19305",124.935813042423,-12.8794884363119,0.319345474243164
"19306",125.018129405522,-12.8794884363119,0.295884758234024
"19307",125.100445768622,-12.8794884363119,0.273348242044449
"19308",125.182762131721,-12.8794884363119,0.251657247543335
"19309",125.26507849482,-12.8794884363119,0.230740904808044
"19310",125.34739485792,-12.8794884363119,0.210494220256805
"19311",125.429711221019,-12.8794884363119,0.190954402089119
"19312",125.512027584118,-12.8794884363119,0.172015979886055
"19313",125.594343947217,-12.8794884363119,0.153665766119957
"19314",125.676660310317,-12.8794884363119,0.135767579078674
"19315",125.758976673416,-12.8794884363119,0.118451572954655
"19316",125.841293036515,-12.8794884363119,0.101528227329254
"19317",125.923609399615,-12.8794884363119,0.0850361660122871
"19318",126.005925762714,-12.8794884363119,0.0689265802502632
"19319",126.088242125813,-12.8794884363119,0.0531843565404415
"19320",126.170558488912,-12.8794884363119,0.0377913899719715
"19321",126.252874852012,-12.8794884363119,0.0227699708193541
"19322",126.335191215111,-12.8794884363119,0.00991585198789835
"19323",126.41750757821,-12.8794884363119,0.0022102459333837
"19324",126.49982394131,-12.8794884363119,0
"19325",126.582140304409,-12.8794884363119,0
"19326",126.664456667508,-12.8794884363119,0
"19327",126.746773030607,-12.8794884363119,0
"19328",126.829089393707,-12.8794884363119,0
"19329",126.911405756806,-12.8794884363119,0
"19330",126.993722119905,-12.8794884363119,0
"19331",127.076038483004,-12.8794884363119,0
"19332",127.158354846104,-12.8794884363119,0
"19333",127.240671209203,-12.8794884363119,0
"19334",127.322987572302,-12.8794884363119,0
"19335",127.405303935402,-12.8794884363119,0
"19336",127.487620298501,-12.8794884363119,0
"19337",127.5699366616,-12.8794884363119,0
"19338",127.652253024699,-12.8794884363119,0
"19339",127.734569387799,-12.8794884363119,0
"19340",127.816885750898,-12.8794884363119,0
"19341",127.899202113997,-12.8794884363119,0
"19342",127.981518477097,-12.8794884363119,0
"19343",128.063834840196,-12.8794884363119,0
"19344",128.146151203295,-12.8794884363119,0
"19345",128.228467566394,-12.8794884363119,0
"19346",128.310783929494,-12.8794884363119,0
"19347",128.393100292593,-12.8794884363119,0
"19348",128.475416655692,-12.8794884363119,0
"19349",128.557733018792,-12.8794884363119,0
"19350",128.640049381891,-12.8794884363119,0
"19351",128.72236574499,-12.8794884363119,0
"19352",128.804682108089,-12.8794884363119,0
"19353",128.886998471189,-12.8794884363119,0
"19354",128.969314834288,-12.8794884363119,0
"19355",129.051631197387,-12.8794884363119,0
"19356",129.133947560487,-12.8794884363119,0
"19357",129.216263923586,-12.8794884363119,0
"19358",129.298580286685,-12.8794884363119,0
"19359",129.380896649784,-12.8794884363119,0
"19360",129.463213012884,-12.8794884363119,0
"19361",129.545529375983,-12.8794884363119,0
"19362",129.627845739082,-12.8794884363119,0
"19363",129.710162102182,-12.8794884363119,0
"19364",129.792478465281,-12.8794884363119,0
"19365",129.87479482838,-12.8794884363119,0
"19366",129.957111191479,-12.8794884363119,0
"19367",130.039427554579,-12.8794884363119,0
"19368",130.121743917678,-12.8794884363119,0
"19369",130.204060280777,-12.8794884363119,0
"19370",130.286376643877,-12.8794884363119,0
"19557",122.219373060147,-12.9618047994112,0.86350679397583
"19558",122.301689423246,-12.9618047994112,0.862244963645935
"19559",122.384005786345,-12.9618047994112,0.860134124755859
"19560",122.466322149445,-12.9618047994112,0.857827186584473
"19561",122.548638512544,-12.9618047994112,0.855544924736023
"19562",122.630954875643,-12.9618047994112,0.853022158145905
"19563",122.713271238742,-12.9618047994112,0.850547194480896
"19564",122.795587601842,-12.9618047994112,0.847807288169861
"19565",122.877903964941,-12.9618047994112,0.844956696033478
"19566",122.96022032804,-12.9618047994112,0.841709196567535
"19567",123.04253669114,-12.9618047994112,0.837928593158722
"19568",123.124853054239,-12.9618047994112,0.833468377590179
"19569",123.207169417338,-12.9618047994112,0.827995002269745
"19570",123.289485780437,-12.9618047994112,0.820948481559753
"19571",123.371802143537,-12.9618047994112,0.81176769733429
"19572",123.454118506636,-12.9618047994112,0.799783289432526
"19573",123.536434869735,-12.9618047994112,0.784444451332092
"19574",123.618751232835,-12.9618047994112,0.765302956104279
"19575",123.701067595934,-12.9618047994112,0.742136120796204
"19576",123.783383959033,-12.9618047994112,0.715273141860962
"19577",123.865700322132,-12.9618047994112,0.685181617736816
"19578",123.948016685232,-12.9618047994112,0.652587890625
"19579",124.030333048331,-12.9618047994112,0.618368744850159
"19580",124.11264941143,-12.9618047994112,0.583451211452484
"19581",124.19496577453,-12.9618047994112,0.548687517642975
"19582",124.277282137629,-12.9618047994112,0.514745831489563
"19583",124.359598500728,-12.9618047994112,0.481966406106949
"19584",124.441914863827,-12.9618047994112,0.45053568482399
"19585",124.524231226927,-12.9618047994112,0.420630633831024
"19586",124.606547590026,-12.9618047994112,0.39216074347496
"19587",124.688863953125,-12.9618047994112,0.365025579929352
"19588",124.771180316225,-12.9618047994112,0.339182674884796
"19589",124.853496679324,-12.9618047994112,0.31454786658287
"19590",124.935813042423,-12.9618047994112,0.29089218378067
"19591",125.018129405522,-12.9618047994112,0.268263012170792
"19592",125.100445768622,-12.9618047994112,0.246448323130608
"19593",125.182762131721,-12.9618047994112,0.225501820445061
"19594",125.26507849482,-12.9618047994112,0.205326542258263
"19595",125.34739485792,-12.9618047994112,0.185816183686256
"19596",125.429711221019,-12.9618047994112,0.166840255260468
"19597",125.512027584118,-12.9618047994112,0.148552104830742
"19598",125.594343947217,-12.9618047994112,0.13076414167881
"19599",125.676660310317,-12.9618047994112,0.113467045128345
"19600",125.758976673416,-12.9618047994112,0.0966034978628159
"19601",125.841293036515,-12.9618047994112,0.0801565125584602
"19602",125.923609399615,-12.9618047994112,0.0641302615404129
"19603",126.005925762714,-12.9618047994112,0.0485293045639992
"19604",126.088242125813,-12.9618047994112,0.0332215949892998
"19605",126.170558488912,-12.9618047994112,0.0182446390390396
"19606",126.252874852012,-12.9618047994112,0.00657933531329036
"19607",126.335191215111,-12.9618047994112,0.00107508478686213
"19608",126.41750757821,-12.9618047994112,0
"19609",126.49982394131,-12.9618047994112,0
"19610",126.582140304409,-12.9618047994112,0
"19611",126.664456667508,-12.9618047994112,0
"19612",126.746773030607,-12.9618047994112,0
"19613",126.829089393707,-12.9618047994112,0
"19614",126.911405756806,-12.9618047994112,0
"19615",126.993722119905,-12.9618047994112,0
"19616",127.076038483004,-12.9618047994112,0
"19617",127.158354846104,-12.9618047994112,0
"19618",127.240671209203,-12.9618047994112,0
"19619",127.322987572302,-12.9618047994112,0
"19620",127.405303935402,-12.9618047994112,0
"19621",127.487620298501,-12.9618047994112,0
"19622",127.5699366616,-12.9618047994112,0
"19623",127.652253024699,-12.9618047994112,0
"19624",127.734569387799,-12.9618047994112,0
"19625",127.816885750898,-12.9618047994112,0
"19626",127.899202113997,-12.9618047994112,0
"19627",127.981518477097,-12.9618047994112,0
"19628",128.063834840196,-12.9618047994112,0
"19629",128.146151203295,-12.9618047994112,0
"19630",128.228467566394,-12.9618047994112,0
"19631",128.310783929494,-12.9618047994112,0
"19632",128.393100292593,-12.9618047994112,0
"19633",128.475416655692,-12.9618047994112,0
"19634",128.557733018792,-12.9618047994112,0
"19635",128.640049381891,-12.9618047994112,0
"19636",128.72236574499,-12.9618047994112,0
"19637",128.804682108089,-12.9618047994112,0
"19638",128.886998471189,-12.9618047994112,0
"19639",128.969314834288,-12.9618047994112,0
"19640",129.051631197387,-12.9618047994112,0
"19641",129.133947560487,-12.9618047994112,0
"19642",129.216263923586,-12.9618047994112,0
"19643",129.298580286685,-12.9618047994112,0
"19644",129.380896649784,-12.9618047994112,0
"19645",129.463213012884,-12.9618047994112,0
"19646",129.545529375983,-12.9618047994112,0
"19647",129.627845739082,-12.9618047994112,0
"19648",129.710162102182,-12.9618047994112,0
"19649",129.792478465281,-12.9618047994112,0
"19650",129.87479482838,-12.9618047994112,0
"19651",129.957111191479,-12.9618047994112,0
"19652",130.039427554579,-12.9618047994112,0
"19653",130.121743917678,-12.9618047994112,0
"19654",130.204060280777,-12.9618047994112,0
"19655",130.286376643877,-12.9618047994112,0
"19839",121.972423970849,-13.0441211625105,0.855765700340271
"19841",122.137056697047,-13.0441211625105,0.856457889080048
"19842",122.219373060147,-13.0441211625105,0.854845285415649
"19843",122.301689423246,-13.0441211625105,0.852627813816071
"19844",122.384005786345,-13.0441211625105,0.850248038768768
"19845",122.466322149445,-13.0441211625105,0.847625494003296
"19846",122.548638512544,-13.0441211625105,0.8448086977005
"19847",122.630954875643,-13.0441211625105,0.841828525066376
"19848",122.713271238742,-13.0441211625105,0.838647603988647
"19849",122.795587601842,-13.0441211625105,0.835091590881348
"19850",122.877903964941,-13.0441211625105,0.831231713294983
"19851",122.96022032804,-13.0441211625105,0.826856255531311
"19852",123.04253669114,-13.0441211625105,0.821804285049438
"19853",123.124853054239,-13.0441211625105,0.815790295600891
"19854",123.207169417338,-13.0441211625105,0.808537065982819
"19855",123.289485780437,-13.0441211625105,0.79950612783432
"19856",123.371802143537,-13.0441211625105,0.788255512714386
"19857",123.454118506636,-13.0441211625105,0.774315476417542
"19858",123.536434869735,-13.0441211625105,0.757178962230682
"19859",123.618751232835,-13.0441211625105,0.736503303050995
"19860",123.701067595934,-13.0441211625105,0.712152898311615
"19861",123.783383959033,-13.0441211625105,0.684265553951263
"19862",123.865700322132,-13.0441211625105,0.653215229511261
"19863",123.948016685232,-13.0441211625105,0.619649529457092
"19864",124.030333048331,-13.0441211625105,0.584518611431122
"19865",124.11264941143,-13.0441211625105,0.548871695995331
"19866",124.19496577453,-13.0441211625105,0.513676285743713
"19867",124.277282137629,-13.0441211625105,0.479729473590851
"19868",124.359598500728,-13.0441211625105,0.447335690259933
"19869",124.441914863827,-13.0441211625105,0.416566669940948
"19870",124.524231226927,-13.0441211625105,0.387462258338928
"19871",124.606547590026,-13.0441211625105,0.359866172075272
"19872",124.688863953125,-13.0441211625105,0.333693861961365
"19873",124.771180316225,-13.0441211625105,0.308764338493347
"19874",124.853496679324,-13.0441211625105,0.285068094730377
"19875",124.935813042423,-13.0441211625105,0.262373626232147
"19876",125.018129405522,-13.0441211625105,0.240600407123566
"19877",125.100445768622,-13.0441211625105,0.219649210572243
"19878",125.182762131721,-13.0441211625105,0.199503406882286
"19879",125.26507849482,-13.0441211625105,0.180031999945641
"19880",125.34739485792,-13.0441211625105,0.161222442984581
"19881",125.429711221019,-13.0441211625105,0.142909064888954
"19882",125.512027584118,-13.0441211625105,0.125244632363319
"19883",125.594343947217,-13.0441211625105,0.108051724731922
"19884",125.676660310317,-13.0441211625105,0.0913151875138283
"19885",125.758976673416,-13.0441211625105,0.0749661698937416
"19886",125.841293036515,-13.0441211625105,0.0590239390730858
"19887",125.923609399615,-13.0441211625105,0.0434857904911041
"19888",126.005925762714,-13.0441211625105,0.0283511988818645
"19889",126.088242125813,-13.0441211625105,0.0141475377604365
"19890",126.170558488912,-13.0441211625105,0.00400067958980799
"19891",126.252874852012,-13.0441211625105,0.000172579966601916
"19892",126.335191215111,-13.0441211625105,0
"19893",126.41750757821,-13.0441211625105,0
"19894",126.49982394131,-13.0441211625105,0
"19895",126.582140304409,-13.0441211625105,0
"19896",126.664456667508,-13.0441211625105,0
"19897",126.746773030607,-13.0441211625105,0
"19898",126.829089393707,-13.0441211625105,0
"19899",126.911405756806,-13.0441211625105,0
"19900",126.993722119905,-13.0441211625105,0
"19901",127.076038483004,-13.0441211625105,0
"19902",127.158354846104,-13.0441211625105,0
"19903",127.240671209203,-13.0441211625105,0
"19904",127.322987572302,-13.0441211625105,0
"19905",127.405303935402,-13.0441211625105,0
"19906",127.487620298501,-13.0441211625105,0
"19907",127.5699366616,-13.0441211625105,0
"19908",127.652253024699,-13.0441211625105,0
"19909",127.734569387799,-13.0441211625105,0
"19910",127.816885750898,-13.0441211625105,0
"19911",127.899202113997,-13.0441211625105,0
"19912",127.981518477097,-13.0441211625105,0
"19913",128.063834840196,-13.0441211625105,0
"19914",128.146151203295,-13.0441211625105,0
"19915",128.228467566394,-13.0441211625105,0
"19916",128.310783929494,-13.0441211625105,0
"19917",128.393100292593,-13.0441211625105,0
"19918",128.475416655692,-13.0441211625105,0
"19919",128.557733018792,-13.0441211625105,0
"19920",128.640049381891,-13.0441211625105,0
"19921",128.72236574499,-13.0441211625105,0
"19922",128.804682108089,-13.0441211625105,0
"19923",128.886998471189,-13.0441211625105,0
"19924",128.969314834288,-13.0441211625105,0
"19925",129.051631197387,-13.0441211625105,0
"19926",129.133947560487,-13.0441211625105,0
"19927",129.216263923586,-13.0441211625105,0
"19928",129.298580286685,-13.0441211625105,0
"19929",129.380896649784,-13.0441211625105,0
"19930",129.463213012884,-13.0441211625105,0
"19931",129.545529375983,-13.0441211625105,0
"19932",129.627845739082,-13.0441211625105,0
"19933",129.710162102182,-13.0441211625105,0
"19934",129.792478465281,-13.0441211625105,0
"19935",129.87479482838,-13.0441211625105,0
"19936",129.957111191479,-13.0441211625105,0
"19937",130.039427554579,-13.0441211625105,0
"19938",130.121743917678,-13.0441211625105,0
"19939",130.204060280777,-13.0441211625105,0
"19940",130.286376643877,-13.0441211625105,0
"20123",121.89010760775,-13.1264375256098,0.84849613904953
"20124",121.972423970849,-13.1264375256098,0.850696742534637
"20125",122.054740333948,-13.1264375256098,0.849083304405212
"20126",122.137056697047,-13.1264375256098,0.846976816654205
"20127",122.219373060147,-13.1264375256098,0.844567239284515
"20128",122.301689423246,-13.1264375256098,0.842028677463531
"20129",122.384005786345,-13.1264375256098,0.839241683483124
"20130",122.466322149445,-13.1264375256098,0.836137890815735
"20131",122.548638512544,-13.1264375256098,0.832798480987549
"20132",122.630954875643,-13.1264375256098,0.82917708158493
"20133",122.713271238742,-13.1264375256098,0.825230538845062
"20134",122.795587601842,-13.1264375256098,0.820806264877319
"20135",122.877903964941,-13.1264375256098,0.815886080265045
"20136",122.96022032804,-13.1264375256098,0.810258030891418
"20137",123.04253669114,-13.1264375256098,0.80381840467453
"20138",123.124853054239,-13.1264375256098,0.796268999576569
"20139",123.207169417338,-13.1264375256098,0.787272155284882
"20140",123.289485780437,-13.1264375256098,0.776435375213623
"20141",123.371802143537,-13.1264375256098,0.763416051864624
"20142",123.454118506636,-13.1264375256098,0.747706472873688
"20143",123.536434869735,-13.1264375256098,0.728994309902191
"20144",123.618751232835,-13.1264375256098,0.706972897052765
"20145",123.701067595934,-13.1264375256098,0.681510627269745
"20146",123.783383959033,-13.1264375256098,0.652604043483734
"20147",123.865700322132,-13.1264375256098,0.620575785636902
"20148",123.948016685232,-13.1264375256098,0.585917055606842
"20149",124.030333048331,-13.1264375256098,0.549655973911285
"20150",124.11264941143,-13.1264375256098,0.51311981678009
"20151",124.19496577453,-13.1264375256098,0.477502971887589
"20152",124.277282137629,-13.1264375256098,0.443679809570312
"20153",124.359598500728,-13.1264375256098,0.411781191825867
"20154",124.441914863827,-13.1264375256098,0.381882965564728
"20155",124.524231226927,-13.1264375256098,0.353768676519394
"20156",124.606547590026,-13.1264375256098,0.327310889959335
"20157",124.688863953125,-13.1264375256098,0.302289754152298
"20158",124.771180316225,-13.1264375256098,0.278446912765503
"20159",124.853496679324,-13.1264375256098,0.255772292613983
"20160",124.935813042423,-13.1264375256098,0.234032064676285
"20161",125.018129405522,-13.1264375256098,0.213140055537224
"20162",125.100445768622,-13.1264375256098,0.1931022554636
"20163",125.182762131721,-13.1264375256098,0.173701852560043
"20164",125.26507849482,-13.1264375256098,0.155003249645233
"20165",125.34739485792,-13.1264375256098,0.136877566576004
"20166",125.429711221019,-13.1264375256098,0.119262292981148
"20167",125.512027584118,-13.1264375256098,0.102196909487247
"20168",125.594343947217,-13.1264375256098,0.0855327397584915
"20169",125.676660310317,-13.1264375256098,0.0693633556365967
"20170",125.758976673416,-13.1264375256098,0.0536066219210625
"20171",125.841293036515,-13.1264375256098,0.0381770357489586
"20172",125.923609399615,-13.1264375256098,0.0231225024908781
"20173",126.005925762714,-13.1264375256098,0.0102805690839887
"20174",126.088242125813,-13.1264375256098,0.00248179235495627
"20175",126.170558488912,-13.1264375256098,0
"20176",126.252874852012,-13.1264375256098,0
"20177",126.335191215111,-13.1264375256098,0
"20178",126.41750757821,-13.1264375256098,0
"20179",126.49982394131,-13.1264375256098,0
"20180",126.582140304409,-13.1264375256098,0
"20181",126.664456667508,-13.1264375256098,0
"20182",126.746773030607,-13.1264375256098,0
"20183",126.829089393707,-13.1264375256098,0
"20184",126.911405756806,-13.1264375256098,0
"20185",126.993722119905,-13.1264375256098,0
"20186",127.076038483004,-13.1264375256098,0
"20187",127.158354846104,-13.1264375256098,0
"20188",127.240671209203,-13.1264375256098,0
"20189",127.322987572302,-13.1264375256098,0
"20190",127.405303935402,-13.1264375256098,0
"20191",127.487620298501,-13.1264375256098,0
"20192",127.5699366616,-13.1264375256098,0
"20193",127.652253024699,-13.1264375256098,0
"20194",127.734569387799,-13.1264375256098,0
"20195",127.816885750898,-13.1264375256098,0
"20196",127.899202113997,-13.1264375256098,0
"20197",127.981518477097,-13.1264375256098,0
"20198",128.063834840196,-13.1264375256098,0
"20199",128.146151203295,-13.1264375256098,0
"20200",128.228467566394,-13.1264375256098,0
"20201",128.310783929494,-13.1264375256098,0
"20202",128.393100292593,-13.1264375256098,0
"20203",128.475416655692,-13.1264375256098,0
"20204",128.557733018792,-13.1264375256098,0
"20205",128.640049381891,-13.1264375256098,0
"20206",128.72236574499,-13.1264375256098,0
"20207",128.804682108089,-13.1264375256098,0
"20208",128.886998471189,-13.1264375256098,0
"20209",128.969314834288,-13.1264375256098,0
"20210",129.051631197387,-13.1264375256098,0
"20211",129.133947560487,-13.1264375256098,0
"20212",129.216263923586,-13.1264375256098,0
"20213",129.298580286685,-13.1264375256098,0
"20214",129.380896649784,-13.1264375256098,0
"20215",129.463213012884,-13.1264375256098,0
"20216",129.545529375983,-13.1264375256098,0
"20217",129.627845739082,-13.1264375256098,0
"20218",129.710162102182,-13.1264375256098,0
"20219",129.792478465281,-13.1264375256098,0
"20220",129.87479482838,-13.1264375256098,0
"20221",129.957111191479,-13.1264375256098,0
"20222",130.039427554579,-13.1264375256098,0
"20223",130.121743917678,-13.1264375256098,0
"20224",130.204060280777,-13.1264375256098,0
"20407",121.80779124465,-13.2087538887091,0.840798914432526
"20408",121.89010760775,-13.2087538887091,0.842265009880066
"20409",121.972423970849,-13.2087538887091,0.840583324432373
"20410",122.054740333948,-13.2087538887091,0.838424861431122
"20411",122.137056697047,-13.2087538887091,0.836050271987915
"20412",122.219373060147,-13.2087538887091,0.833382546901703
"20413",122.301689423246,-13.2087538887091,0.830424070358276
"20414",122.384005786345,-13.2087538887091,0.82717752456665
"20415",122.466322149445,-13.2087538887091,0.823541760444641
"20416",122.548638512544,-13.2087538887091,0.819589555263519
"20417",122.630954875643,-13.2087538887091,0.815225422382355
"20418",122.713271238742,-13.2087538887091,0.810415744781494
"20419",122.795587601842,-13.2087538887091,0.805030465126038
"20420",122.877903964941,-13.2087538887091,0.799032330513
"20421",122.96022032804,-13.2087538887091,0.792195975780487
"20422",123.04253669114,-13.2087538887091,0.78436267375946
"20423",123.124853054239,-13.2087538887091,0.775330126285553
"20424",123.207169417338,-13.2087538887091,0.764695227146149
"20425",123.289485780437,-13.2087538887091,0.752206444740295
"20426",123.371802143537,-13.2087538887091,0.737496435642242
"20427",123.454118506636,-13.2087538887091,0.720231711864471
"20428",123.536434869735,-13.2087538887091,0.700147390365601
"20429",123.618751232835,-13.2087538887091,0.67699271440506
"20430",123.701067595934,-13.2087538887091,0.650561153888702
"20431",123.783383959033,-13.2087538887091,0.620810091495514
"20432",123.865700322132,-13.2087538887091,0.587872982025146
"20433",123.948016685232,-13.2087538887091,0.552054405212402
"20434",124.030333048331,-13.2087538887091,0.51435124874115
"20435",124.11264941143,-13.2087538887091,0.476632863283157
"20436",124.19496577453,-13.2087538887091,0.440617501735687
"20437",124.277282137629,-13.2087538887091,0.407063096761703
"20438",124.359598500728,-13.2087538887091,0.375963032245636
"20439",124.441914863827,-13.2087538887091,0.347155719995499
"20440",124.524231226927,-13.2087538887091,0.32029864192009
"20441",124.606547590026,-13.2087538887091,0.295094907283783
"20442",124.688863953125,-13.2087538887091,0.271271377801895
"20443",124.771180316225,-13.2087538887091,0.248574361205101
"20444",124.853496679324,-13.2087538887091,0.226923257112503
"20445",124.935813042423,-13.2087538887091,0.206147491931915
"20446",125.018129405522,-13.2087538887091,0.186176016926765
"20447",125.100445768622,-13.2087538887091,0.166950166225433
"20448",125.182762131721,-13.2087538887091,0.148369506001472
"20449",125.26507849482,-13.2087538887091,0.130373805761337
"20450",125.34739485792,-13.2087538887091,0.112944312393665
"20451",125.429711221019,-13.2087538887091,0.0960178449749947
"20452",125.512027584118,-13.2087538887091,0.0795591473579407
"20453",125.594343947217,-13.2087538887091,0.0635114535689354
"20454",125.676660310317,-13.2087538887091,0.0478881523013115
"20455",125.758976673416,-13.2087538887091,0.0326321721076965
"20456",125.841293036515,-13.2087538887091,0.0177318286150694
"20457",125.923609399615,-13.2087538887091,0.00664691952988505
"20458",126.005925762714,-13.2087538887091,0.001407889300026
"20459",126.088242125813,-13.2087538887091,0
"20460",126.170558488912,-13.2087538887091,0
"20461",126.252874852012,-13.2087538887091,0
"20462",126.335191215111,-13.2087538887091,0
"20463",126.41750757821,-13.2087538887091,0
"20464",126.49982394131,-13.2087538887091,0
"20465",126.582140304409,-13.2087538887091,0
"20466",126.664456667508,-13.2087538887091,0
"20467",126.746773030607,-13.2087538887091,0
"20468",126.829089393707,-13.2087538887091,0
"20469",126.911405756806,-13.2087538887091,0
"20470",126.993722119905,-13.2087538887091,0
"20471",127.076038483004,-13.2087538887091,0
"20472",127.158354846104,-13.2087538887091,0
"20473",127.240671209203,-13.2087538887091,0
"20474",127.322987572302,-13.2087538887091,0
"20475",127.405303935402,-13.2087538887091,0
"20476",127.487620298501,-13.2087538887091,0
"20477",127.5699366616,-13.2087538887091,0
"20478",127.652253024699,-13.2087538887091,0
"20479",127.734569387799,-13.2087538887091,0
"20480",127.816885750898,-13.2087538887091,0
"20481",127.899202113997,-13.2087538887091,0
"20482",127.981518477097,-13.2087538887091,0
"20483",128.063834840196,-13.2087538887091,0
"20484",128.146151203295,-13.2087538887091,0
"20485",128.228467566394,-13.2087538887091,0
"20486",128.310783929494,-13.2087538887091,0
"20487",128.393100292593,-13.2087538887091,0
"20488",128.475416655692,-13.2087538887091,0
"20489",128.557733018792,-13.2087538887091,0
"20490",128.640049381891,-13.2087538887091,0
"20491",128.72236574499,-13.2087538887091,0
"20492",128.804682108089,-13.2087538887091,0
"20493",128.886998471189,-13.2087538887091,0
"20494",128.969314834288,-13.2087538887091,0
"20495",129.051631197387,-13.2087538887091,0
"20496",129.133947560487,-13.2087538887091,0
"20497",129.216263923586,-13.2087538887091,0
"20498",129.298580286685,-13.2087538887091,0
"20499",129.380896649784,-13.2087538887091,0
"20500",129.463213012884,-13.2087538887091,0
"20501",129.545529375983,-13.2087538887091,0
"20502",129.627845739082,-13.2087538887091,0
"20503",129.710162102182,-13.2087538887091,0
"20504",129.792478465281,-13.2087538887091,0
"20505",129.87479482838,-13.2087538887091,0
"20506",129.957111191479,-13.2087538887091,0
"20507",130.039427554579,-13.2087538887091,0
"20508",130.121743917678,-13.2087538887091,0
"20509",130.204060280777,-13.2087538887091,0
"20691",121.725474881551,-13.2910702518083,0.832341849803925
"20692",121.80779124465,-13.2910702518083,0.833036124706268
"20693",121.89010760775,-13.2910702518083,0.831362187862396
"20694",121.972423970849,-13.2910702518083,0.829328835010529
"20695",122.054740333948,-13.2910702518083,0.826955020427704
"20696",122.137056697047,-13.2910702518083,0.824261844158173
"20697",122.219373060147,-13.2910702518083,0.821195244789124
"20698",122.301689423246,-13.2910702518083,0.817825078964233
"20699",122.384005786345,-13.2910702518083,0.81407642364502
"20700",122.466322149445,-13.2910702518083,0.809852719306946
"20701",122.548638512544,-13.2910702518083,0.805236577987671
"20702",122.630954875643,-13.2910702518083,0.800086319446564
"20703",122.713271238742,-13.2910702518083,0.794384181499481
"20704",122.795587601842,-13.2910702518083,0.787985622882843
"20705",122.877903964941,-13.2910702518083,0.780862629413605
"20706",122.96022032804,-13.2910702518083,0.77283388376236
"20707",123.04253669114,-13.2910702518083,0.763676106929779
"20708",123.124853054239,-13.2910702518083,0.753183782100677
"20709",123.207169417338,-13.2910702518083,0.741079568862915
"20710",123.289485780437,-13.2910702518083,0.727044463157654
"20711",123.371802143537,-13.2910702518083,0.71084052324295
"20712",123.454118506636,-13.2910702518083,0.692202210426331
"20713",123.536434869735,-13.2910702518083,0.670958280563354
"20714",123.618751232835,-13.2910702518083,0.646775543689728
"20715",123.701067595934,-13.2910702518083,0.619538307189941
"20716",123.783383959033,-13.2910702518083,0.589206874370575
"20717",123.865700322132,-13.2910702518083,0.555625081062317
"20718",123.948016685232,-13.2910702518083,0.518765866756439
"20719",124.030333048331,-13.2910702518083,0.479173123836517
"20720",124.11264941143,-13.2910702518083,0.439818382263184
"20721",124.19496577453,-13.2910702518083,0.403457671403885
"20722",124.277282137629,-13.2910702518083,0.370608985424042
"20723",124.359598500728,-13.2910702518083,0.340810328722
"20724",124.441914863827,-13.2910702518083,0.313369691371918
"20725",124.524231226927,-13.2910702518083,0.287843436002731
"20726",124.606547590026,-13.2910702518083,0.263895750045776
"20727",124.688863953125,-13.2910702518083,0.241131991147995
"20728",124.771180316225,-13.2910702518083,0.219541013240814
"20729",124.853496679324,-13.2910702518083,0.198902100324631
"20730",124.935813042423,-13.2910702518083,0.179035320878029
"20731",125.018129405522,-13.2910702518083,0.159940585494041
"20732",125.100445768622,-13.2910702518083,0.141524642705917
"20733",125.182762131721,-13.2910702518083,0.123689815402031
"20734",125.26507849482,-13.2910702518083,0.106407210230827
"20735",125.34739485792,-13.2910702518083,0.0896385684609413
"20736",125.429711221019,-13.2910702518083,0.0733630061149597
"20737",125.512027584118,-13.2910702518083,0.0574904978275299
"20738",125.594343947217,-13.2910702518083,0.0420141965150833
"20739",125.676660310317,-13.2910702518083,0.0269301608204842
"20740",125.758976673416,-13.2910702518083,0.0121980840340257
"20741",125.841293036515,-13.2910702518083,0.00343618867918849
"20742",125.923609399615,-13.2910702518083,0.000646996486466378
"20743",126.005925762714,-13.2910702518083,0
"20744",126.088242125813,-13.2910702518083,0
"20745",126.170558488912,-13.2910702518083,0
"20746",126.252874852012,-13.2910702518083,0
"20747",126.335191215111,-13.2910702518083,0
"20748",126.41750757821,-13.2910702518083,0
"20749",126.49982394131,-13.2910702518083,0
"20750",126.582140304409,-13.2910702518083,0
"20751",126.664456667508,-13.2910702518083,0
"20752",126.746773030607,-13.2910702518083,0
"20753",126.829089393707,-13.2910702518083,0
"20754",126.911405756806,-13.2910702518083,0
"20755",126.993722119905,-13.2910702518083,0
"20756",127.076038483004,-13.2910702518083,0
"20757",127.158354846104,-13.2910702518083,0
"20758",127.240671209203,-13.2910702518083,0
"20759",127.322987572302,-13.2910702518083,0
"20760",127.405303935402,-13.2910702518083,0
"20761",127.487620298501,-13.2910702518083,0
"20762",127.5699366616,-13.2910702518083,0
"20763",127.652253024699,-13.2910702518083,0
"20764",127.734569387799,-13.2910702518083,0
"20765",127.816885750898,-13.2910702518083,0
"20766",127.899202113997,-13.2910702518083,0
"20767",127.981518477097,-13.2910702518083,0
"20768",128.063834840196,-13.2910702518083,0
"20769",128.146151203295,-13.2910702518083,0
"20770",128.228467566394,-13.2910702518083,0
"20771",128.310783929494,-13.2910702518083,0
"20772",128.393100292593,-13.2910702518083,0
"20773",128.475416655692,-13.2910702518083,0
"20774",128.557733018792,-13.2910702518083,0
"20775",128.640049381891,-13.2910702518083,0
"20776",128.72236574499,-13.2910702518083,0
"20777",128.804682108089,-13.2910702518083,0
"20778",128.886998471189,-13.2910702518083,0
"20779",128.969314834288,-13.2910702518083,0
"20780",129.051631197387,-13.2910702518083,0
"20781",129.133947560487,-13.2910702518083,0
"20782",129.216263923586,-13.2910702518083,0
"20783",129.298580286685,-13.2910702518083,0
"20784",129.380896649784,-13.2910702518083,0
"20785",129.463213012884,-13.2910702518083,0
"20786",129.545529375983,-13.2910702518083,0
"20787",129.627845739082,-13.2910702518083,0
"20788",129.710162102182,-13.2910702518083,0
"20789",129.792478465281,-13.2910702518083,0
"20790",129.87479482838,-13.2910702518083,0
"20791",129.957111191479,-13.2910702518083,0
"20792",130.039427554579,-13.2910702518083,0
"20793",130.121743917678,-13.2910702518083,0
"20794",130.204060280777,-13.2910702518083,0
"20795",130.286376643877,-13.2910702518083,0
"20976",121.725474881551,-13.3733866149076,0.823052942752838
"20977",121.80779124465,-13.3733866149076,0.82156366109848
"20978",121.89010760775,-13.3733866149076,0.819685697555542
"20979",121.972423970849,-13.3733866149076,0.817382276058197
"20980",122.054740333948,-13.3733866149076,0.814709544181824
"20981",122.137056697047,-13.3733866149076,0.811655402183533
"20982",122.219373060147,-13.3733866149076,0.808197915554047
"20983",122.301689423246,-13.3733866149076,0.804312407970428
"20984",122.384005786345,-13.3733866149076,0.800042927265167
"20985",122.466322149445,-13.3733866149076,0.79522567987442
"20986",122.548638512544,-13.3733866149076,0.789812624454498
"20987",122.630954875643,-13.3733866149076,0.783863604068756
"20988",122.713271238742,-13.3733866149076,0.777292370796204
"20989",122.795587601842,-13.3733866149076,0.769915401935577
"20990",122.877903964941,-13.3733866149076,0.761675894260406
"20991",122.96022032804,-13.3733866149076,0.752393662929535
"20992",123.04253669114,-13.3733866149076,0.741926789283752
"20993",123.124853054239,-13.3733866149076,0.730090975761414
"20994",123.207169417338,-13.3733866149076,0.716563582420349
"20995",123.289485780437,-13.3733866149076,0.701161742210388
"20996",123.371802143537,-13.3733866149076,0.683693885803223
"20997",123.454118506636,-13.3733866149076,0.663837015628815
"20998",123.536434869735,-13.3733866149076,0.641491889953613
"20999",123.618751232835,-13.3733866149076,0.616414904594421
"21000",123.701067595934,-13.3733866149076,0.588558256626129
"21001",123.783383959033,-13.3733866149076,0.557791709899902
"21002",123.865700322132,-13.3733866149076,0.523943305015564
"21003",123.948016685232,-13.3733866149076,0.486583232879639
"21004",124.030333048331,-13.3733866149076,0.444931715726852
"21005",124.11264941143,-13.3733866149076,0.403273582458496
"21006",124.19496577453,-13.3733866149076,0.367212563753128
"21007",124.277282137629,-13.3733866149076,0.335665225982666
"21008",124.359598500728,-13.3733866149076,0.307263314723969
"21009",124.441914863827,-13.3733866149076,0.281088918447495
"21010",124.524231226927,-13.3733866149076,0.256839096546173
"21011",124.606547590026,-13.3733866149076,0.234030947089195
"21012",124.688863953125,-13.3733866149076,0.21232745051384
"21013",124.771180316225,-13.3733866149076,0.191728264093399
"21014",124.853496679324,-13.3733866149076,0.171965017914772
"21015",124.935813042423,-13.3733866149076,0.152936488389969
"21016",125.018129405522,-13.3733866149076,0.134667307138443
"21017",125.100445768622,-13.3733866149076,0.116990260779858
"21018",125.182762131721,-13.3733866149076,0.0998619645833969
"21019",125.26507849482,-13.3733866149076,0.0832468047738075
"21020",125.34739485792,-13.3733866149076,0.0671016573905945
"21021",125.429711221019,-13.3733866149076,0.0513689331710339
"21022",125.512027584118,-13.3733866149076,0.0360600501298904
"21023",125.594343947217,-13.3733866149076,0.0211400836706161
"21024",125.676660310317,-13.3733866149076,0.00729237077757716
"21025",125.758976673416,-13.3733866149076,0.00117055431474
"21026",125.841293036515,-13.3733866149076,0.000173103006090969
"21027",125.923609399615,-13.3733866149076,0
"21028",126.005925762714,-13.3733866149076,0
"21029",126.088242125813,-13.3733866149076,0
"21030",126.170558488912,-13.3733866149076,0
"21031",126.252874852012,-13.3733866149076,0
"21032",126.335191215111,-13.3733866149076,0
"21033",126.41750757821,-13.3733866149076,0
"21034",126.49982394131,-13.3733866149076,0
"21035",126.582140304409,-13.3733866149076,0
"21036",126.664456667508,-13.3733866149076,0
"21037",126.746773030607,-13.3733866149076,0
"21038",126.829089393707,-13.3733866149076,0
"21039",126.911405756806,-13.3733866149076,0
"21040",126.993722119905,-13.3733866149076,0
"21041",127.076038483004,-13.3733866149076,0
"21042",127.158354846104,-13.3733866149076,0
"21043",127.240671209203,-13.3733866149076,0
"21044",127.322987572302,-13.3733866149076,0
"21045",127.405303935402,-13.3733866149076,0
"21046",127.487620298501,-13.3733866149076,0
"21047",127.5699366616,-13.3733866149076,0
"21048",127.652253024699,-13.3733866149076,0
"21049",127.734569387799,-13.3733866149076,0
"21050",127.816885750898,-13.3733866149076,0
"21051",127.899202113997,-13.3733866149076,0
"21052",127.981518477097,-13.3733866149076,0
"21053",128.063834840196,-13.3733866149076,0
"21054",128.146151203295,-13.3733866149076,0
"21055",128.228467566394,-13.3733866149076,0
"21056",128.310783929494,-13.3733866149076,0
"21057",128.393100292593,-13.3733866149076,0
"21058",128.475416655692,-13.3733866149076,0
"21059",128.557733018792,-13.3733866149076,0
"21060",128.640049381891,-13.3733866149076,0
"21061",128.72236574499,-13.3733866149076,0
"21062",128.804682108089,-13.3733866149076,0
"21063",128.886998471189,-13.3733866149076,0
"21064",128.969314834288,-13.3733866149076,0
"21065",129.051631197387,-13.3733866149076,0
"21066",129.133947560487,-13.3733866149076,0
"21067",129.216263923586,-13.3733866149076,0
"21068",129.298580286685,-13.3733866149076,0
"21069",129.380896649784,-13.3733866149076,0
"21070",129.463213012884,-13.3733866149076,0
"21071",129.545529375983,-13.3733866149076,0
"21072",129.627845739082,-13.3733866149076,0
"21073",129.710162102182,-13.3733866149076,0
"21074",129.792478465281,-13.3733866149076,0
"21075",129.87479482838,-13.3733866149076,0
"21076",129.957111191479,-13.3733866149076,0
"21077",130.039427554579,-13.3733866149076,0
"21078",130.121743917678,-13.3733866149076,0
"21079",130.204060280777,-13.3733866149076,0
"21080",130.286376643877,-13.3733866149076,0
"21262",121.80779124465,-13.4557029780069,0.80937248468399
"21263",121.89010760775,-13.4557029780069,0.80728942155838
"21264",121.972423970849,-13.4557029780069,0.804742515087128
"21265",122.054740333948,-13.4557029780069,0.801728546619415
"21266",122.137056697047,-13.4557029780069,0.798295497894287
"21267",122.219373060147,-13.4557029780069,0.794401884078979
"21268",122.301689423246,-13.4557029780069,0.790018618106842
"21269",122.384005786345,-13.4557029780069,0.78507262468338
"21270",122.466322149445,-13.4557029780069,0.779569327831268
"21271",122.548638512544,-13.4557029780069,0.773456215858459
"21272",122.630954875643,-13.4557029780069,0.766714811325073
"21273",122.713271238742,-13.4557029780069,0.759251952171326
"21274",122.795587601842,-13.4557029780069,0.750914216041565
"21275",122.877903964941,-13.4557029780069,0.741607964038849
"21276",122.96022032804,-13.4557029780069,0.73116934299469
"21277",123.04253669114,-13.4557029780069,0.719507217407227
"21278",123.124853054239,-13.4557029780069,0.706406712532043
"21279",123.207169417338,-13.4557029780069,0.691596806049347
"21280",123.289485780437,-13.4557029780069,0.674922704696655
"21281",123.371802143537,-13.4557029780069,0.656230270862579
"21282",123.454118506636,-13.4557029780069,0.635295331478119
"21283",123.536434869735,-13.4557029780069,0.611968874931335
"21284",123.618751232835,-13.4557029780069,0.586126744747162
"21285",123.701067595934,-13.4557029780069,0.557622492313385
"21286",123.783383959033,-13.4557029780069,0.52640300989151
"21287",123.865700322132,-13.4557029780069,0.492298573255539
"21288",123.948016685232,-13.4557029780069,0.454744040966034
"21289",124.030333048331,-13.4557029780069,0.411882847547531
"21290",124.11264941143,-13.4557029780069,0.368986636400223
"21291",124.19496577453,-13.4557029780069,0.333995431661606
"21292",124.277282137629,-13.4557029780069,0.303646802902222
"21293",124.359598500728,-13.4557029780069,0.276296257972717
"21294",124.441914863827,-13.4557029780069,0.251219719648361
"21295",124.524231226927,-13.4557029780069,0.227965533733368
"21296",124.606547590026,-13.4557029780069,0.205988198518753
"21297",124.688863953125,-13.4557029780069,0.185198649764061
"21298",124.771180316225,-13.4557029780069,0.165441751480103
"21299",124.853496679324,-13.4557029780069,0.146430149674416
"21300",124.935813042423,-13.4557029780069,0.1281478703022
"21301",125.018129405522,-13.4557029780069,0.110545828938484
"21302",125.100445768622,-13.4557029780069,0.0935239046812057
"21303",125.182762131721,-13.4557029780069,0.0770533606410027
"21304",125.26507849482,-13.4557029780069,0.0610506124794483
"21305",125.34739485792,-13.4557029780069,0.0454716309905052
"21306",125.429711221019,-13.4557029780069,0.0302675794810057
"21307",125.512027584118,-13.4557029780069,0.0157470051199198
"21308",125.594343947217,-13.4557029780069,0.00398981478065252
"21309",125.676660310317,-13.4557029780069,0.000342179206199944
"21310",125.758976673416,-13.4557029780069,0
"21311",125.841293036515,-13.4557029780069,0
"21312",125.923609399615,-13.4557029780069,0
"21313",126.005925762714,-13.4557029780069,0
"21314",126.088242125813,-13.4557029780069,0
"21315",126.170558488912,-13.4557029780069,0
"21316",126.252874852012,-13.4557029780069,0
"21317",126.335191215111,-13.4557029780069,0
"21318",126.41750757821,-13.4557029780069,0
"21319",126.49982394131,-13.4557029780069,0
"21320",126.582140304409,-13.4557029780069,0
"21321",126.664456667508,-13.4557029780069,0
"21322",126.746773030607,-13.4557029780069,0
"21323",126.829089393707,-13.4557029780069,0
"21324",126.911405756806,-13.4557029780069,0
"21325",126.993722119905,-13.4557029780069,0
"21326",127.076038483004,-13.4557029780069,0
"21327",127.158354846104,-13.4557029780069,0
"21328",127.240671209203,-13.4557029780069,0
"21329",127.322987572302,-13.4557029780069,0
"21330",127.405303935402,-13.4557029780069,0
"21331",127.487620298501,-13.4557029780069,0
"21332",127.5699366616,-13.4557029780069,0
"21333",127.652253024699,-13.4557029780069,0
"21334",127.734569387799,-13.4557029780069,0
"21335",127.816885750898,-13.4557029780069,0
"21336",127.899202113997,-13.4557029780069,0
"21337",127.981518477097,-13.4557029780069,0
"21338",128.063834840196,-13.4557029780069,0
"21339",128.146151203295,-13.4557029780069,0
"21340",128.228467566394,-13.4557029780069,0
"21341",128.310783929494,-13.4557029780069,0
"21342",128.393100292593,-13.4557029780069,0
"21343",128.475416655692,-13.4557029780069,0
"21344",128.557733018792,-13.4557029780069,0
"21345",128.640049381891,-13.4557029780069,0
"21346",128.72236574499,-13.4557029780069,0
"21347",128.804682108089,-13.4557029780069,0
"21348",128.886998471189,-13.4557029780069,0
"21349",128.969314834288,-13.4557029780069,0
"21350",129.051631197387,-13.4557029780069,0
"21351",129.133947560487,-13.4557029780069,0
"21352",129.216263923586,-13.4557029780069,0
"21353",129.298580286685,-13.4557029780069,0
"21354",129.380896649784,-13.4557029780069,0
"21355",129.463213012884,-13.4557029780069,0
"21356",129.545529375983,-13.4557029780069,0
"21357",129.627845739082,-13.4557029780069,0
"21358",129.710162102182,-13.4557029780069,0
"21359",129.792478465281,-13.4557029780069,0
"21360",129.87479482838,-13.4557029780069,0
"21361",129.957111191479,-13.4557029780069,0
"21362",130.039427554579,-13.4557029780069,0
"21363",130.121743917678,-13.4557029780069,0
"21364",130.204060280777,-13.4557029780069,0
"21365",130.286376643877,-13.4557029780069,0
"21366",130.368693006976,-13.4557029780069,0
"21547",121.80779124465,-13.5380193411062,0.796542286872864
"21548",121.89010760775,-13.5380193411062,0.794199764728546
"21549",121.972423970849,-13.5380193411062,0.79136997461319
"21550",122.054740333948,-13.5380193411062,0.788033604621887
"21551",122.137056697047,-13.5380193411062,0.784183084964752
"21552",122.219373060147,-13.5380193411062,0.779780268669128
"21553",122.301689423246,-13.5380193411062,0.774818181991577
"21554",122.384005786345,-13.5380193411062,0.769330441951752
"21555",122.466322149445,-13.5380193411062,0.76320207118988
"21556",122.548638512544,-13.5380193411062,0.756354212760925
"21557",122.630954875643,-13.5380193411062,0.74879390001297
"21558",122.713271238742,-13.5380193411062,0.740461409091949
"21559",122.795587601842,-13.5380193411062,0.731175720691681
"21560",122.877903964941,-13.5380193411062,0.720843851566315
"21561",122.96022032804,-13.5380193411062,0.709339916706085
"21562",123.04253669114,-13.5380193411062,0.696557998657227
"21563",123.124853054239,-13.5380193411062,0.682279825210571
"21564",123.207169417338,-13.5380193411062,0.666369080543518
"21565",123.289485780437,-13.5380193411062,0.648587286472321
"21566",123.371802143537,-13.5380193411062,0.628822505474091
"21567",123.454118506636,-13.5380193411062,0.606833100318909
"21568",123.536434869735,-13.5380193411062,0.582645833492279
"21569",123.618751232835,-13.5380193411062,0.5560502409935
"21570",123.701067595934,-13.5380193411062,0.526941180229187
"21571",123.783383959033,-13.5380193411062,0.495043247938156
"21572",123.865700322132,-13.5380193411062,0.460399210453033
"21573",123.948016685232,-13.5380193411062,0.422295212745667
"21574",124.030333048331,-13.5380193411062,0.380480825901031
"21575",124.11264941143,-13.5380193411062,0.339708387851715
"21576",124.19496577453,-13.5380193411062,0.305442005395889
"21577",124.277282137629,-13.5380193411062,0.275550067424774
"21578",124.359598500728,-13.5380193411062,0.248741388320923
"21579",124.441914863827,-13.5380193411062,0.224184677004814
"21580",124.524231226927,-13.5380193411062,0.201609507203102
"21581",124.606547590026,-13.5380193411062,0.180298179388046
"21582",124.688863953125,-13.5380193411062,0.160145848989487
"21583",124.771180316225,-13.5380193411062,0.140955612063408
"21584",124.853496679324,-13.5380193411062,0.122547000646591
"21585",124.935813042423,-13.5380193411062,0.104872524738312
"21586",125.018129405522,-13.5380193411062,0.087826631963253
"21587",125.100445768622,-13.5380193411062,0.0713634565472603
"21588",125.182762131721,-13.5380193411062,0.0554501414299011
"21589",125.26507849482,-13.5380193411062,0.0399222820997238
"21590",125.34739485792,-13.5380193411062,0.0248063579201698
"21591",125.429711221019,-13.5380193411062,0.0110553316771984
"21592",125.512027584118,-13.5380193411062,0.00218838592991233
"21593",125.594343947217,-13.5380193411062,0
"21594",125.676660310317,-13.5380193411062,0
"21595",125.758976673416,-13.5380193411062,0
"21596",125.841293036515,-13.5380193411062,0
"21597",125.923609399615,-13.5380193411062,0
"21598",126.005925762714,-13.5380193411062,0
"21599",126.088242125813,-13.5380193411062,0
"21600",126.170558488912,-13.5380193411062,0
"21601",126.252874852012,-13.5380193411062,0
"21602",126.335191215111,-13.5380193411062,0
"21603",126.41750757821,-13.5380193411062,0
"21604",126.49982394131,-13.5380193411062,0
"21605",126.582140304409,-13.5380193411062,0
"21606",126.664456667508,-13.5380193411062,0
"21607",126.746773030607,-13.5380193411062,0
"21608",126.829089393707,-13.5380193411062,0
"21609",126.911405756806,-13.5380193411062,0
"21610",126.993722119905,-13.5380193411062,0
"21611",127.076038483004,-13.5380193411062,0
"21612",127.158354846104,-13.5380193411062,0
"21613",127.240671209203,-13.5380193411062,0
"21614",127.322987572302,-13.5380193411062,0
"21615",127.405303935402,-13.5380193411062,0
"21616",127.487620298501,-13.5380193411062,0
"21617",127.5699366616,-13.5380193411062,0
"21618",127.652253024699,-13.5380193411062,0
"21619",127.734569387799,-13.5380193411062,0
"21620",127.816885750898,-13.5380193411062,0
"21621",127.899202113997,-13.5380193411062,0
"21622",127.981518477097,-13.5380193411062,0
"21623",128.063834840196,-13.5380193411062,0
"21624",128.146151203295,-13.5380193411062,0
"21625",128.228467566394,-13.5380193411062,0
"21626",128.310783929494,-13.5380193411062,0
"21627",128.393100292593,-13.5380193411062,0
"21628",128.475416655692,-13.5380193411062,0
"21629",128.557733018792,-13.5380193411062,0
"21630",128.640049381891,-13.5380193411062,0
"21631",128.72236574499,-13.5380193411062,0
"21632",128.804682108089,-13.5380193411062,0
"21633",128.886998471189,-13.5380193411062,0
"21634",128.969314834288,-13.5380193411062,0
"21635",129.051631197387,-13.5380193411062,0
"21636",129.133947560487,-13.5380193411062,0
"21637",129.216263923586,-13.5380193411062,0
"21638",129.298580286685,-13.5380193411062,0
"21639",129.380896649784,-13.5380193411062,0
"21640",129.463213012884,-13.5380193411062,0
"21641",129.545529375983,-13.5380193411062,0
"21642",129.627845739082,-13.5380193411062,0
"21643",129.710162102182,-13.5380193411062,0
"21644",129.792478465281,-13.5380193411062,0
"21645",129.87479482838,-13.5380193411062,0
"21646",129.957111191479,-13.5380193411062,0
"21647",130.039427554579,-13.5380193411062,0
"21648",130.121743917678,-13.5380193411062,0
"21649",130.204060280777,-13.5380193411062,0
"21832",121.80779124465,-13.6203357042055,0.783082365989685
"21833",121.89010760775,-13.6203357042055,0.780464589595795
"21834",121.972423970849,-13.6203357042055,0.777290284633636
"21835",122.054740333948,-13.6203357042055,0.773591458797455
"21836",122.137056697047,-13.6203357042055,0.769314110279083
"21837",122.219373060147,-13.6203357042055,0.764422357082367
"21838",122.301689423246,-13.6203357042055,0.758952796459198
"21839",122.384005786345,-13.6203357042055,0.752849757671356
"21840",122.466322149445,-13.6203357042055,0.746092319488525
"21841",122.548638512544,-13.6203357042055,0.738482177257538
"21842",122.630954875643,-13.6203357042055,0.73015284538269
"21843",122.713271238742,-13.6203357042055,0.721022963523865
"21844",122.795587601842,-13.6203357042055,0.710812449455261
"21845",122.877903964941,-13.6203357042055,0.69957423210144
"21846",122.96022032804,-13.6203357042055,0.687122583389282
"21847",123.04253669114,-13.6203357042055,0.673295915126801
"21848",123.124853054239,-13.6203357042055,0.657994747161865
"21849",123.207169417338,-13.6203357042055,0.641074120998383
"21850",123.289485780437,-13.6203357042055,0.622305631637573
"21851",123.371802143537,-13.6203357042055,0.601555585861206
"21852",123.454118506636,-13.6203357042055,0.578788220882416
"21853",123.536434869735,-13.6203357042055,0.553788065910339
"21854",123.618751232835,-13.6203357042055,0.526395738124847
"21855",123.701067595934,-13.6203357042055,0.49677100777626
"21856",123.783383959033,-13.6203357042055,0.46447828412056
"21857",123.865700322132,-13.6203357042055,0.429580628871918
"21858",123.948016685232,-13.6203357042055,0.391982555389404
"21859",124.030333048331,-13.6203357042055,0.352739423513412
"21860",124.11264941143,-13.6203357042055,0.314924031496048
"21861",124.19496577453,-13.6203357042055,0.281159788370132
"21862",124.277282137629,-13.6203357042055,0.251342564821243
"21863",124.359598500728,-13.6203357042055,0.224674433469772
"21864",124.441914863827,-13.6203357042055,0.20027731359005
"21865",124.524231226927,-13.6203357042055,0.17790874838829
"21866",124.606547590026,-13.6203357042055,0.156969666481018
"21867",124.688863953125,-13.6203357042055,0.137213781476021
"21868",124.771180316225,-13.6203357042055,0.118376277387142
"21869",124.853496679324,-13.6203357042055,0.100415274500847
"21870",124.935813042423,-13.6203357042055,0.0831740498542786
"21871",125.018129405522,-13.6203357042055,0.0665848329663277
"21872",125.100445768622,-13.6203357042055,0.0505373477935791
"21873",125.182762131721,-13.6203357042055,0.0350007675588131
"21874",125.26507849482,-13.6203357042055,0.0199310705065727
"21875",125.34739485792,-13.6203357042055,0.00716159259900451
"21876",125.429711221019,-13.6203357042055,0.000995243084616959
"21877",125.512027584118,-13.6203357042055,0
"21878",125.594343947217,-13.6203357042055,0
"21879",125.676660310317,-13.6203357042055,0
"21880",125.758976673416,-13.6203357042055,0
"21881",125.841293036515,-13.6203357042055,0
"21882",125.923609399615,-13.6203357042055,0
"21883",126.005925762714,-13.6203357042055,0
"21884",126.088242125813,-13.6203357042055,0
"21885",126.170558488912,-13.6203357042055,0
"21886",126.252874852012,-13.6203357042055,0
"21887",126.335191215111,-13.6203357042055,0
"21888",126.41750757821,-13.6203357042055,0
"21889",126.49982394131,-13.6203357042055,0
"21890",126.582140304409,-13.6203357042055,0
"21891",126.664456667508,-13.6203357042055,0
"21892",126.746773030607,-13.6203357042055,0
"21893",126.829089393707,-13.6203357042055,0
"21894",126.911405756806,-13.6203357042055,0
"21895",126.993722119905,-13.6203357042055,0
"21896",127.076038483004,-13.6203357042055,0
"21897",127.158354846104,-13.6203357042055,0
"21898",127.240671209203,-13.6203357042055,0
"21899",127.322987572302,-13.6203357042055,0
"21900",127.405303935402,-13.6203357042055,0
"21901",127.487620298501,-13.6203357042055,0
"21902",127.5699366616,-13.6203357042055,0
"21903",127.652253024699,-13.6203357042055,0
"21904",127.734569387799,-13.6203357042055,0
"21905",127.816885750898,-13.6203357042055,0
"21906",127.899202113997,-13.6203357042055,0
"21907",127.981518477097,-13.6203357042055,0
"21908",128.063834840196,-13.6203357042055,0
"21909",128.146151203295,-13.6203357042055,0
"21910",128.228467566394,-13.6203357042055,0
"21911",128.310783929494,-13.6203357042055,0
"21912",128.393100292593,-13.6203357042055,0
"21913",128.475416655692,-13.6203357042055,0
"21914",128.557733018792,-13.6203357042055,0
"21915",128.640049381891,-13.6203357042055,0
"21916",128.72236574499,-13.6203357042055,0
"21917",128.804682108089,-13.6203357042055,0
"21918",128.886998471189,-13.6203357042055,0
"21919",128.969314834288,-13.6203357042055,0
"21920",129.051631197387,-13.6203357042055,0
"21921",129.133947560487,-13.6203357042055,0
"21922",129.216263923586,-13.6203357042055,0
"21923",129.298580286685,-13.6203357042055,0
"21924",129.380896649784,-13.6203357042055,0
"21925",129.463213012884,-13.6203357042055,0
"21926",129.545529375983,-13.6203357042055,0
"21927",129.627845739082,-13.6203357042055,0
"21928",129.710162102182,-13.6203357042055,0
"21929",129.792478465281,-13.6203357042055,0
"21930",129.87479482838,-13.6203357042055,0
"21931",129.957111191479,-13.6203357042055,0
"21932",130.039427554579,-13.6203357042055,0
"22116",121.725474881551,-13.7026520673048,0.769819617271423
"22117",121.80779124465,-13.7026520673048,0.769014596939087
"22118",121.89010760775,-13.7026520673048,0.766139328479767
"22119",121.972423970849,-13.7026520673048,0.762603998184204
"22120",122.054740333948,-13.7026520673048,0.758517205715179
"22121",122.137056697047,-13.7026520673048,0.753775417804718
"22122",122.219373060147,-13.7026520673048,0.748430728912354
"22123",122.301689423246,-13.7026520673048,0.742459833621979
"22124",122.384005786345,-13.7026520673048,0.735761702060699
"22125",122.466322149445,-13.7026520673048,0.728397011756897
"22126",122.548638512544,-13.7026520673048,0.720137536525726
"22127",122.630954875643,-13.7026520673048,0.711061000823975
"22128",122.713271238742,-13.7026520673048,0.701110482215881
"22129",122.795587601842,-13.7026520673048,0.690065562725067
"22130",122.877903964941,-13.7026520673048,0.677968680858612
"22131",122.96022032804,-13.7026520673048,0.664636790752411
"22132",123.04253669114,-13.7026520673048,0.649899363517761
"22133",123.124853054239,-13.7026520673048,0.63374137878418
"22134",123.207169417338,-13.7026520673048,0.615864336490631
"22135",123.289485780437,-13.7026520673048,0.596219182014465
"22136",123.371802143537,-13.7026520673048,0.574743449687958
"22137",123.454118506636,-13.7026520673048,0.5511834025383
"22138",123.536434869735,-13.7026520673048,0.525614380836487
"22139",123.618751232835,-13.7026520673048,0.497824728488922
"22140",123.701067595934,-13.7026520673048,0.467853516340256
"22141",123.783383959033,-13.7026520673048,0.435626417398453
"22142",123.865700322132,-13.7026520673048,0.401177436113358
"22143",123.948016685232,-13.7026520673048,0.365002930164337
"22144",124.030333048331,-13.7026520673048,0.328165709972382
"22145",124.11264941143,-13.7026520673048,0.292648166418076
"22146",124.19496577453,-13.7026520673048,0.259899109601974
"22147",124.277282137629,-13.7026520673048,0.230319127440453
"22148",124.359598500728,-13.7026520673048,0.20352603495121
"22149",124.441914863827,-13.7026520673048,0.179136857390404
"22150",124.524231226927,-13.7026520673048,0.156850039958954
"22151",124.606547590026,-13.7026520673048,0.135996356606483
"22152",124.688863953125,-13.7026520673048,0.116348251700401
"22153",124.771180316225,-13.7026520673048,0.0977964326739311
"22154",124.853496679324,-13.7026520673048,0.0801306813955307
"22155",124.935813042423,-13.7026520673048,0.063192792236805
"22156",125.018129405522,-13.7026520673048,0.046897254884243
"22157",125.100445768622,-13.7026520673048,0.0311787035316229
"22158",125.182762131721,-13.7026520673048,0.0159638151526451
"22159",125.26507849482,-13.7026520673048,0.00423528719693422
"22160",125.34739485792,-13.7026520673048,0.000293173070531338
"22161",125.429711221019,-13.7026520673048,0
"22162",125.512027584118,-13.7026520673048,0
"22163",125.594343947217,-13.7026520673048,0
"22164",125.676660310317,-13.7026520673048,0
"22165",125.758976673416,-13.7026520673048,0
"22166",125.841293036515,-13.7026520673048,0
"22167",125.923609399615,-13.7026520673048,0
"22168",126.005925762714,-13.7026520673048,0
"22169",126.088242125813,-13.7026520673048,0
"22170",126.170558488912,-13.7026520673048,0
"22171",126.252874852012,-13.7026520673048,0
"22172",126.335191215111,-13.7026520673048,0
"22173",126.41750757821,-13.7026520673048,0
"22174",126.49982394131,-13.7026520673048,0
"22175",126.582140304409,-13.7026520673048,0
"22176",126.664456667508,-13.7026520673048,0
"22177",126.746773030607,-13.7026520673048,0
"22178",126.829089393707,-13.7026520673048,0
"22179",126.911405756806,-13.7026520673048,0
"22180",126.993722119905,-13.7026520673048,0
"22181",127.076038483004,-13.7026520673048,0
"22182",127.158354846104,-13.7026520673048,0
"22183",127.240671209203,-13.7026520673048,0
"22184",127.322987572302,-13.7026520673048,0
"22185",127.405303935402,-13.7026520673048,0
"22186",127.487620298501,-13.7026520673048,0
"22187",127.5699366616,-13.7026520673048,0
"22188",127.652253024699,-13.7026520673048,0
"22189",127.734569387799,-13.7026520673048,0
"22190",127.816885750898,-13.7026520673048,0
"22191",127.899202113997,-13.7026520673048,0
"22192",127.981518477097,-13.7026520673048,0
"22193",128.063834840196,-13.7026520673048,0
"22194",128.146151203295,-13.7026520673048,0
"22195",128.228467566394,-13.7026520673048,0
"22196",128.310783929494,-13.7026520673048,0
"22197",128.393100292593,-13.7026520673048,0
"22198",128.475416655692,-13.7026520673048,0
"22199",128.557733018792,-13.7026520673048,0
"22200",128.640049381891,-13.7026520673048,0
"22201",128.72236574499,-13.7026520673048,0
"22202",128.804682108089,-13.7026520673048,0
"22203",128.886998471189,-13.7026520673048,0
"22204",128.969314834288,-13.7026520673048,0
"22205",129.051631197387,-13.7026520673048,0
"22206",129.133947560487,-13.7026520673048,0
"22207",129.216263923586,-13.7026520673048,0
"22208",129.298580286685,-13.7026520673048,0
"22209",129.380896649784,-13.7026520673048,0
"22210",129.463213012884,-13.7026520673048,0
"22211",129.545529375983,-13.7026520673048,0
"22212",129.627845739082,-13.7026520673048,0
"22213",129.710162102182,-13.7026520673048,0
"22214",129.792478465281,-13.7026520673048,0
"22215",129.87479482838,-13.7026520673048,0
"22400",121.643158518452,-13.7849684304041,0.75648832321167
"22401",121.725474881551,-13.7849684304041,0.755896329879761
"22402",121.80779124465,-13.7849684304041,0.754304349422455
"22403",121.89010760775,-13.7849684304041,0.751172721385956
"22404",121.972423970849,-13.7849684304041,0.747344493865967
"22405",122.054740333948,-13.7849684304041,0.742832124233246
"22406",122.137056697047,-13.7849684304041,0.737661421298981
"22407",122.219373060147,-13.7849684304041,0.731828987598419
"22408",122.301689423246,-13.7849684304041,0.725326001644135
"22409",122.384005786345,-13.7849684304041,0.718040585517883
"22410",122.466322149445,-13.7849684304041,0.710043787956238
"22411",122.548638512544,-13.7849684304041,0.70120757818222
"22412",122.630954875643,-13.7849684304041,0.691482841968536
"22413",122.713271238742,-13.7849684304041,0.680788218975067
"22414",122.795587601842,-13.7849684304041,0.669046759605408
"22415",122.877903964941,-13.7849684304041,0.656187176704407
"22416",122.96022032804,-13.7849684304041,0.642009139060974
"22417",123.04253669114,-13.7849684304041,0.62652462720871
"22418",123.124853054239,-13.7849684304041,0.60952615737915
"22419",123.207169417338,-13.7849684304041,0.590909063816071
"22420",123.289485780437,-13.7849684304041,0.570572912693024
"22421",123.371802143537,-13.7849684304041,0.548411309719086
"22422",123.454118506636,-13.7849684304041,0.524411976337433
"22423",123.536434869735,-13.7849684304041,0.498544603586197
"22424",123.618751232835,-13.7849684304041,0.470654189586639
"22425",123.701067595934,-13.7849684304041,0.440685629844666
"22426",123.783383959033,-13.7849684304041,0.408836126327515
"22427",123.865700322132,-13.7849684304041,0.375343590974808
"22428",123.948016685232,-13.7849684304041,0.34074205160141
"22429",124.030333048331,-13.7849684304041,0.305940330028534
"22430",124.11264941143,-13.7849684304041,0.272243916988373
"22431",124.19496577453,-13.7849684304041,0.240618750452995
"22432",124.277282137629,-13.7849684304041,0.211491271853447
"22433",124.359598500728,-13.7849684304041,0.18485851585865
"22434",124.441914863827,-13.7849684304041,0.160446763038635
"22435",124.524231226927,-13.7849684304041,0.138094678521156
"22436",124.606547590026,-13.7849684304041,0.117203399538994
"22437",124.688863953125,-13.7849684304041,0.0975921377539635
"22438",124.771180316225,-13.7849684304041,0.0791445448994637
"22439",124.853496679324,-13.7849684304041,0.0616049915552139
"22440",124.935813042423,-13.7849684304041,0.0448278822004795
"22441",125.018129405522,-13.7849684304041,0.0287209060043097
"22442",125.100445768622,-13.7849684304041,0.0133103877305984
"22443",125.182762131721,-13.7849684304041,0.00246389769017696
"22444",125.26507849482,-13.7849684304041,0
"22445",125.34739485792,-13.7849684304041,0
"22446",125.429711221019,-13.7849684304041,0
"22447",125.512027584118,-13.7849684304041,0
"22448",125.594343947217,-13.7849684304041,0
"22449",125.676660310317,-13.7849684304041,0
"22450",125.758976673416,-13.7849684304041,0
"22451",125.841293036515,-13.7849684304041,0
"22452",125.923609399615,-13.7849684304041,0
"22453",126.005925762714,-13.7849684304041,0
"22454",126.088242125813,-13.7849684304041,0
"22455",126.170558488912,-13.7849684304041,0
"22456",126.252874852012,-13.7849684304041,0
"22457",126.335191215111,-13.7849684304041,0
"22458",126.41750757821,-13.7849684304041,0
"22459",126.49982394131,-13.7849684304041,0
"22460",126.582140304409,-13.7849684304041,0
"22461",126.664456667508,-13.7849684304041,0
"22462",126.746773030607,-13.7849684304041,0
"22463",126.829089393707,-13.7849684304041,0
"22464",126.911405756806,-13.7849684304041,0
"22465",126.993722119905,-13.7849684304041,0
"22466",127.076038483004,-13.7849684304041,0
"22467",127.158354846104,-13.7849684304041,0
"22468",127.240671209203,-13.7849684304041,0
"22469",127.322987572302,-13.7849684304041,0
"22470",127.405303935402,-13.7849684304041,0
"22471",127.487620298501,-13.7849684304041,0
"22472",127.5699366616,-13.7849684304041,0
"22473",127.652253024699,-13.7849684304041,0
"22474",127.734569387799,-13.7849684304041,0
"22475",127.816885750898,-13.7849684304041,0
"22476",127.899202113997,-13.7849684304041,0
"22477",127.981518477097,-13.7849684304041,0
"22478",128.063834840196,-13.7849684304041,0
"22479",128.146151203295,-13.7849684304041,0
"22480",128.228467566394,-13.7849684304041,0
"22481",128.310783929494,-13.7849684304041,0
"22482",128.393100292593,-13.7849684304041,0
"22483",128.475416655692,-13.7849684304041,0
"22484",128.557733018792,-13.7849684304041,0
"22485",128.640049381891,-13.7849684304041,0
"22486",128.72236574499,-13.7849684304041,0
"22487",128.804682108089,-13.7849684304041,0
"22488",128.886998471189,-13.7849684304041,0
"22489",128.969314834288,-13.7849684304041,0
"22490",129.051631197387,-13.7849684304041,0
"22491",129.133947560487,-13.7849684304041,0
"22492",129.216263923586,-13.7849684304041,0
"22493",129.298580286685,-13.7849684304041,0
"22494",129.380896649784,-13.7849684304041,0
"22495",129.463213012884,-13.7849684304041,0
"22496",129.545529375983,-13.7849684304041,0
"22497",129.627845739082,-13.7849684304041,0
"22498",129.710162102182,-13.7849684304041,0
"22499",129.792478465281,-13.7849684304041,0
"22500",129.87479482838,-13.7849684304041,0
"22686",121.725474881551,-13.8672847935033,0.741803467273712
"22687",121.80779124465,-13.8672847935033,0.739034473896027
"22688",121.89010760775,-13.8672847935033,0.735630393028259
"22689",121.972423970849,-13.8672847935033,0.731448411941528
"22690",122.054740333948,-13.8672847935033,0.726542115211487
"22691",122.137056697047,-13.8672847935033,0.720983505249023
"22692",122.219373060147,-13.8672847935033,0.714696764945984
"22693",122.301689423246,-13.8672847935033,0.707708597183228
"22694",122.384005786345,-13.8672847935033,0.699945747852325
"22695",122.466322149445,-13.8672847935033,0.691350758075714
"22696",122.548638512544,-13.8672847935033,0.681863307952881
"22697",122.630954875643,-13.8672847935033,0.671583890914917
"22698",122.713271238742,-13.8672847935033,0.660209059715271
"22699",122.795587601842,-13.8672847935033,0.647803127765656
"22700",122.877903964941,-13.8672847935033,0.63420295715332
"22701",122.96022032804,-13.8672847935033,0.619409680366516
"22702",123.04253669114,-13.8672847935033,0.603296160697937
"22703",123.124853054239,-13.8672847935033,0.585640549659729
"22704",123.207169417338,-13.8672847935033,0.566446185112
"22705",123.289485780437,-13.8672847935033,0.545630753040314
"22706",123.371802143537,-13.8672847935033,0.523090839385986
"22707",123.454118506636,-13.8672847935033,0.498789578676224
"22708",123.536434869735,-13.8672847935033,0.472776591777802
"22709",123.618751232835,-13.8672847935033,0.444943010807037
"22710",123.701067595934,-13.8672847935033,0.415349304676056
"22711",123.783383959033,-13.8672847935033,0.384162694215775
"22712",123.865700322132,-13.8672847935033,0.351773887872696
"22713",123.948016685232,-13.8672847935033,0.318676441907883
"22714",124.030333048331,-13.8672847935033,0.285574972629547
"22715",124.11264941143,-13.8672847935033,0.25341585278511
"22716",124.19496577453,-13.8672847935033,0.222934678196907
"22717",124.277282137629,-13.8672847935033,0.194441318511963
"22718",124.359598500728,-13.8672847935033,0.168103024363518
"22719",124.441914863827,-13.8672847935033,0.143740281462669
"22720",124.524231226927,-13.8672847935033,0.121271915733814
"22721",124.606547590026,-13.8672847935033,0.100338585674763
"22722",124.688863953125,-13.8672847935033,0.0807351842522621
"22723",124.771180316225,-13.8672847935033,0.0622929856181145
"22724",124.853496679324,-13.8672847935033,0.044760949909687
"22725",124.935813042423,-13.8672847935033,0.028004040941596
"22726",125.018129405522,-13.8672847935033,0.0120398243889213
"22727",125.100445768622,-13.8672847935033,0.00185586721636355
"22728",125.182762131721,-13.8672847935033,0
"22729",125.26507849482,-13.8672847935033,0
"22730",125.34739485792,-13.8672847935033,0
"22731",125.429711221019,-13.8672847935033,0
"22732",125.512027584118,-13.8672847935033,0
"22733",125.594343947217,-13.8672847935033,0
"22734",125.676660310317,-13.8672847935033,0
"22735",125.758976673416,-13.8672847935033,0
"22736",125.841293036515,-13.8672847935033,0
"22737",125.923609399615,-13.8672847935033,0
"22738",126.005925762714,-13.8672847935033,0
"22739",126.088242125813,-13.8672847935033,0
"22740",126.170558488912,-13.8672847935033,0
"22741",126.252874852012,-13.8672847935033,0
"22742",126.335191215111,-13.8672847935033,0
"22743",126.41750757821,-13.8672847935033,0
"22744",126.49982394131,-13.8672847935033,0
"22745",126.582140304409,-13.8672847935033,0
"22746",126.664456667508,-13.8672847935033,0
"22747",126.746773030607,-13.8672847935033,0
"22748",126.829089393707,-13.8672847935033,0
"22749",126.911405756806,-13.8672847935033,0
"22750",126.993722119905,-13.8672847935033,0
"22751",127.076038483004,-13.8672847935033,0
"22752",127.158354846104,-13.8672847935033,0
"22753",127.240671209203,-13.8672847935033,0
"22754",127.322987572302,-13.8672847935033,0
"22755",127.405303935402,-13.8672847935033,0
"22756",127.487620298501,-13.8672847935033,0
"22757",127.5699366616,-13.8672847935033,0
"22758",127.652253024699,-13.8672847935033,0
"22759",127.734569387799,-13.8672847935033,0
"22760",127.816885750898,-13.8672847935033,0
"22761",127.899202113997,-13.8672847935033,0
"22762",127.981518477097,-13.8672847935033,0
"22763",128.063834840196,-13.8672847935033,0
"22764",128.146151203295,-13.8672847935033,0
"22765",128.228467566394,-13.8672847935033,0
"22766",128.310783929494,-13.8672847935033,0
"22767",128.393100292593,-13.8672847935033,0
"22768",128.475416655692,-13.8672847935033,0
"22769",128.557733018792,-13.8672847935033,0
"22770",128.640049381891,-13.8672847935033,0
"22771",128.72236574499,-13.8672847935033,0
"22772",128.804682108089,-13.8672847935033,0
"22773",128.886998471189,-13.8672847935033,0
"22774",128.969314834288,-13.8672847935033,0
"22775",129.051631197387,-13.8672847935033,0
"22776",129.133947560487,-13.8672847935033,0
"22777",129.216263923586,-13.8672847935033,0
"22778",129.298580286685,-13.8672847935033,0
"22779",129.380896649784,-13.8672847935033,0
"22780",129.463213012884,-13.8672847935033,0
"22781",129.545529375983,-13.8672847935033,0
"22782",129.627845739082,-13.8672847935033,0
"22783",129.710162102182,-13.8672847935033,0
"22784",129.792478465281,-13.8672847935033,0
"22971",121.725474881551,-13.9496011566026,0.725580215454102
"22972",121.80779124465,-13.9496011566026,0.723155915737152
"22973",121.89010760775,-13.9496011566026,0.719469368457794
"22974",121.972423970849,-13.9496011566026,0.714924097061157
"22975",122.054740333948,-13.9496011566026,0.70970219373703
"22976",122.137056697047,-13.9496011566026,0.703746616840363
"22977",122.219373060147,-13.9496011566026,0.697024524211884
"22978",122.301689423246,-13.9496011566026,0.689591765403748
"22979",122.384005786345,-13.9496011566026,0.681252360343933
"22980",122.466322149445,-13.9496011566026,0.672226190567017
"22981",122.548638512544,-13.9496011566026,0.662214636802673
"22982",122.630954875643,-13.9496011566026,0.651297986507416
"22983",122.713271238742,-13.9496011566026,0.639403879642487
"22984",122.795587601842,-13.9496011566026,0.626487016677856
"22985",122.877903964941,-13.9496011566026,0.612332046031952
"22986",122.96022032804,-13.9496011566026,0.597016155719757
"22987",123.04253669114,-13.9496011566026,0.580378770828247
"22988",123.124853054239,-13.9496011566026,0.562224984169006
"22989",123.207169417338,-13.9496011566026,0.542600810527802
"22990",123.289485780437,-13.9496011566026,0.521472752094269
"22991",123.371802143537,-13.9496011566026,0.498720914125443
"22992",123.454118506636,-13.9496011566026,0.474390834569931
"22993",123.536434869735,-13.9496011566026,0.448407828807831
"22994",123.618751232835,-13.9496011566026,0.420830428600311
"22995",123.701067595934,-13.9496011566026,0.39178803563118
"22996",123.783383959033,-13.9496011566026,0.361435621976852
"22997",123.865700322132,-13.9496011566026,0.330171972513199
"22998",123.948016685232,-13.9496011566026,0.29845604300499
"22999",124.030333048331,-13.9496011566026,0.266845196485519
"23000",124.11264941143,-13.9496011566026,0.236040443181992
"23001",124.19496577453,-13.9496011566026,0.206606060266495
"23002",124.277282137629,-13.9496011566026,0.178802669048309
"23003",124.359598500728,-13.9496011566026,0.152833715081215
"23004",124.441914863827,-13.9496011566026,0.128581628203392
"23005",124.524231226927,-13.9496011566026,0.106137253344059
"23006",124.606547590026,-13.9496011566026,0.0852113142609596
"23007",124.688863953125,-13.9496011566026,0.0655398517847061
"23008",124.771180316225,-13.9496011566026,0.0470648296177387
"23009",124.853496679324,-13.9496011566026,0.0294542852789164
"23010",124.935813042423,-13.9496011566026,0.0127766355872154
"23011",125.018129405522,-13.9496011566026,0.00205081445164979
"23012",125.100445768622,-13.9496011566026,7.3958930443041e-05
"23013",125.182762131721,-13.9496011566026,0
"23014",125.26507849482,-13.9496011566026,0
"23015",125.34739485792,-13.9496011566026,0
"23016",125.429711221019,-13.9496011566026,0
"23017",125.512027584118,-13.9496011566026,0
"23018",125.594343947217,-13.9496011566026,0
"23019",125.676660310317,-13.9496011566026,0
"23020",125.758976673416,-13.9496011566026,0
"23021",125.841293036515,-13.9496011566026,0
"23022",125.923609399615,-13.9496011566026,0
"23023",126.005925762714,-13.9496011566026,0
"23024",126.088242125813,-13.9496011566026,0
"23025",126.170558488912,-13.9496011566026,0
"23026",126.252874852012,-13.9496011566026,0
"23027",126.335191215111,-13.9496011566026,0
"23028",126.41750757821,-13.9496011566026,0
"23029",126.49982394131,-13.9496011566026,0
"23030",126.582140304409,-13.9496011566026,0
"23031",126.664456667508,-13.9496011566026,0
"23032",126.746773030607,-13.9496011566026,0
"23033",126.829089393707,-13.9496011566026,0
"23034",126.911405756806,-13.9496011566026,0
"23036",127.076038483004,-13.9496011566026,0
"23037",127.158354846104,-13.9496011566026,0
"23038",127.240671209203,-13.9496011566026,0
"23039",127.322987572302,-13.9496011566026,0
"23040",127.405303935402,-13.9496011566026,0
"23041",127.487620298501,-13.9496011566026,0
"23042",127.5699366616,-13.9496011566026,0
"23043",127.652253024699,-13.9496011566026,0
"23044",127.734569387799,-13.9496011566026,0
"23045",127.816885750898,-13.9496011566026,0
"23046",127.899202113997,-13.9496011566026,0
"23047",127.981518477097,-13.9496011566026,0
"23048",128.063834840196,-13.9496011566026,0
"23049",128.146151203295,-13.9496011566026,0
"23050",128.228467566394,-13.9496011566026,0
"23051",128.310783929494,-13.9496011566026,0
"23052",128.393100292593,-13.9496011566026,0
"23053",128.475416655692,-13.9496011566026,0
"23054",128.557733018792,-13.9496011566026,0
"23055",128.640049381891,-13.9496011566026,0
"23056",128.72236574499,-13.9496011566026,0
"23057",128.804682108089,-13.9496011566026,0
"23058",128.886998471189,-13.9496011566026,0
"23059",128.969314834288,-13.9496011566026,0
"23060",129.051631197387,-13.9496011566026,0
"23061",129.133947560487,-13.9496011566026,0
"23062",129.216263923586,-13.9496011566026,0
"23063",129.298580286685,-13.9496011566026,0
"23064",129.380896649784,-13.9496011566026,0
"23065",129.463213012884,-13.9496011566026,0
"23066",129.545529375983,-13.9496011566026,0
"23067",129.627845739082,-13.9496011566026,0
"23068",129.710162102182,-13.9496011566026,0
"23069",129.792478465281,-13.9496011566026,0
"23255",121.643158518452,-14.0319175197019,0.710815787315369
"23256",121.725474881551,-14.0319175197019,0.70975798368454
"23257",121.80779124465,-14.0319175197019,0.70672482252121
"23258",121.89010760775,-14.0319175197019,0.702675640583038
"23259",121.972423970849,-14.0319175197019,0.697882056236267
"23260",122.054740333948,-14.0319175197019,0.692288160324097
"23261",122.137056697047,-14.0319175197019,0.685858547687531
"23262",122.219373060147,-14.0319175197019,0.678728520870209
"23263",122.301689423246,-14.0319175197019,0.670905292034149
"23264",122.384005786345,-14.0319175197019,0.662165284156799
"23265",122.466322149445,-14.0319175197019,0.652634382247925
"23266",122.548638512544,-14.0319175197019,0.64228367805481
"23267",122.630954875643,-14.0319175197019,0.630916059017181
"23268",122.713271238742,-14.0319175197019,0.618573546409607
"23269",122.795587601842,-14.0319175197019,0.605176687240601
"23270",122.877903964941,-14.0319175197019,0.59061872959137
"23271",122.96022032804,-14.0319175197019,0.574872493743896
"23272",123.04253669114,-14.0319175197019,0.557799279689789
"23273",123.124853054239,-14.0319175197019,0.539376556873322
"23274",123.207169417338,-14.0319175197019,0.519523322582245
"23275",123.289485780437,-14.0319175197019,0.498210519552231
"23276",123.371802143537,-14.0319175197019,0.475395321846008
"23277",123.454118506636,-14.0319175197019,0.451088786125183
"23278",123.536434869735,-14.0319175197019,0.425334870815277
"23279",123.618751232835,-14.0319175197019,0.398223429918289
"23280",123.701067595934,-14.0319175197019,0.369865596294403
"23281",123.783383959033,-14.0319175197019,0.340408712625504
"23282",123.865700322132,-14.0319175197019,0.310262233018875
"23283",123.948016685232,-14.0319175197019,0.279811680316925
"23284",124.030333048331,-14.0319175197019,0.249544724822044
"23285",124.11264941143,-14.0319175197019,0.219964772462845
"23286",124.19496577453,-14.0319175197019,0.19143445789814
"23287",124.277282137629,-14.0319175197019,0.164351209998131
"23288",124.359598500728,-14.0319175197019,0.138885900378227
"23289",124.441914863827,-14.0319175197019,0.114877685904503
"23290",124.524231226927,-14.0319175197019,0.092508964240551
"23291",124.606547590026,-14.0319175197019,0.0715533271431923
"23292",124.688863953125,-14.0319175197019,0.0518612116575241
"23293",124.771180316225,-14.0319175197019,0.0332862064242363
"23294",124.853496679324,-14.0319175197019,0.0156551860272884
"23295",124.935813042423,-14.0319175197019,0.00300845829769969
"23296",125.018129405522,-14.0319175197019,0.000152753593283705
"23297",125.100445768622,-14.0319175197019,0
"23298",125.182762131721,-14.0319175197019,0
"23299",125.26507849482,-14.0319175197019,0
"23300",125.34739485792,-14.0319175197019,0
"23301",125.429711221019,-14.0319175197019,0
"23302",125.512027584118,-14.0319175197019,0
"23303",125.594343947217,-14.0319175197019,0
"23304",125.676660310317,-14.0319175197019,0
"23305",125.758976673416,-14.0319175197019,0
"23306",125.841293036515,-14.0319175197019,0
"23307",125.923609399615,-14.0319175197019,0
"23308",126.005925762714,-14.0319175197019,0
"23309",126.088242125813,-14.0319175197019,0
"23310",126.170558488912,-14.0319175197019,0
"23311",126.252874852012,-14.0319175197019,0
"23312",126.335191215111,-14.0319175197019,0
"23313",126.41750757821,-14.0319175197019,0
"23314",126.49982394131,-14.0319175197019,0
"23315",126.582140304409,-14.0319175197019,0
"23316",126.664456667508,-14.0319175197019,0
"23317",126.746773030607,-14.0319175197019,0
"23318",126.829089393707,-14.0319175197019,0
"23325",127.405303935402,-14.0319175197019,0
"23326",127.487620298501,-14.0319175197019,0
"23327",127.5699366616,-14.0319175197019,0
"23328",127.652253024699,-14.0319175197019,0
"23329",127.734569387799,-14.0319175197019,0
"23330",127.816885750898,-14.0319175197019,0
"23331",127.899202113997,-14.0319175197019,0
"23332",127.981518477097,-14.0319175197019,0
"23333",128.063834840196,-14.0319175197019,0
"23334",128.146151203295,-14.0319175197019,0
"23335",128.228467566394,-14.0319175197019,0
"23336",128.310783929494,-14.0319175197019,0
"23337",128.393100292593,-14.0319175197019,0
"23338",128.475416655692,-14.0319175197019,0
"23339",128.557733018792,-14.0319175197019,0
"23340",128.640049381891,-14.0319175197019,0
"23341",128.72236574499,-14.0319175197019,0
"23342",128.804682108089,-14.0319175197019,0
"23343",128.886998471189,-14.0319175197019,0
"23344",128.969314834288,-14.0319175197019,0
"23345",129.051631197387,-14.0319175197019,0
"23346",129.133947560487,-14.0319175197019,0
"23347",129.216263923586,-14.0319175197019,0
"23348",129.298580286685,-14.0319175197019,0
"23349",129.380896649784,-14.0319175197019,0
"23350",129.463213012884,-14.0319175197019,0
"23351",129.545529375983,-14.0319175197019,0
"23352",129.627845739082,-14.0319175197019,0
"23353",129.710162102182,-14.0319175197019,0
"23540",121.643158518452,-14.1142338828012,0.695568442344666
"23541",121.725474881551,-14.1142338828012,0.692941308021545
"23542",121.80779124465,-14.1142338828012,0.689582943916321
"23543",121.89010760775,-14.1142338828012,0.6852126121521
"23544",121.972423970849,-14.1142338828012,0.680129289627075
"23545",122.054740333948,-14.1142338828012,0.674205899238586
"23546",122.137056697047,-14.1142338828012,0.667471289634705
"23547",122.219373060147,-14.1142338828012,0.660060048103333
"23548",122.301689423246,-14.1142338828012,0.651836633682251
"23549",122.384005786345,-14.1142338828012,0.642768859863281
"23550",122.466322149445,-14.1142338828012,0.632896363735199
"23551",122.548638512544,-14.1142338828012,0.622170269489288
"23552",122.630954875643,-14.1142338828012,0.610488593578339
"23553",122.713271238742,-14.1142338828012,0.59774786233902
"23554",122.795587601842,-14.1142338828012,0.583982110023499
"23555",122.877903964941,-14.1142338828012,0.569111406803131
"23556",122.96022032804,-14.1142338828012,0.553106725215912
"23557",123.04253669114,-14.1142338828012,0.535764098167419
"23558",123.124853054239,-14.1142338828012,0.517162203788757
"23559",123.207169417338,-14.1142338828012,0.497221320867538
"23560",123.289485780437,-14.1142338828012,0.475852012634277
"23561",123.371802143537,-14.1142338828012,0.453104168176651
"23562",123.454118506636,-14.1142338828012,0.429023653268814
"23563",123.536434869735,-14.1142338828012,0.403638690710068
"23564",123.618751232835,-14.1142338828012,0.377079099416733
"23565",123.701067595934,-14.1142338828012,0.34943100810051
"23566",123.783383959033,-14.1142338828012,0.32090812921524
"23567",123.865700322132,-14.1142338828012,0.291844189167023
"23568",123.948016685232,-14.1142338828012,0.262561678886414
"23569",124.030333048331,-14.1142338828012,0.233479350805283
"23570",124.11264941143,-14.1142338828012,0.204995825886726
"23571",124.19496577453,-14.1142338828012,0.177376359701157
"23572",124.277282137629,-14.1142338828012,0.151033446192741
"23573",124.359598500728,-14.1142338828012,0.12599840760231
"23574",124.441914863827,-14.1142338828012,0.10232962667942
"23575",124.524231226927,-14.1142338828012,0.0800784677267075
"23576",124.606547590026,-14.1142338828012,0.0591742396354675
"23577",124.688863953125,-14.1142338828012,0.0394604988396168
"23578",124.771180316225,-14.1142338828012,0.0208373870700598
"23579",124.853496679324,-14.1142338828012,0.00405749119818211
"23580",124.935813042423,-14.1142338828012,9.35885836952366e-05
"23581",125.018129405522,-14.1142338828012,0
"23582",125.100445768622,-14.1142338828012,0
"23583",125.182762131721,-14.1142338828012,0
"23584",125.26507849482,-14.1142338828012,0
"23585",125.34739485792,-14.1142338828012,0
"23586",125.429711221019,-14.1142338828012,0
"23587",125.512027584118,-14.1142338828012,0
"23588",125.594343947217,-14.1142338828012,0
"23589",125.676660310317,-14.1142338828012,0
"23590",125.758976673416,-14.1142338828012,0
"23591",125.841293036515,-14.1142338828012,0
"23592",125.923609399615,-14.1142338828012,0
"23593",126.005925762714,-14.1142338828012,0
"23594",126.088242125813,-14.1142338828012,0
"23595",126.170558488912,-14.1142338828012,0
"23596",126.252874852012,-14.1142338828012,0
"23597",126.335191215111,-14.1142338828012,0
"23598",126.41750757821,-14.1142338828012,0
"23599",126.49982394131,-14.1142338828012,0
"23600",126.582140304409,-14.1142338828012,0
"23601",126.664456667508,-14.1142338828012,0
"23602",126.746773030607,-14.1142338828012,0
"23611",127.487620298501,-14.1142338828012,0
"23612",127.5699366616,-14.1142338828012,0
"23613",127.652253024699,-14.1142338828012,0
"23614",127.734569387799,-14.1142338828012,0
"23615",127.816885750898,-14.1142338828012,0
"23616",127.899202113997,-14.1142338828012,0
"23617",127.981518477097,-14.1142338828012,0
"23618",128.063834840196,-14.1142338828012,0
"23619",128.146151203295,-14.1142338828012,0
"23620",128.228467566394,-14.1142338828012,0
"23621",128.310783929494,-14.1142338828012,0
"23622",128.393100292593,-14.1142338828012,0
"23623",128.475416655692,-14.1142338828012,0
"23624",128.557733018792,-14.1142338828012,0
"23625",128.640049381891,-14.1142338828012,0
"23626",128.72236574499,-14.1142338828012,0
"23627",128.804682108089,-14.1142338828012,0
"23628",128.886998471189,-14.1142338828012,0
"23629",128.969314834288,-14.1142338828012,0
"23630",129.051631197387,-14.1142338828012,0
"23631",129.133947560487,-14.1142338828012,0
"23632",129.216263923586,-14.1142338828012,0
"23633",129.298580286685,-14.1142338828012,0
"23634",129.380896649784,-14.1142338828012,0
"23635",129.463213012884,-14.1142338828012,0
"23636",129.545529375983,-14.1142338828012,0
"23637",129.627845739082,-14.1142338828012,0
"23825",121.643158518452,-14.1965502459005,0.677884161472321
"23826",121.725474881551,-14.1965502459005,0.675148606300354
"23827",121.80779124465,-14.1965502459005,0.671555459499359
"23828",121.89010760775,-14.1965502459005,0.667066216468811
"23829",121.972423970849,-14.1965502459005,0.661706924438477
"23830",122.054740333948,-14.1965502459005,0.655543267726898
"23831",122.137056697047,-14.1965502459005,0.648605644702911
"23832",122.219373060147,-14.1965502459005,0.640935719013214
"23833",122.301689423246,-14.1965502459005,0.632466077804565
"23834",122.384005786345,-14.1965502459005,0.623168706893921
"23835",122.466322149445,-14.1965502459005,0.613004148006439
"23836",122.548638512544,-14.1965502459005,0.601947486400604
"23837",122.630954875643,-14.1965502459005,0.589974164962769
"23838",122.713271238742,-14.1965502459005,0.576996088027954
"23839",122.795587601842,-14.1965502459005,0.563049674034119
"23840",122.877903964941,-14.1965502459005,0.54799497127533
"23841",122.96022032804,-14.1965502459005,0.531751751899719
"23842",123.04253669114,-14.1965502459005,0.514295697212219
"23843",123.124853054239,-14.1965502459005,0.4956294298172
"23844",123.207169417338,-14.1965502459005,0.475676983594894
"23845",123.289485780437,-14.1965502459005,0.454419106245041
"23846",123.371802143537,-14.1965502459005,0.431873261928558
"23847",123.454118506636,-14.1965502459005,0.408087074756622
"23848",123.536434869735,-14.1965502459005,0.383182942867279
"23849",123.618751232835,-14.1965502459005,0.357228517532349
"23850",123.701067595934,-14.1965502459005,0.33037593960762
"23851",123.783383959033,-14.1965502459005,0.302789390087128
"23852",123.865700322132,-14.1965502459005,0.274735748767853
"23853",123.948016685232,-14.1965502459005,0.246568068861961
"23854",124.030333048331,-14.1965502459005,0.218569323420525
"23855",124.11264941143,-14.1965502459005,0.191062837839127
"23856",124.19496577453,-14.1965502459005,0.164349377155304
"23857",124.277282137629,-14.1965502459005,0.138667464256287
"23858",124.359598500728,-14.1965502459005,0.114100575447083
"23859",124.441914863827,-14.1965502459005,0.0907394289970398
"23860",124.524231226927,-14.1965502459005,0.0687539353966713
"23861",124.606547590026,-14.1965502459005,0.0479228496551514
"23862",124.688863953125,-14.1965502459005,0.0282732639461756
"23863",124.771180316225,-14.1965502459005,0.00961500778794289
"23864",124.853496679324,-14.1965502459005,0
"23865",124.935813042423,-14.1965502459005,0
"23866",125.018129405522,-14.1965502459005,0
"23867",125.100445768622,-14.1965502459005,0
"23868",125.182762131721,-14.1965502459005,0
"23869",125.26507849482,-14.1965502459005,0
"23870",125.34739485792,-14.1965502459005,0
"23871",125.429711221019,-14.1965502459005,0
"23872",125.512027584118,-14.1965502459005,0
"23873",125.594343947217,-14.1965502459005,0
"23874",125.676660310317,-14.1965502459005,0
"23875",125.758976673416,-14.1965502459005,0
"23876",125.841293036515,-14.1965502459005,0
"23877",125.923609399615,-14.1965502459005,0
"23878",126.005925762714,-14.1965502459005,0
"23879",126.088242125813,-14.1965502459005,0
"23880",126.170558488912,-14.1965502459005,0
"23881",126.252874852012,-14.1965502459005,0
"23882",126.335191215111,-14.1965502459005,0
"23883",126.41750757821,-14.1965502459005,0
"23884",126.49982394131,-14.1965502459005,0
"23885",126.582140304409,-14.1965502459005,0
"23886",126.664456667508,-14.1965502459005,0
"23898",127.652253024699,-14.1965502459005,0
"23899",127.734569387799,-14.1965502459005,0
"23900",127.816885750898,-14.1965502459005,0
"23901",127.899202113997,-14.1965502459005,0
"23902",127.981518477097,-14.1965502459005,0
"23903",128.063834840196,-14.1965502459005,0
"23904",128.146151203295,-14.1965502459005,0
"23905",128.228467566394,-14.1965502459005,0
"23906",128.310783929494,-14.1965502459005,0
"23907",128.393100292593,-14.1965502459005,0
"23908",128.475416655692,-14.1965502459005,0
"23909",128.557733018792,-14.1965502459005,0
"23910",128.640049381891,-14.1965502459005,0
"23911",128.72236574499,-14.1965502459005,0
"23912",128.804682108089,-14.1965502459005,0
"23913",128.886998471189,-14.1965502459005,0
"23914",128.969314834288,-14.1965502459005,0
"23915",129.051631197387,-14.1965502459005,0
"23916",129.133947560487,-14.1965502459005,0
"23917",129.216263923586,-14.1965502459005,0
"23918",129.298580286685,-14.1965502459005,0
"23919",129.380896649784,-14.1965502459005,0
"23920",129.463213012884,-14.1965502459005,0
"23921",129.545529375983,-14.1965502459005,0
"24109",121.560842155352,-14.2788666089998,0.661896824836731
"24110",121.643158518452,-14.2788666089998,0.659630715847015
"24111",121.725474881551,-14.2788666089998,0.656656622886658
"24112",121.80779124465,-14.2788666089998,0.652878403663635
"24113",121.89010760775,-14.2788666089998,0.648202836513519
"24114",121.972423970849,-14.2788666089998,0.642690539360046
"24115",122.054740333948,-14.2788666089998,0.63638311624527
"24116",122.137056697047,-14.2788666089998,0.629265189170837
"24117",122.219373060147,-14.2788666089998,0.621406316757202
"24118",122.301689423246,-14.2788666089998,0.612753570079803
"24119",122.384005786345,-14.2788666089998,0.603268980979919
"24120",122.466322149445,-14.2788666089998,0.592925429344177
"24121",122.548638512544,-14.2788666089998,0.581729829311371
"24122",122.630954875643,-14.2788666089998,0.56958132982254
"24123",122.713271238742,-14.2788666089998,0.55644428730011
"24124",122.795587601842,-14.2788666089998,0.542351841926575
"24125",122.877903964941,-14.2788666089998,0.527201592922211
"24126",122.96022032804,-14.2788666089998,0.510870456695557
"24127",123.04253669114,-14.2788666089998,0.49340808391571
"24128",123.124853054239,-14.2788666089998,0.474782913923264
"24129",123.207169417338,-14.2788666089998,0.454960107803345
"24130",123.289485780437,-14.2788666089998,0.433913886547089
"24131",123.371802143537,-14.2788666089998,0.411687612533569
"24132",123.454118506636,-14.2788666089998,0.388326704502106
"24133",123.536434869735,-14.2788666089998,0.363972812891006
"24134",123.618751232835,-14.2788666089998,0.338702589273453
"24135",123.701067595934,-14.2788666089998,0.312596082687378
"24136",123.783383959033,-14.2788666089998,0.285912990570068
"24137",123.865700322132,-14.2788666089998,0.258842349052429
"24138",123.948016685232,-14.2788666089998,0.231683939695358
"24139",124.030333048331,-14.2788666089998,0.204693272709846
"24140",124.11264941143,-14.2788666089998,0.178075730800629
"24141",124.19496577453,-14.2788666089998,0.152200594544411
"24142",124.277282137629,-14.2788666089998,0.12712773680687
"24143",124.359598500728,-14.2788666089998,0.103097781538963
"24144",124.441914863827,-14.2788666089998,0.0802360326051712
"24145",124.524231226927,-14.2788666089998,0.0583906732499599
"24146",124.606547590026,-14.2788666089998,0.0377016626298428
"24147",124.688863953125,-14.2788666089998,0.0181737914681435
"24148",124.771180316225,-14.2788666089998,0.00176320679020137
"24149",124.853496679324,-14.2788666089998,0
"24150",124.935813042423,-14.2788666089998,0
"24151",125.018129405522,-14.2788666089998,0
"24152",125.100445768622,-14.2788666089998,0
"24153",125.182762131721,-14.2788666089998,0
"24154",125.26507849482,-14.2788666089998,0
"24155",125.34739485792,-14.2788666089998,0
"24156",125.429711221019,-14.2788666089998,0
"24157",125.512027584118,-14.2788666089998,0
"24158",125.594343947217,-14.2788666089998,0
"24159",125.676660310317,-14.2788666089998,0
"24160",125.758976673416,-14.2788666089998,0
"24161",125.841293036515,-14.2788666089998,0
"24162",125.923609399615,-14.2788666089998,0
"24163",126.005925762714,-14.2788666089998,0
"24164",126.088242125813,-14.2788666089998,0
"24167",126.335191215111,-14.2788666089998,0
"24170",126.582140304409,-14.2788666089998,0
"24184",127.734569387799,-14.2788666089998,0
"24185",127.816885750898,-14.2788666089998,0
"24186",127.899202113997,-14.2788666089998,0
"24187",127.981518477097,-14.2788666089998,0
"24188",128.063834840196,-14.2788666089998,0
"24189",128.146151203295,-14.2788666089998,0
"24190",128.228467566394,-14.2788666089998,0
"24191",128.310783929494,-14.2788666089998,0
"24192",128.393100292593,-14.2788666089998,0
"24193",128.475416655692,-14.2788666089998,0
"24194",128.557733018792,-14.2788666089998,0
"24195",128.640049381891,-14.2788666089998,0
"24196",128.72236574499,-14.2788666089998,0
"24197",128.804682108089,-14.2788666089998,0
"24198",128.886998471189,-14.2788666089998,0
"24199",128.969314834288,-14.2788666089998,0
"24200",129.051631197387,-14.2788666089998,0
"24201",129.133947560487,-14.2788666089998,0
"24202",129.216263923586,-14.2788666089998,0
"24203",129.298580286685,-14.2788666089998,0
"24204",129.380896649784,-14.2788666089998,0
"24205",129.463213012884,-14.2788666089998,0
"24393",121.478525792253,-14.361182972099,0.645102322101593
"24394",121.560842155352,-14.361182972099,0.643210887908936
"24395",121.643158518452,-14.361182972099,0.640727519989014
"24396",121.725474881551,-14.361182972099,0.637544810771942
"24397",121.80779124465,-14.361182972099,0.633575737476349
"24398",121.89010760775,-14.361182972099,0.628790557384491
"24399",121.972423970849,-14.361182972099,0.62320750951767
"24400",122.054740333948,-14.361182972099,0.616789996623993
"24401",122.137056697047,-14.361182972099,0.609548509120941
"24402",122.219373060147,-14.361182972099,0.601580023765564
"24403",122.301689423246,-14.361182972099,0.592837154865265
"24404",122.384005786345,-14.361182972099,0.583206534385681
"24405",122.466322149445,-14.361182972099,0.572817087173462
"24406",122.548638512544,-14.361182972099,0.561533391475677
"24407",122.630954875643,-14.361182972099,0.549288868904114
"24408",122.713271238742,-14.361182972099,0.536118447780609
"24409",122.795587601842,-14.361182972099,0.521989345550537
"24410",122.877903964941,-14.361182972099,0.506774425506592
"24411",122.96022032804,-14.361182972099,0.4905164539814
"24412",123.04253669114,-14.361182972099,0.473148584365845
"24413",123.124853054239,-14.361182972099,0.454686313867569
"24414",123.207169417338,-14.361182972099,0.435051172971725
"24415",123.289485780437,-14.361182972099,0.414308667182922
"24416",123.371802143537,-14.361182972099,0.392435699701309
"24417",123.454118506636,-14.361182972099,0.36960831284523
"24418",123.536434869735,-14.361182972099,0.345897376537323
"24419",123.618751232835,-14.361182972099,0.321283727884293
"24420",123.701067595934,-14.361182972099,0.295960158109665
"24421",123.783383959033,-14.361182972099,0.270155012607574
"24422",123.865700322132,-14.361182972099,0.243990048766136
"24423",123.948016685232,-14.361182972099,0.217753499746323
"24424",124.030333048331,-14.361182972099,0.191726878285408
"24425",124.11264941143,-14.361182972099,0.165997475385666
"24426",124.19496577453,-14.361182972099,0.14090558886528
"24427",124.277282137629,-14.361182972099,0.116468660533428
"24428",124.359598500728,-14.361182972099,0.0929871648550034
"24429",124.441914863827,-14.361182972099,0.0704206079244614
"24430",124.524231226927,-14.361182972099,0.0488824471831322
"24431",124.606547590026,-14.361182972099,0.0283940173685551
"24432",124.688863953125,-14.361182972099,0.00983596872538328
"24433",124.771180316225,-14.361182972099,0
"24434",124.853496679324,-14.361182972099,0
"24435",124.935813042423,-14.361182972099,0
"24436",125.018129405522,-14.361182972099,0
"24437",125.100445768622,-14.361182972099,0
"24438",125.182762131721,-14.361182972099,0
"24439",125.26507849482,-14.361182972099,0
"24440",125.34739485792,-14.361182972099,0
"24441",125.429711221019,-14.361182972099,0
"24442",125.512027584118,-14.361182972099,0
"24443",125.594343947217,-14.361182972099,0
"24444",125.676660310317,-14.361182972099,0
"24445",125.758976673416,-14.361182972099,0
"24446",125.841293036515,-14.361182972099,0
"24447",125.923609399615,-14.361182972099,0
"24448",126.005925762714,-14.361182972099,0
"24449",126.088242125813,-14.361182972099,0
"24469",127.734569387799,-14.361182972099,0
"24470",127.816885750898,-14.361182972099,0
"24471",127.899202113997,-14.361182972099,0
"24472",127.981518477097,-14.361182972099,0
"24473",128.063834840196,-14.361182972099,0
"24474",128.146151203295,-14.361182972099,0
"24475",128.228467566394,-14.361182972099,0
"24476",128.310783929494,-14.361182972099,0
"24477",128.393100292593,-14.361182972099,0
"24478",128.475416655692,-14.361182972099,0
"24479",128.557733018792,-14.361182972099,0
"24480",128.640049381891,-14.361182972099,0
"24481",128.72236574499,-14.361182972099,0
"24482",128.804682108089,-14.361182972099,0
"24483",128.886998471189,-14.361182972099,0
"24484",128.969314834288,-14.361182972099,0
"24485",129.051631197387,-14.361182972099,0
"24486",129.133947560487,-14.361182972099,0
"24487",129.216263923586,-14.361182972099,0
"24488",129.298580286685,-14.361182972099,0
"24489",129.380896649784,-14.361182972099,0
"24677",121.396209429154,-14.4434993351983,0.627736151218414
"24678",121.478525792253,-14.4434993351983,0.626160144805908
"24679",121.560842155352,-14.4434993351983,0.624042868614197
"24680",121.643158518452,-14.4434993351983,0.621344089508057
"24681",121.725474881551,-14.4434993351983,0.617980182170868
"24682",121.80779124465,-14.4434993351983,0.613844454288483
"24683",121.89010760775,-14.4434993351983,0.608958125114441
"24684",121.972423970849,-14.4434993351983,0.603289008140564
"24685",122.054740333948,-14.4434993351983,0.596815347671509
"24686",122.137056697047,-14.4434993351983,0.589543759822845
"24687",122.219373060147,-14.4434993351983,0.581508159637451
"24688",122.301689423246,-14.4434993351983,0.572751224040985
"24689",122.384005786345,-14.4434993351983,0.563128113746643
"24690",122.466322149445,-14.4434993351983,0.552688181400299
"24691",122.548638512544,-14.4434993351983,0.541391670703888
"24692",122.630954875643,-14.4434993351983,0.529164135456085
"24693",122.713271238742,-14.4434993351983,0.516016066074371
"24694",122.795587601842,-14.4434993351983,0.501938700675964
"24695",122.877903964941,-14.4434993351983,0.486794769763947
"24696",122.96022032804,-14.4434993351983,0.470683872699738
"24697",123.04253669114,-14.4434993351983,0.45349395275116
"24698",123.124853054239,-14.4434993351983,0.435244679450989
"24699",123.207169417338,-14.4434993351983,0.41589492559433
"24700",123.289485780437,-14.4434993351983,0.395585685968399
"24701",123.371802143537,-14.4434993351983,0.374207079410553
"24702",123.454118506636,-14.4434993351983,0.351895540952682
"24703",123.536434869735,-14.4434993351983,0.328759789466858
"24704",123.618751232835,-14.4434993351983,0.30489307641983
"24705",123.701067595934,-14.4434993351983,0.280369281768799
"24706",123.783383959033,-14.4434993351983,0.255366533994675
"24707",123.865700322132,-14.4434993351983,0.230119168758392
"24708",123.948016685232,-14.4434993351983,0.204783171415329
"24709",124.030333048331,-14.4434993351983,0.179586172103882
"24710",124.11264941143,-14.4434993351983,0.154720291495323
"24711",124.19496577453,-14.4434993351983,0.130344286561012
"24712",124.277282137629,-14.4434993351983,0.106559425592422
"24713",124.359598500728,-14.4434993351983,0.0835685133934021
"24714",124.441914863827,-14.4434993351983,0.06137640401721
"24715",124.524231226927,-14.4434993351983,0.0402252487838268
"24716",124.606547590026,-14.4434993351983,0.0198961496353149
"24717",124.688863953125,-14.4434993351983,0.0035136581864208
"24718",124.771180316225,-14.4434993351983,0
"24719",124.853496679324,-14.4434993351983,0
"24720",124.935813042423,-14.4434993351983,0
"24721",125.018129405522,-14.4434993351983,0
"24722",125.100445768622,-14.4434993351983,0
"24723",125.182762131721,-14.4434993351983,0
"24724",125.26507849482,-14.4434993351983,0
"24725",125.34739485792,-14.4434993351983,0
"24726",125.429711221019,-14.4434993351983,0
"24727",125.512027584118,-14.4434993351983,0
"24728",125.594343947217,-14.4434993351983,0
"24729",125.676660310317,-14.4434993351983,0
"24730",125.758976673416,-14.4434993351983,0
"24731",125.841293036515,-14.4434993351983,0
"24732",125.923609399615,-14.4434993351983,0
"24733",126.005925762714,-14.4434993351983,0
"24734",126.088242125813,-14.4434993351983,0
"24755",127.816885750898,-14.4434993351983,0
"24756",127.899202113997,-14.4434993351983,0
"24757",127.981518477097,-14.4434993351983,0
"24758",128.063834840196,-14.4434993351983,0
"24759",128.146151203295,-14.4434993351983,0
"24760",128.228467566394,-14.4434993351983,0
"24761",128.310783929494,-14.4434993351983,0
"24762",128.393100292593,-14.4434993351983,0
"24763",128.475416655692,-14.4434993351983,0
"24764",128.557733018792,-14.4434993351983,0
"24765",128.640049381891,-14.4434993351983,0
"24766",128.72236574499,-14.4434993351983,0
"24767",128.804682108089,-14.4434993351983,0
"24768",128.886998471189,-14.4434993351983,0
"24769",128.969314834288,-14.4434993351983,0
"24770",129.051631197387,-14.4434993351983,0
"24771",129.133947560487,-14.4434993351983,0
"24772",129.216263923586,-14.4434993351983,0
"24773",129.298580286685,-14.4434993351983,0
"24774",129.380896649784,-14.4434993351983,0
"24775",129.463213012884,-14.4434993351983,0
"24776",129.545529375983,-14.4434993351983,0
"24777",129.627845739082,-14.4434993351983,0
"24778",129.710162102182,-14.4434993351983,0
"24959",121.149260339856,-14.5258156982976,0.602603018283844
"24962",121.396209429154,-14.5258156982976,0.608581900596619
"24963",121.478525792253,-14.5258156982976,0.606744170188904
"24964",121.560842155352,-14.5258156982976,0.604453861713409
"24965",121.643158518452,-14.5258156982976,0.601563453674316
"24966",121.725474881551,-14.5258156982976,0.598032414913177
"24967",121.80779124465,-14.5258156982976,0.593776524066925
"24968",121.89010760775,-14.5258156982976,0.588808476924896
"24969",121.972423970849,-14.5258156982976,0.583077728748322
"24970",122.054740333948,-14.5258156982976,0.57659125328064
"24971",122.137056697047,-14.5258156982976,0.569342911243439
"24972",122.219373060147,-14.5258156982976,0.561371088027954
"24973",122.301689423246,-14.5258156982976,0.552563548088074
"24974",122.384005786345,-14.5258156982976,0.542946755886078
"24975",122.466322149445,-14.5258156982976,0.532568037509918
"24976",122.548638512544,-14.5258156982976,0.521346986293793
"24977",122.630954875643,-14.5258156982976,0.509247541427612
"24978",122.713271238742,-14.5258156982976,0.496168851852417
"24979",122.795587601842,-14.5258156982976,0.482207626104355
"24980",122.877903964941,-14.5258156982976,0.467281401157379
"24981",122.96022032804,-14.5258156982976,0.451385498046875
"24982",123.04253669114,-14.5258156982976,0.434473633766174
"24983",123.124853054239,-14.5258156982976,0.416531473398209
"24984",123.207169417338,-14.5258156982976,0.397608608007431
"24985",123.289485780437,-14.5258156982976,0.377667993307114
"24986",123.371802143537,-14.5258156982976,0.356793433427811
"24987",123.454118506636,-14.5258156982976,0.335184365510941
"24988",123.536434869735,-14.5258156982976,0.31267586350441
"24989",123.618751232835,-14.5258156982976,0.289448469877243
"24990",123.701067595934,-14.5258156982976,0.265693992376328
"24991",123.783383959033,-14.5258156982976,0.241540089249611
"24992",123.865700322132,-14.5258156982976,0.217147126793861
"24993",123.948016685232,-14.5258156982976,0.192682921886444
"24994",124.030333048331,-14.5258156982976,0.168252944946289
"24995",124.11264941143,-14.5258156982976,0.14416866004467
"24996",124.19496577453,-14.5258156982976,0.12043534964323
"24997",124.277282137629,-14.5258156982976,0.0972480550408363
"24998",124.359598500728,-14.5258156982976,0.0748016238212585
"24999",124.441914863827,-14.5258156982976,0.0530336908996105
"25000",124.524231226927,-14.5258156982976,0.0322054848074913
"25001",124.606547590026,-14.5258156982976,0.0127513883635402
"25002",124.688863953125,-14.5258156982976,0.000433438137406483
"25003",124.771180316225,-14.5258156982976,0
"25004",124.853496679324,-14.5258156982976,0
"25005",124.935813042423,-14.5258156982976,0
"25006",125.018129405522,-14.5258156982976,0
"25007",125.100445768622,-14.5258156982976,0
"25008",125.182762131721,-14.5258156982976,0
"25009",125.26507849482,-14.5258156982976,0
"25010",125.34739485792,-14.5258156982976,0
"25011",125.429711221019,-14.5258156982976,0
"25012",125.512027584118,-14.5258156982976,0
"25013",125.594343947217,-14.5258156982976,0
"25014",125.676660310317,-14.5258156982976,0
"25015",125.758976673416,-14.5258156982976,0
"25016",125.841293036515,-14.5258156982976,0
"25017",125.923609399615,-14.5258156982976,0
"25018",126.005925762714,-14.5258156982976,0
"25041",127.899202113997,-14.5258156982976,0
"25042",127.981518477097,-14.5258156982976,0
"25043",128.063834840196,-14.5258156982976,0
"25044",128.146151203295,-14.5258156982976,0
"25045",128.228467566394,-14.5258156982976,0
"25046",128.310783929494,-14.5258156982976,0
"25047",128.393100292593,-14.5258156982976,0
"25048",128.475416655692,-14.5258156982976,0
"25049",128.557733018792,-14.5258156982976,0
"25050",128.640049381891,-14.5258156982976,0
"25051",128.72236574499,-14.5258156982976,0
"25052",128.804682108089,-14.5258156982976,0
"25053",128.886998471189,-14.5258156982976,0
"25054",128.969314834288,-14.5258156982976,0
"25055",129.051631197387,-14.5258156982976,0
"25056",129.133947560487,-14.5258156982976,0
"25057",129.216263923586,-14.5258156982976,0
"25058",129.298580286685,-14.5258156982976,0
"25059",129.380896649784,-14.5258156982976,0
"25060",129.463213012884,-14.5258156982976,0
"25061",129.545529375983,-14.5258156982976,0
"25062",129.627845739082,-14.5258156982976,0
"25063",129.710162102182,-14.5258156982976,0
"25064",129.792478465281,-14.5258156982976,0
"25242",120.984627613657,-14.6081320613969,0.588506579399109
"25243",121.066943976757,-14.6081320613969,0.590554416179657
"25244",121.149260339856,-14.6081320613969,0.592827141284943
"25245",121.231576702955,-14.6081320613969,0.591955482959747
"25246",121.313893066055,-14.6081320613969,0.590746283531189
"25247",121.396209429154,-14.6081320613969,0.589150547981262
"25248",121.478525792253,-14.6081320613969,0.58709591627121
"25249",121.560842155352,-14.6081320613969,0.584567606449127
"25250",121.643158518452,-14.6081320613969,0.581493139266968
"25251",121.725474881551,-14.6081320613969,0.577785968780518
"25252",121.80779124465,-14.6081320613969,0.573427975177765
"25253",121.89010760775,-14.6081320613969,0.568449020385742
"25254",121.972423970849,-14.6081320613969,0.562691628932953
"25255",122.054740333948,-14.6081320613969,0.556216955184937
"25256",122.137056697047,-14.6081320613969,0.54900336265564
"25257",122.219373060147,-14.6081320613969,0.541070997714996
"25258",122.301689423246,-14.6081320613969,0.532334625720978
"25259",122.384005786345,-14.6081320613969,0.52288681268692
"25260",122.466322149445,-14.6081320613969,0.512616813182831
"25261",122.548638512544,-14.6081320613969,0.50145959854126
"25262",122.630954875643,-14.6081320613969,0.489491075277328
"25263",122.713271238742,-14.6081320613969,0.476654887199402
"25264",122.795587601842,-14.6081320613969,0.462901085615158
"25265",122.877903964941,-14.6081320613969,0.448273152112961
"25266",122.96022032804,-14.6081320613969,0.432618945837021
"25267",123.04253669114,-14.6081320613969,0.416067659854889
"25268",123.124853054239,-14.6081320613969,0.398548245429993
"25269",123.207169417338,-14.6081320613969,0.379996716976166
"25270",123.289485780437,-14.6081320613969,0.360580444335938
"25271",123.371802143537,-14.6081320613969,0.340290635824203
"25272",123.454118506636,-14.6081320613969,0.319163799285889
"25273",123.536434869735,-14.6081320613969,0.297377616167068
"25274",123.618751232835,-14.6081320613969,0.274875313043594
"25275",123.701067595934,-14.6081320613969,0.25188809633255
"25276",123.783383959033,-14.6081320613969,0.228539928793907
"25277",123.865700322132,-14.6081320613969,0.204955339431763
"25278",123.948016685232,-14.6081320613969,0.181291863322258
"25279",124.030333048331,-14.6081320613969,0.157658472657204
"25280",124.11264941143,-14.6081320613969,0.134269744157791
"25281",124.19496577453,-14.6081320613969,0.111258611083031
"25282",124.277282137629,-14.6081320613969,0.0886771604418755
"25283",124.359598500728,-14.6081320613969,0.0666417255997658
"25284",124.441914863827,-14.6081320613969,0.0453093685209751
"25285",124.524231226927,-14.6081320613969,0.02470463514328
"25286",124.606547590026,-14.6081320613969,0.00756712816655636
"25287",124.688863953125,-14.6081320613969,0
"25288",124.771180316225,-14.6081320613969,0
"25289",124.853496679324,-14.6081320613969,0
"25290",124.935813042423,-14.6081320613969,0
"25291",125.018129405522,-14.6081320613969,0
"25292",125.100445768622,-14.6081320613969,0
"25293",125.182762131721,-14.6081320613969,0
"25294",125.26507849482,-14.6081320613969,0
"25295",125.34739485792,-14.6081320613969,0
"25296",125.429711221019,-14.6081320613969,0
"25297",125.512027584118,-14.6081320613969,0
"25298",125.594343947217,-14.6081320613969,0
"25299",125.676660310317,-14.6081320613969,0
"25300",125.758976673416,-14.6081320613969,0
"25301",125.841293036515,-14.6081320613969,0
"25302",125.923609399615,-14.6081320613969,0
"25326",127.899202113997,-14.6081320613969,0
"25327",127.981518477097,-14.6081320613969,0
"25328",128.063834840196,-14.6081320613969,0
"25329",128.146151203295,-14.6081320613969,0
"25330",128.228467566394,-14.6081320613969,0
"25331",128.310783929494,-14.6081320613969,0
"25332",128.393100292593,-14.6081320613969,0
"25333",128.475416655692,-14.6081320613969,0
"25334",128.557733018792,-14.6081320613969,0
"25335",128.640049381891,-14.6081320613969,0
"25336",128.72236574499,-14.6081320613969,0
"25337",128.804682108089,-14.6081320613969,0
"25338",128.886998471189,-14.6081320613969,0
"25339",128.969314834288,-14.6081320613969,0
"25340",129.051631197387,-14.6081320613969,0
"25341",129.133947560487,-14.6081320613969,0
"25342",129.216263923586,-14.6081320613969,0
"25343",129.298580286685,-14.6081320613969,0
"25344",129.380896649784,-14.6081320613969,0
"25345",129.463213012884,-14.6081320613969,0
"25346",129.545529375983,-14.6081320613969,0
"25347",129.627845739082,-14.6081320613969,0
"25348",129.710162102182,-14.6081320613969,0
"25350",129.87479482838,-14.6081320613969,0
"25525",120.819994887459,-14.6904484244962,0.573256075382233
"25526",120.902311250558,-14.6904484244962,0.57413375377655
"25527",120.984627613657,-14.6904484244962,0.575170040130615
"25528",121.066943976757,-14.6904484244962,0.574594020843506
"25529",121.149260339856,-14.6904484244962,0.573766946792603
"25530",121.231576702955,-14.6904484244962,0.572673976421356
"25531",121.313893066055,-14.6904484244962,0.571245431900024
"25532",121.396209429154,-14.6904484244962,0.569416224956512
"25533",121.478525792253,-14.6904484244962,0.567144870758057
"25534",121.560842155352,-14.6904484244962,0.564440846443176
"25535",121.643158518452,-14.6904484244962,0.561196327209473
"25536",121.725474881551,-14.6904484244962,0.557409942150116
"25537",121.80779124465,-14.6904484244962,0.552931070327759
"25538",121.89010760775,-14.6904484244962,0.547859668731689
"25539",121.972423970849,-14.6904484244962,0.542135536670685
"25540",122.054740333948,-14.6904484244962,0.535720705986023
"25541",122.137056697047,-14.6904484244962,0.528592050075531
"25542",122.219373060147,-14.6904484244962,0.520749509334564
"25543",122.301689423246,-14.6904484244962,0.512138545513153
"25544",122.384005786345,-14.6904484244962,0.502813220024109
"25545",122.466322149445,-14.6904484244962,0.492720514535904
"25546",122.548638512544,-14.6904484244962,0.481825709342957
"25547",122.630954875643,-14.6904484244962,0.470081388950348
"25548",122.713271238742,-14.6904484244962,0.45754486322403
"25549",122.795587601842,-14.6904484244962,0.443999588489532
"25550",122.877903964941,-14.6904484244962,0.429728895425797
"25551",122.96022032804,-14.6904484244962,0.414367169141769
"25552",123.04253669114,-14.6904484244962,0.398216336965561
"25553",123.124853054239,-14.6904484244962,0.38114270567894
"25554",123.207169417338,-14.6904484244962,0.363085299730301
"25555",123.289485780437,-14.6904484244962,0.344202399253845
"25556",123.371802143537,-14.6904484244962,0.32446363568306
"25557",123.454118506636,-14.6904484244962,0.303988426923752
"25558",123.536434869735,-14.6904484244962,0.28289395570755
"25559",123.618751232835,-14.6904484244962,0.261114329099655
"25560",123.701067595934,-14.6904484244962,0.23892280459404
"25561",123.783383959033,-14.6904484244962,0.216333791613579
"25562",123.865700322132,-14.6904484244962,0.193516954779625
"25563",123.948016685232,-14.6904484244962,0.170574799180031
"25564",124.030333048331,-14.6904484244962,0.147701099514961
"25565",124.11264941143,-14.6904484244962,0.125020638108253
"25566",124.19496577453,-14.6904484244962,0.10262606292963
"25567",124.277282137629,-14.6904484244962,0.0805823728442192
"25568",124.359598500728,-14.6904484244962,0.0590663105249405
"25569",124.441914863827,-14.6904484244962,0.0381637252867222
"25570",124.524231226927,-14.6904484244962,0.0178296659141779
"25571",124.606547590026,-14.6904484244962,0.00366697576828301
"25572",124.688863953125,-14.6904484244962,0
"25573",124.771180316225,-14.6904484244962,0
"25574",124.853496679324,-14.6904484244962,0
"25575",124.935813042423,-14.6904484244962,0
"25576",125.018129405522,-14.6904484244962,0
"25577",125.100445768622,-14.6904484244962,0
"25578",125.182762131721,-14.6904484244962,0
"25579",125.26507849482,-14.6904484244962,0
"25584",125.676660310317,-14.6904484244962,0
"25612",127.981518477097,-14.6904484244962,0
"25613",128.063834840196,-14.6904484244962,0
"25614",128.146151203295,-14.6904484244962,0
"25615",128.228467566394,-14.6904484244962,0
"25616",128.310783929494,-14.6904484244962,0
"25617",128.393100292593,-14.6904484244962,0
"25618",128.475416655692,-14.6904484244962,0
"25619",128.557733018792,-14.6904484244962,0
"25620",128.640049381891,-14.6904484244962,0
"25621",128.72236574499,-14.6904484244962,0
"25622",128.804682108089,-14.6904484244962,0
"25623",128.886998471189,-14.6904484244962,0
"25624",128.969314834288,-14.6904484244962,0
"25625",129.051631197387,-14.6904484244962,0
"25626",129.133947560487,-14.6904484244962,0
"25627",129.216263923586,-14.6904484244962,0
"25628",129.298580286685,-14.6904484244962,0
"25629",129.380896649784,-14.6904484244962,0
"25630",129.463213012884,-14.6904484244962,0
"25631",129.545529375983,-14.6904484244962,0
"25632",129.627845739082,-14.6904484244962,0
"25633",129.710162102182,-14.6904484244962,0
"25634",129.792478465281,-14.6904484244962,0
"25635",129.87479482838,-14.6904484244962,0
"25809",120.73767852436,-14.7727647875955,0.556811273097992
"25810",120.819994887459,-14.7727647875955,0.556770861148834
"25811",120.902311250558,-14.7727647875955,0.55687028169632
"25812",120.984627613657,-14.7727647875955,0.556375563144684
"25813",121.066943976757,-14.7727647875955,0.555555462837219
"25814",121.149260339856,-14.7727647875955,0.554498136043549
"25815",121.231576702955,-14.7727647875955,0.553183019161224
"25816",121.313893066055,-14.7727647875955,0.551475286483765
"25817",121.396209429154,-14.7727647875955,0.549457430839539
"25818",121.478525792253,-14.7727647875955,0.54708069562912
"25819",121.560842155352,-14.7727647875955,0.544172942638397
"25820",121.643158518452,-14.7727647875955,0.540724396705627
"25821",121.725474881551,-14.7727647875955,0.536824345588684
"25822",121.80779124465,-14.7727647875955,0.53234076499939
"25823",121.89010760775,-14.7727647875955,0.52722430229187
"25824",121.972423970849,-14.7727647875955,0.52154803276062
"25825",122.054740333948,-14.7727647875955,0.515161395072937
"25826",122.137056697047,-14.7727647875955,0.508152067661285
"25827",122.219373060147,-14.7727647875955,0.50043523311615
"25828",122.301689423246,-14.7727647875955,0.492057234048843
"25829",122.384005786345,-14.7727647875955,0.482963770627975
"25830",122.466322149445,-14.7727647875955,0.473047465085983
"25831",122.548638512544,-14.7727647875955,0.4622882604599
"25832",122.630954875643,-14.7727647875955,0.450873017311096
"25833",122.713271238742,-14.7727647875955,0.438700973987579
"25834",122.795587601842,-14.7727647875955,0.425517112016678
"25835",122.877903964941,-14.7727647875955,0.411560744047165
"25836",122.96022032804,-14.7727647875955,0.396677583456039
"25837",123.04253669114,-14.7727647875955,0.380977749824524
"25838",123.124853054239,-14.7727647875955,0.364370316267014
"25839",123.207169417338,-14.7727647875955,0.346859991550446
"25840",123.289485780437,-14.7727647875955,0.328570336103439
"25841",123.371802143537,-14.7727647875955,0.309525728225708
"25842",123.454118506636,-14.7727647875955,0.289658159017563
"25843",123.536434869735,-14.7727647875955,0.269175738096237
"25844",123.618751232835,-14.7727647875955,0.248172253370285
"25845",123.701067595934,-14.7727647875955,0.226662248373032
"25846",123.783383959033,-14.7727647875955,0.204851672053337
"25847",123.865700322132,-14.7727647875955,0.182758867740631
"25848",123.948016685232,-14.7727647875955,0.160572782158852
"25849",124.030333048331,-14.7727647875955,0.138392403721809
"25850",124.11264941143,-14.7727647875955,0.11632914096117
"25851",124.19496577453,-14.7727647875955,0.0945185497403145
"25852",124.277282137629,-14.7727647875955,0.073027677834034
"25853",124.359598500728,-14.7727647875955,0.0519891604781151
"25854",124.441914863827,-14.7727647875955,0.0314560383558273
"25855",124.524231226927,-14.7727647875955,0.0114271249622107
"25856",124.606547590026,-14.7727647875955,0.000819892564322799
"25857",124.688863953125,-14.7727647875955,0
"25858",124.771180316225,-14.7727647875955,0
"25859",124.853496679324,-14.7727647875955,0
"25860",124.935813042423,-14.7727647875955,0
"25861",125.018129405522,-14.7727647875955,0
"25862",125.100445768622,-14.7727647875955,0
"25863",125.182762131721,-14.7727647875955,0
"25864",125.26507849482,-14.7727647875955,0
"25899",128.146151203295,-14.7727647875955,0
"25900",128.228467566394,-14.7727647875955,0
"25901",128.310783929494,-14.7727647875955,0
"25902",128.393100292593,-14.7727647875955,0
"25903",128.475416655692,-14.7727647875955,0
"25904",128.557733018792,-14.7727647875955,0
"25905",128.640049381891,-14.7727647875955,0
"25906",128.72236574499,-14.7727647875955,0
"25907",128.804682108089,-14.7727647875955,0
"25908",128.886998471189,-14.7727647875955,0
"25909",128.969314834288,-14.7727647875955,0
"25910",129.051631197387,-14.7727647875955,0
"25911",129.133947560487,-14.7727647875955,0
"25912",129.216263923586,-14.7727647875955,0
"25913",129.298580286685,-14.7727647875955,0
"25914",129.380896649784,-14.7727647875955,0
"25915",129.463213012884,-14.7727647875955,0
"25916",129.545529375983,-14.7727647875955,0
"25917",129.627845739082,-14.7727647875955,0
"25918",129.710162102182,-14.7727647875955,0
"25919",129.792478465281,-14.7727647875955,0
"25920",129.87479482838,-14.7727647875955,0
"25921",129.957111191479,-14.7727647875955,0
"26094",120.73767852436,-14.8550811506948,0.538691580295563
"26095",120.819994887459,-14.8550811506948,0.538784146308899
"26096",120.902311250558,-14.8550811506948,0.538218438625336
"26097",120.984627613657,-14.8550811506948,0.537418901920319
"26098",121.066943976757,-14.8550811506948,0.536341845989227
"26099",121.149260339856,-14.8550811506948,0.535088300704956
"26100",121.231576702955,-14.8550811506948,0.533551812171936
"26101",121.313893066055,-14.8550811506948,0.531631469726562
"26102",121.396209429154,-14.8550811506948,0.529363393783569
"26103",121.478525792253,-14.8550811506948,0.526761531829834
"26104",121.560842155352,-14.8550811506948,0.523689389228821
"26105",121.643158518452,-14.8550811506948,0.520197093486786
"26106",121.725474881551,-14.8550811506948,0.516200244426727
"26107",121.80779124465,-14.8550811506948,0.511747598648071
"26108",121.89010760775,-14.8550811506948,0.506566166877747
"26109",121.972423970849,-14.8550811506948,0.500936985015869
"26110",122.054740333948,-14.8550811506948,0.494616568088531
"26111",122.137056697047,-14.8550811506948,0.487704306840897
"26112",122.219373060147,-14.8550811506948,0.480186820030212
"26113",122.301689423246,-14.8550811506948,0.471985280513763
"26114",122.384005786345,-14.8550811506948,0.463091641664505
"26115",122.466322149445,-14.8550811506948,0.453520238399506
"26116",122.548638512544,-14.8550811506948,0.443142771720886
"26117",122.630954875643,-14.8550811506948,0.43209108710289
"26118",122.713271238742,-14.8550811506948,0.420171529054642
"26119",122.795587601842,-14.8550811506948,0.407456994056702
"26120",122.877903964941,-14.8550811506948,0.393921226263046
"26121",122.96022032804,-14.8550811506948,0.379560202360153
"26122",123.04253669114,-14.8550811506948,0.364326864480972
"26123",123.124853054239,-14.8550811506948,0.348201066255569
"26124",123.207169417338,-14.8550811506948,0.331307291984558
"26125",123.289485780437,-14.8550811506948,0.313578873872757
"26126",123.371802143537,-14.8550811506948,0.295064091682434
"26127",123.454118506636,-14.8550811506948,0.275965005159378
"26128",123.536434869735,-14.8550811506948,0.256218165159225
"26129",123.618751232835,-14.8550811506948,0.235901638865471
"26130",123.701067595934,-14.8550811506948,0.215133175253868
"26131",123.783383959033,-14.8550811506948,0.194025963544846
"26132",123.865700322132,-14.8550811506948,0.172659888863564
"26133",123.948016685232,-14.8550811506948,0.151179924607277
"26134",124.030333048331,-14.8550811506948,0.129656091332436
"26135",124.11264941143,-14.8550811506948,0.108212307095528
"26136",124.19496577453,-14.8550811506948,0.0869449228048325
"26137",124.277282137629,-14.8550811506948,0.0659719854593277
"26138",124.359598500728,-14.8550811506948,0.0453811995685101
"26139",124.441914863827,-14.8550811506948,0.0252469219267368
"26140",124.524231226927,-14.8550811506948,0.00722365221008658
"26141",124.606547590026,-14.8550811506948,5.41288136446383e-05
"26142",124.688863953125,-14.8550811506948,0
"26143",124.771180316225,-14.8550811506948,0
"26144",124.853496679324,-14.8550811506948,0
"26145",124.935813042423,-14.8550811506948,0
"26146",125.018129405522,-14.8550811506948,0
"26147",125.100445768622,-14.8550811506948,0
"26148",125.182762131721,-14.8550811506948,0
"26149",125.26507849482,-14.8550811506948,0
"26185",128.228467566394,-14.8550811506948,0
"26186",128.310783929494,-14.8550811506948,0
"26187",128.393100292593,-14.8550811506948,0
"26188",128.475416655692,-14.8550811506948,0
"26189",128.557733018792,-14.8550811506948,0
"26190",128.640049381891,-14.8550811506948,0
"26191",128.72236574499,-14.8550811506948,0
"26192",128.804682108089,-14.8550811506948,0
"26193",128.886998471189,-14.8550811506948,0
"26194",128.969314834288,-14.8550811506948,0
"26195",129.051631197387,-14.8550811506948,0
"26196",129.133947560487,-14.8550811506948,0
"26197",129.216263923586,-14.8550811506948,0
"26198",129.298580286685,-14.8550811506948,0
"26199",129.380896649784,-14.8550811506948,0
"26200",129.463213012884,-14.8550811506948,0
"26201",129.545529375983,-14.8550811506948,0
"26202",129.627845739082,-14.8550811506948,0
"26203",129.710162102182,-14.8550811506948,0
"26204",129.792478465281,-14.8550811506948,0
"26205",129.87479482838,-14.8550811506948,0
"26206",129.957111191479,-14.8550811506948,0
"26379",120.73767852436,-14.937397513794,0.520608246326447
"26380",120.819994887459,-14.937397513794,0.520190298557281
"26381",120.902311250558,-14.937397513794,0.519420981407166
"26382",120.984627613657,-14.937397513794,0.518319070339203
"26383",121.066943976757,-14.937397513794,0.517052471637726
"26384",121.149260339856,-14.937397513794,0.515593707561493
"26385",121.231576702955,-14.937397513794,0.513807535171509
"26386",121.313893066055,-14.937397513794,0.511662304401398
"26387",121.396209429154,-14.937397513794,0.509208202362061
"26388",121.478525792253,-14.937397513794,0.506393730640411
"26389",121.560842155352,-14.937397513794,0.503231406211853
"26390",121.643158518452,-14.937397513794,0.499589949846268
"26391",121.725474881551,-14.937397513794,0.495502918958664
"26392",121.80779124465,-14.937397513794,0.490968763828278
"26393",121.89010760775,-14.937397513794,0.485886484384537
"26394",121.972423970849,-14.937397513794,0.480311065912247
"26395",122.054740333948,-14.937397513794,0.47415566444397
"26396",122.137056697047,-14.937397513794,0.467372059822083
"26397",122.219373060147,-14.937397513794,0.460072129964828
"26398",122.301689423246,-14.937397513794,0.45211061835289
"26399",122.384005786345,-14.937397513794,0.443497717380524
"26400",122.466322149445,-14.937397513794,0.434179365634918
"26401",122.548638512544,-14.937397513794,0.424221009016037
"26402",122.630954875643,-14.937397513794,0.413572132587433
"26403",122.713271238742,-14.937397513794,0.402091443538666
"26404",122.795587601842,-14.937397513794,0.38979634642601
"26405",122.877903964941,-14.937397513794,0.376771688461304
"26406",122.96022032804,-14.937397513794,0.362926065921783
"26407",123.04253669114,-14.937397513794,0.348225921392441
"26408",123.124853054239,-14.937397513794,0.332710832357407
"26409",123.207169417338,-14.937397513794,0.316394448280334
"26410",123.289485780437,-14.937397513794,0.299300700426102
"26411",123.371802143537,-14.937397513794,0.281517148017883
"26412",123.454118506636,-14.937397513794,0.263027042150497
"26413",123.536434869735,-14.937397513794,0.243983671069145
"26414",123.618751232835,-14.937397513794,0.224352702498436
"26415",123.701067595934,-14.937397513794,0.204259008169174
"26416",123.783383959033,-14.937397513794,0.18379482626915
"26417",123.865700322132,-14.937397513794,0.163128718733788
"26418",123.948016685232,-14.937397513794,0.142308458685875
"26419",124.030333048331,-14.937397513794,0.121423602104187
"26420",124.11264941143,-14.937397513794,0.100539468228817
"26421",124.19496577453,-14.937397513794,0.0798463746905327
"26422",124.277282137629,-14.937397513794,0.0594003982841969
"26423",124.359598500728,-14.937397513794,0.0392073951661587
"26424",124.441914863827,-14.937397513794,0.0194631740450859
"26425",124.524231226927,-14.937397513794,0.00443901214748621
"26426",124.606547590026,-14.937397513794,0
"26427",124.688863953125,-14.937397513794,0
"26428",124.771180316225,-14.937397513794,0
"26429",124.853496679324,-14.937397513794,0
"26430",124.935813042423,-14.937397513794,0
"26431",125.018129405522,-14.937397513794,0
"26432",125.100445768622,-14.937397513794,0
"26433",125.182762131721,-14.937397513794,0
"26434",125.26507849482,-14.937397513794,0
"26435",125.34739485792,-14.937397513794,0
"26469",128.146151203295,-14.937397513794,0
"26470",128.228467566394,-14.937397513794,0
"26471",128.310783929494,-14.937397513794,0
"26472",128.393100292593,-14.937397513794,0
"26473",128.475416655692,-14.937397513794,0
"26476",128.72236574499,-14.937397513794,0
"26477",128.804682108089,-14.937397513794,0
"26478",128.886998471189,-14.937397513794,0
"26479",128.969314834288,-14.937397513794,0
"26480",129.051631197387,-14.937397513794,0
"26481",129.133947560487,-14.937397513794,0
"26482",129.216263923586,-14.937397513794,0
"26483",129.298580286685,-14.937397513794,0
"26484",129.380896649784,-14.937397513794,0
"26485",129.463213012884,-14.937397513794,0
"26486",129.545529375983,-14.937397513794,0
"26487",129.627845739082,-14.937397513794,0
"26488",129.710162102182,-14.937397513794,0
"26490",129.87479482838,-14.937397513794,0
"26491",129.957111191479,-14.937397513794,0
"26664",120.73767852436,-15.0197138768933,0.502402603626251
"26665",120.819994887459,-15.0197138768933,0.501586079597473
"26666",120.902311250558,-15.0197138768933,0.500517964363098
"26667",120.984627613657,-15.0197138768933,0.499194979667664
"26668",121.066943976757,-15.0197138768933,0.49767941236496
"26669",121.149260339856,-15.0197138768933,0.495976895093918
"26670",121.231576702955,-15.0197138768933,0.493926405906677
"26671",121.313893066055,-15.0197138768933,0.491587042808533
"26672",121.396209429154,-15.0197138768933,0.48896336555481
"26673",121.478525792253,-15.0197138768933,0.486000388860703
"26674",121.560842155352,-15.0197138768933,0.482700854539871
"26675",121.643158518452,-15.0197138768933,0.478960156440735
"26676",121.725474881551,-15.0197138768933,0.474862605333328
"26677",121.80779124465,-15.0197138768933,0.470269709825516
"26678",121.89010760775,-15.0197138768933,0.46525964140892
"26679",121.972423970849,-15.0197138768933,0.459762215614319
"26680",122.054740333948,-15.0197138768933,0.453777611255646
"26681",122.137056697047,-15.0197138768933,0.447212964296341
"26682",122.219373060147,-15.0197138768933,0.440121173858643
"26683",122.301689423246,-15.0197138768933,0.432421803474426
"26684",122.384005786345,-15.0197138768933,0.424142062664032
"26685",122.466322149445,-15.0197138768933,0.415208697319031
"26686",122.548638512544,-15.0197138768933,0.405664354562759
"26687",122.630954875643,-15.0197138768933,0.395399451255798
"26688",122.713271238742,-15.0197138768933,0.384427011013031
"26689",122.795587601842,-15.0197138768933,0.372667610645294
"26690",122.877903964941,-15.0197138768933,0.36015397310257
"26691",122.96022032804,-15.0197138768933,0.346823900938034
"26692",123.04253669114,-15.0197138768933,0.332722634077072
"26693",123.124853054239,-15.0197138768933,0.317857027053833
"26694",123.207169417338,-15.0197138768933,0.302173048257828
"26695",123.289485780437,-15.0197138768933,0.285670787096024
"26696",123.371802143537,-15.0197138768933,0.268506288528442
"26697",123.454118506636,-15.0197138768933,0.25071382522583
"26698",123.536434869735,-15.0197138768933,0.232314378023148
"26699",123.618751232835,-15.0197138768933,0.213359549641609
"26700",123.701067595934,-15.0197138768933,0.193977564573288
"26701",123.783383959033,-15.0197138768933,0.174214959144592
"26702",123.865700322132,-15.0197138768933,0.154167175292969
"26703",123.948016685232,-15.0197138768933,0.133973658084869
"26704",124.030333048331,-15.0197138768933,0.113690450787544
"26705",124.11264941143,-15.0197138768933,0.0933798551559448
"26706",124.19496577453,-15.0197138768933,0.0731755197048187
"26707",124.277282137629,-15.0197138768933,0.0531796179711819
"26708",124.359598500728,-15.0197138768933,0.0334497764706612
"26709",124.441914863827,-15.0197138768933,0.0140167977660894
"26710",124.524231226927,-15.0197138768933,0.00238607171922922
"26711",124.606547590026,-15.0197138768933,0
"26712",124.688863953125,-15.0197138768933,0
"26713",124.771180316225,-15.0197138768933,0
"26714",124.853496679324,-15.0197138768933,0
"26715",124.935813042423,-15.0197138768933,0
"26716",125.018129405522,-15.0197138768933,0
"26717",125.100445768622,-15.0197138768933,0
"26718",125.182762131721,-15.0197138768933,0
"26719",125.26507849482,-15.0197138768933,0
"26720",125.34739485792,-15.0197138768933,0
"26721",125.429711221019,-15.0197138768933,0
"26754",128.146151203295,-15.0197138768933,0
"26755",128.228467566394,-15.0197138768933,0
"26756",128.310783929494,-15.0197138768933,0
"26757",128.393100292593,-15.0197138768933,0
"26758",128.475416655692,-15.0197138768933,0
"26759",128.557733018792,-15.0197138768933,0
"26765",129.051631197387,-15.0197138768933,0
"26766",129.133947560487,-15.0197138768933,0
"26767",129.216263923586,-15.0197138768933,0
"26768",129.298580286685,-15.0197138768933,0
"26770",129.463213012884,-15.0197138768933,0
"26771",129.545529375983,-15.0197138768933,0
"26772",129.627845739082,-15.0197138768933,0
"26948",120.65536216126,-15.1020302399926,0.484971463680267
"26949",120.73767852436,-15.1020302399926,0.484129369258881
"26950",120.819994887459,-15.1020302399926,0.482940793037415
"26951",120.902311250558,-15.1020302399926,0.481625467538834
"26952",120.984627613657,-15.1020302399926,0.480062425136566
"26953",121.066943976757,-15.1020302399926,0.478328019380569
"26954",121.149260339856,-15.1020302399926,0.476337254047394
"26955",121.231576702955,-15.1020302399926,0.474042981863022
"26956",121.313893066055,-15.1020302399926,0.471534550189972
"26957",121.396209429154,-15.1020302399926,0.468740880489349
"26958",121.478525792253,-15.1020302399926,0.465638518333435
"26959",121.560842155352,-15.1020302399926,0.462186902761459
"26960",121.643158518452,-15.1020302399926,0.458418548107147
"26961",121.725474881551,-15.1020302399926,0.454318642616272
"26962",121.80779124465,-15.1020302399926,0.449728459119797
"26963",121.89010760775,-15.1020302399926,0.444722473621368
"26964",121.972423970849,-15.1020302399926,0.439329236745834
"26965",122.054740333948,-15.1020302399926,0.433501899242401
"26966",122.137056697047,-15.1020302399926,0.427167862653732
"26967",122.219373060147,-15.1020302399926,0.420354455709457
"26968",122.301689423246,-15.1020302399926,0.412986755371094
"26969",122.384005786345,-15.1020302399926,0.405032157897949
"26970",122.466322149445,-15.1020302399926,0.396509855985641
"26971",122.548638512544,-15.1020302399926,0.387415051460266
"26972",122.630954875643,-15.1020302399926,0.377633422613144
"26973",122.713271238742,-15.1020302399926,0.367153495550156
"26974",122.795587601842,-15.1020302399926,0.355959355831146
"26975",122.877903964941,-15.1020302399926,0.344008088111877
"26976",122.96022032804,-15.1020302399926,0.331282705068588
"26977",123.04253669114,-15.1020302399926,0.317778795957565
"26978",123.124853054239,-15.1020302399926,0.303537428379059
"26979",123.207169417338,-15.1020302399926,0.288523137569427
"26980",123.289485780437,-15.1020302399926,0.272690713405609
"26981",123.371802143537,-15.1020302399926,0.256205886602402
"26982",123.454118506636,-15.1020302399926,0.23904849588871
"26983",123.536434869735,-15.1020302399926,0.22129225730896
"26984",123.618751232835,-15.1020302399926,0.203000873327255
"26985",123.701067595934,-15.1020302399926,0.184257552027702
"26986",123.783383959033,-15.1020302399926,0.165178939700127
"26987",123.865700322132,-15.1020302399926,0.145751520991325
"26988",123.948016685232,-15.1020302399926,0.12613682448864
"26989",124.030333048331,-15.1020302399926,0.106409855186939
"26990",124.11264941143,-15.1020302399926,0.0866715461015701
"26991",124.19496577453,-15.1020302399926,0.0669853240251541
"26992",124.277282137629,-15.1020302399926,0.0474220030009747
"26993",124.359598500728,-15.1020302399926,0.0280733071267605
"26994",124.441914863827,-15.1020302399926,0.00900120288133621
"26995",124.524231226927,-15.1020302399926,0.00102597626391798
"26996",124.606547590026,-15.1020302399926,0
"26997",124.688863953125,-15.1020302399926,0
"26998",124.771180316225,-15.1020302399926,0
"26999",124.853496679324,-15.1020302399926,0
"27000",124.935813042423,-15.1020302399926,0
"27001",125.018129405522,-15.1020302399926,0
"27002",125.100445768622,-15.1020302399926,0
"27003",125.182762131721,-15.1020302399926,0
"27004",125.26507849482,-15.1020302399926,0
"27005",125.34739485792,-15.1020302399926,0
"27006",125.429711221019,-15.1020302399926,0
"27007",125.512027584118,-15.1020302399926,0
"27038",128.063834840196,-15.1020302399926,0
"27039",128.146151203295,-15.1020302399926,0
"27040",128.228467566394,-15.1020302399926,0
"27041",128.310783929494,-15.1020302399926,0
"27042",128.393100292593,-15.1020302399926,0
"27043",128.475416655692,-15.1020302399926,0
"27051",129.133947560487,-15.1020302399926,0
"27052",129.216263923586,-15.1020302399926,0
"27053",129.298580286685,-15.1020302399926,0
"27055",129.463213012884,-15.1020302399926,0
"27056",129.545529375983,-15.1020302399926,0
"27057",129.627845739082,-15.1020302399926,0
"27058",129.710162102182,-15.1020302399926,0
"27232",120.573045798161,-15.1843466030919,0.467911601066589
"27233",120.65536216126,-15.1843466030919,0.466861307621002
"27234",120.73767852436,-15.1843466030919,0.465674698352814
"27235",120.819994887459,-15.1843466030919,0.464321345090866
"27236",120.902311250558,-15.1843466030919,0.462755531072617
"27237",120.984627613657,-15.1843466030919,0.46099454164505
"27238",121.066943976757,-15.1843466030919,0.458987593650818
"27239",121.149260339856,-15.1843466030919,0.456778526306152
"27240",121.231576702955,-15.1843466030919,0.454284280538559
"27241",121.313893066055,-15.1843466030919,0.451567858457565
"27242",121.396209429154,-15.1843466030919,0.448655039072037
"27243",121.478525792253,-15.1843466030919,0.445371568202972
"27244",121.560842155352,-15.1843466030919,0.441810131072998
"27245",121.643158518452,-15.1843466030919,0.437961310148239
"27246",121.725474881551,-15.1843466030919,0.43377098441124
"27247",121.80779124465,-15.1843466030919,0.429261654615402
"27248",121.89010760775,-15.1843466030919,0.424353510141373
"27249",121.972423970849,-15.1843466030919,0.419084787368774
"27250",122.054740333948,-15.1843466030919,0.413421034812927
"27251",122.137056697047,-15.1843466030919,0.407307833433151
"27252",122.219373060147,-15.1843466030919,0.400771886110306
"27253",122.301689423246,-15.1843466030919,0.39373716711998
"27254",122.384005786345,-15.1843466030919,0.386194467544556
"27255",122.466322149445,-15.1843466030919,0.378093302249908
"27256",122.548638512544,-15.1843466030919,0.369452953338623
"27257",122.630954875643,-15.1843466030919,0.360221594572067
"27258",122.713271238742,-15.1843466030919,0.350298821926117
"27259",122.795587601842,-15.1843466030919,0.339663207530975
"27260",122.877903964941,-15.1843466030919,0.328319042921066
"27261",122.96022032804,-15.1843466030919,0.316275000572205
"27262",123.04253669114,-15.1843466030919,0.303441166877747
"27263",123.124853054239,-15.1843466030919,0.289814174175262
"27264",123.207169417338,-15.1843466030919,0.27542445063591
"27265",123.289485780437,-15.1843466030919,0.260277509689331
"27266",123.371802143537,-15.1843466030919,0.244429662823677
"27267",123.454118506636,-15.1843466030919,0.227948725223541
"27268",123.536434869735,-15.1843466030919,0.210848212242126
"27269",123.618751232835,-15.1843466030919,0.193192213773727
"27270",123.701067595934,-15.1843466030919,0.175097361207008
"27271",123.783383959033,-15.1843466030919,0.156607642769814
"27272",123.865700322132,-15.1843466030919,0.137784317135811
"27273",123.948016685232,-15.1843466030919,0.118724711239338
"27274",124.030333048331,-15.1843466030919,0.0995354801416397
"27275",124.11264941143,-15.1843466030919,0.0803047120571136
"27276",124.19496577453,-15.1843466030919,0.0611056797206402
"27277",124.277282137629,-15.1843466030919,0.0419836156070232
"27278",124.359598500728,-15.1843466030919,0.0229932237416506
"27279",124.441914863827,-15.1843466030919,0.00428702495992184
"27280",124.524231226927,-15.1843466030919,0.000235716841416433
"27281",124.606547590026,-15.1843466030919,0
"27282",124.688863953125,-15.1843466030919,0
"27283",124.771180316225,-15.1843466030919,0
"27284",124.853496679324,-15.1843466030919,0
"27285",124.935813042423,-15.1843466030919,0
"27286",125.018129405522,-15.1843466030919,0
"27287",125.100445768622,-15.1843466030919,0
"27288",125.182762131721,-15.1843466030919,0
"27289",125.26507849482,-15.1843466030919,0
"27290",125.34739485792,-15.1843466030919,0
"27291",125.429711221019,-15.1843466030919,0
"27292",125.512027584118,-15.1843466030919,0
"27322",127.981518477097,-15.1843466030919,0
"27323",128.063834840196,-15.1843466030919,0
"27324",128.146151203295,-15.1843466030919,0
"27325",128.228467566394,-15.1843466030919,0
"27326",128.310783929494,-15.1843466030919,0
"27336",129.133947560487,-15.1843466030919,0
"27337",129.216263923586,-15.1843466030919,0
"27341",129.545529375983,-15.1843466030919,0
"27517",120.573045798161,-15.2666629661912,0.450118750333786
"27518",120.65536216126,-15.2666629661912,0.448836207389832
"27519",120.73767852436,-15.2666629661912,0.44741302728653
"27520",120.819994887459,-15.2666629661912,0.445801079273224
"27521",120.902311250558,-15.2666629661912,0.44398558139801
"27522",120.984627613657,-15.2666629661912,0.441983133554459
"27523",121.066943976757,-15.2666629661912,0.439770340919495
"27524",121.149260339856,-15.2666629661912,0.437338411808014
"27525",121.231576702955,-15.2666629661912,0.434646904468536
"27526",121.313893066055,-15.2666629661912,0.431723833084106
"27527",121.396209429154,-15.2666629661912,0.4285688996315
"27528",121.478525792253,-15.2666629661912,0.425197929143906
"27529",121.560842155352,-15.2666629661912,0.421573102474213
"27530",121.643158518452,-15.2666629661912,0.417659521102905
"27531",121.725474881551,-15.2666629661912,0.413421303033829
"27532",121.80779124465,-15.2666629661912,0.408937394618988
"27533",121.89010760775,-15.2666629661912,0.404143184423447
"27534",121.972423970849,-15.2666629661912,0.399009644985199
"27535",122.054740333948,-15.2666629661912,0.393525242805481
"27536",122.137056697047,-15.2666629661912,0.387667447328568
"27537",122.219373060147,-15.2666629661912,0.381423592567444
"27538",122.301689423246,-15.2666629661912,0.37474524974823
"27539",122.384005786345,-15.2666629661912,0.367681324481964
"27540",122.466322149445,-15.2666629661912,0.360079675912857
"27541",122.548638512544,-15.2666629661912,0.351910918951035
"27542",122.630954875643,-15.2666629661912,0.343181312084198
"27543",122.713271238742,-15.2666629661912,0.33389800786972
"27544",122.795587601842,-15.2666629661912,0.323896199464798
"27545",122.877903964941,-15.2666629661912,0.313193768262863
"27546",122.96022032804,-15.2666629661912,0.301777124404907
"27547",123.04253669114,-15.2666629661912,0.289631128311157
"27548",123.124853054239,-15.2666629661912,0.276648759841919
"27549",123.207169417338,-15.2666629661912,0.262875258922577
"27550",123.289485780437,-15.2666629661912,0.248387917876244
"27551",123.371802143537,-15.2666629661912,0.233248978853226
"27552",123.454118506636,-15.2666629661912,0.217352598905563
"27553",123.536434869735,-15.2666629661912,0.200915098190308
"27554",123.618751232835,-15.2666629661912,0.183887854218483
"27555",123.701067595934,-15.2666629661912,0.166396737098694
"27556",123.783383959033,-15.2666629661912,0.148501008749008
"27557",123.865700322132,-15.2666629661912,0.130263730883598
"27558",123.948016685232,-15.2666629661912,0.111756019294262
"27559",124.030333048331,-15.2666629661912,0.0930664986371994
"27560",124.11264941143,-15.2666629661912,0.0743378922343254
"27561",124.19496577453,-15.2666629661912,0.0555453337728977
"27562",124.277282137629,-15.2666629661912,0.0368703939020634
"27563",124.359598500728,-15.2666629661912,0.0183014888316393
"27564",124.441914863827,-15.2666629661912,0.000941864855121821
"27565",124.524231226927,-15.2666629661912,3.4314148251724e-06
"27566",124.606547590026,-15.2666629661912,0
"27567",124.688863953125,-15.2666629661912,0
"27568",124.771180316225,-15.2666629661912,0
"27569",124.853496679324,-15.2666629661912,0
"27570",124.935813042423,-15.2666629661912,0
"27571",125.018129405522,-15.2666629661912,0
"27572",125.100445768622,-15.2666629661912,0
"27608",128.063834840196,-15.2666629661912,0
"27609",128.146151203295,-15.2666629661912,0
"27610",128.228467566394,-15.2666629661912,0
"27621",129.133947560487,-15.2666629661912,0
"27801",120.490729435062,-15.3489793292905,0.433837860822678
"27802",120.573045798161,-15.3489793292905,0.432489544153214
"27803",120.65536216126,-15.3489793292905,0.430968403816223
"27804",120.73767852436,-15.3489793292905,0.429284483194351
"27805",120.819994887459,-15.3489793292905,0.42742195725441
"27806",120.902311250558,-15.3489793292905,0.425367712974548
"27807",120.984627613657,-15.3489793292905,0.423124641180038
"27808",121.066943976757,-15.3489793292905,0.420671194791794
"27809",121.149260339856,-15.3489793292905,0.418007850646973
"27810",121.231576702955,-15.3489793292905,0.415127903223038
"27811",121.313893066055,-15.3489793292905,0.412032395601273
"27812",121.396209429154,-15.3489793292905,0.408747762441635
"27813",121.478525792253,-15.3489793292905,0.405222713947296
"27814",121.560842155352,-15.3489793292905,0.401460915803909
"27815",121.643158518452,-15.3489793292905,0.397526890039444
"27816",121.725474881551,-15.3489793292905,0.393261909484863
"27817",121.80779124465,-15.3489793292905,0.388817936182022
"27818",121.89010760775,-15.3489793292905,0.384099215269089
"27819",121.972423970849,-15.3489793292905,0.379111647605896
"27820",122.054740333948,-15.3489793292905,0.373815834522247
"27821",122.137056697047,-15.3489793292905,0.368235439062119
"27822",122.219373060147,-15.3489793292905,0.362323850393295
"27823",122.301689423246,-15.3489793292905,0.356066972017288
"27824",122.384005786345,-15.3489793292905,0.349434733390808
"27825",122.466322149445,-15.3489793292905,0.342268407344818
"27826",122.548638512544,-15.3489793292905,0.334688574075699
"27827",122.630954875643,-15.3489793292905,0.326558768749237
"27828",122.713271238742,-15.3489793292905,0.31789642572403
"27829",122.795587601842,-15.3489793292905,0.308582901954651
"27830",122.877903964941,-15.3489793292905,0.298580467700958
"27831",122.96022032804,-15.3489793292905,0.287821143865585
"27832",123.04253669114,-15.3489793292905,0.276304125785828
"27833",123.124853054239,-15.3489793292905,0.264009743928909
"27834",123.207169417338,-15.3489793292905,0.250965386629105
"27835",123.289485780437,-15.3489793292905,0.237124755978584
"27836",123.371802143537,-15.3489793292905,0.222534745931625
"27837",123.454118506636,-15.3489793292905,0.207344248890877
"27838",123.536434869735,-15.3489793292905,0.19156114757061
"27839",123.618751232835,-15.3489793292905,0.175138339400291
"27840",123.701067595934,-15.3489793292905,0.15819051861763
"27841",123.783383959033,-15.3489793292905,0.140850022435188
"27842",123.865700322132,-15.3489793292905,0.123151302337646
"27843",123.948016685232,-15.3489793292905,0.105173379182816
"27844",124.030333048331,-15.3489793292905,0.0869849771261215
"27845",124.11264941143,-15.3489793292905,0.0686664134263992
"27846",124.19496577453,-15.3489793292905,0.0503834262490273
"27847",124.277282137629,-15.3489793292905,0.0320025160908699
"27848",124.359598500728,-15.3489793292905,0.0138497212901711
"27849",124.441914863827,-15.3489793292905,0
"27850",124.524231226927,-15.3489793292905,0
"27851",124.606547590026,-15.3489793292905,0
"27852",124.688863953125,-15.3489793292905,0
"27853",124.771180316225,-15.3489793292905,0
"27854",124.853496679324,-15.3489793292905,0
"27855",124.935813042423,-15.3489793292905,0
"27856",125.018129405522,-15.3489793292905,0
"27857",125.100445768622,-15.3489793292905,0
"27858",125.182762131721,-15.3489793292905,0
"27892",127.981518477097,-15.3489793292905,0
"27893",128.063834840196,-15.3489793292905,0
"27894",128.146151203295,-15.3489793292905,0
"27895",128.228467566394,-15.3489793292905,0
"27896",128.310783929494,-15.3489793292905,0
"28085",120.408413071962,-15.4312956923897,0.414585769176483
"28086",120.490729435062,-15.4312956923897,0.416592925786972
"28087",120.573045798161,-15.4312956923897,0.415043473243713
"28088",120.65536216126,-15.4312956923897,0.4133480489254
"28089",120.73767852436,-15.4312956923897,0.411398231983185
"28090",120.819994887459,-15.4312956923897,0.409230887889862
"28091",120.902311250558,-15.4312956923897,0.406984478235245
"28092",120.984627613657,-15.4312956923897,0.404491513967514
"28093",121.066943976757,-15.4312956923897,0.401772409677505
"28094",121.149260339856,-15.4312956923897,0.398876279592514
"28095",121.231576702955,-15.4312956923897,0.395794183015823
"28096",121.313893066055,-15.4312956923897,0.392541021108627
"28097",121.396209429154,-15.4312956923897,0.389089822769165
"28098",121.478525792253,-15.4312956923897,0.385380566120148
"28099",121.560842155352,-15.4312956923897,0.381535440683365
"28100",121.643158518452,-15.4312956923897,0.377580910921097
"28101",121.725474881551,-15.4312956923897,0.373313754796982
"28102",121.80779124465,-15.4312956923897,0.368903666734695
"28103",121.89010760775,-15.4312956923897,0.364284098148346
"28104",121.972423970849,-15.4312956923897,0.359444290399551
"28105",122.054740333948,-15.4312956923897,0.354371190071106
"28106",122.137056697047,-15.4312956923897,0.349104136228561
"28107",122.219373060147,-15.4312956923897,0.343486934900284
"28108",122.301689423246,-15.4312956923897,0.337645679712296
"28109",122.384005786345,-15.4312956923897,0.331425368785858
"28110",122.466322149445,-15.4312956923897,0.324850410223007
"28111",122.548638512544,-15.4312956923897,0.317830234766006
"28112",122.630954875643,-15.4312956923897,0.310356676578522
"28113",122.713271238742,-15.4312956923897,0.302305519580841
"28114",122.795587601842,-15.4312956923897,0.293674558401108
"28115",122.877903964941,-15.4312956923897,0.284389019012451
"28116",122.96022032804,-15.4312956923897,0.274311363697052
"28117",123.04253669114,-15.4312956923897,0.263451755046844
"28118",123.124853054239,-15.4312956923897,0.251879513263702
"28119",123.207169417338,-15.4312956923897,0.239523723721504
"28120",123.289485780437,-15.4312956923897,0.226386561989784
"28121",123.371802143537,-15.4312956923897,0.212453693151474
"28122",123.454118506636,-15.4312956923897,0.197856932878494
"28123",123.536434869735,-15.4312956923897,0.18258935213089
"28124",123.618751232835,-15.4312956923897,0.166780233383179
"28125",123.701067595934,-15.4312956923897,0.150388568639755
"28126",123.783383959033,-15.4312956923897,0.133603319525719
"28127",123.865700322132,-15.4312956923897,0.116367287933826
"28128",123.948016685232,-15.4312956923897,0.0989262461662292
"28129",124.030333048331,-15.4312956923897,0.0811893939971924
"28130",124.11264941143,-15.4312956923897,0.0633324012160301
"28131",124.19496577453,-15.4312956923897,0.0453898422420025
"28132",124.277282137629,-15.4312956923897,0.0274273902177811
"28133",124.359598500728,-15.4312956923897,0.0101499287411571
"28134",124.441914863827,-15.4312956923897,0
"28135",124.524231226927,-15.4312956923897,0
"28136",124.606547590026,-15.4312956923897,0
"28137",124.688863953125,-15.4312956923897,0
"28138",124.771180316225,-15.4312956923897,0
"28139",124.853496679324,-15.4312956923897,0
"28140",124.935813042423,-15.4312956923897,0
"28141",125.018129405522,-15.4312956923897,0
"28142",125.100445768622,-15.4312956923897,0
"28143",125.182762131721,-15.4312956923897,0
"28177",127.981518477097,-15.4312956923897,0
"28178",128.063834840196,-15.4312956923897,0
"28179",128.146151203295,-15.4312956923897,0
"28180",128.228467566394,-15.4312956923897,0
"28181",128.310783929494,-15.4312956923897,0
"28369",120.326096708863,-15.513612055489,0.401474177837372
"28370",120.408413071962,-15.513612055489,0.401207625865936
"28371",120.490729435062,-15.513612055489,0.399613499641418
"28372",120.573045798161,-15.513612055489,0.397820264101028
"28373",120.65536216126,-15.513612055489,0.395866632461548
"28374",120.73767852436,-15.513612055489,0.393679231405258
"28375",120.819994887459,-15.513612055489,0.391363978385925
"28376",120.902311250558,-15.513612055489,0.388819724321365
"28377",120.984627613657,-15.513612055489,0.386081665754318
"28378",121.066943976757,-15.513612055489,0.383189141750336
"28379",121.149260339856,-15.513612055489,0.380073398351669
"28380",121.231576702955,-15.513612055489,0.376782149076462
"28381",121.313893066055,-15.513612055489,0.373320162296295
"28382",121.396209429154,-15.513612055489,0.369675606489182
"28383",121.478525792253,-15.513612055489,0.365878075361252
"28384",121.560842155352,-15.513612055489,0.361949503421783
"28385",121.643158518452,-15.513612055489,0.3578742146492
"28386",121.725474881551,-15.513612055489,0.353600472211838
"28387",121.80779124465,-15.513612055489,0.34927424788475
"28388",121.89010760775,-15.513612055489,0.344729274511337
"28389",121.972423970849,-15.513612055489,0.340047240257263
"28390",122.054740333948,-15.513612055489,0.335200548171997
"28391",122.137056697047,-15.513612055489,0.330155611038208
"28392",122.219373060147,-15.513612055489,0.324890196323395
"28393",122.301689423246,-15.513612055489,0.319518148899078
"28394",122.384005786345,-15.513612055489,0.313744843006134
"28395",122.466322149445,-15.513612055489,0.307734370231628
"28396",122.548638512544,-15.513612055489,0.301331043243408
"28397",122.630954875643,-15.513612055489,0.294469982385635
"28398",122.713271238742,-15.513612055489,0.287123411893845
"28399",122.795587601842,-15.513612055489,0.279212117195129
"28400",122.877903964941,-15.513612055489,0.270592749118805
"28401",122.96022032804,-15.513612055489,0.261307239532471
"28402",123.04253669114,-15.513612055489,0.251215368509293
"28403",123.124853054239,-15.513612055489,0.240359976887703
"28404",123.207169417338,-15.513612055489,0.228627592325211
"28405",123.289485780437,-15.513612055489,0.216127082705498
"28406",123.371802143537,-15.513612055489,0.202855825424194
"28407",123.454118506636,-15.513612055489,0.188821837306023
"28408",123.536434869735,-15.513612055489,0.17409285902977
"28409",123.618751232835,-15.513612055489,0.158802375197411
"28410",123.701067595934,-15.513612055489,0.142995163798332
"28411",123.783383959033,-15.513612055489,0.126654669642448
"28412",123.865700322132,-15.513612055489,0.109944507479668
"28413",123.948016685232,-15.513612055489,0.0929427072405815
"28414",124.030333048331,-15.513612055489,0.0756776705384254
"28415",124.11264941143,-15.513612055489,0.058243453502655
"28416",124.19496577453,-15.513612055489,0.0406961962580681
"28417",124.277282137629,-15.513612055489,0.0231524463742971
"28418",124.359598500728,-15.513612055489,0.00710182683542371
"28419",124.441914863827,-15.513612055489,0
"28420",124.524231226927,-15.513612055489,0
"28421",124.606547590026,-15.513612055489,0
"28422",124.688863953125,-15.513612055489,0
"28427",125.100445768622,-15.513612055489,0
"28428",125.182762131721,-15.513612055489,0
"28462",127.981518477097,-15.513612055489,0
"28463",128.063834840196,-15.513612055489,0
"28464",128.146151203295,-15.513612055489,0
"28466",128.310783929494,-15.513612055489,0
"28653",120.243780345764,-15.5959284185883,0.380610853433609
"28654",120.326096708863,-15.5959284185883,0.384715646505356
"28655",120.408413071962,-15.5959284185883,0.384707689285278
"28656",120.490729435062,-15.5959284185883,0.382901549339294
"28657",120.573045798161,-15.5959284185883,0.380873769521713
"28658",120.65536216126,-15.5959284185883,0.378673553466797
"28659",120.73767852436,-15.5959284185883,0.376312792301178
"28660",120.819994887459,-15.5959284185883,0.373761832714081
"28661",120.902311250558,-15.5959284185883,0.371001213788986
"28662",120.984627613657,-15.5959284185883,0.367982745170593
"28663",121.066943976757,-15.5959284185883,0.364868819713593
"28664",121.149260339856,-15.5959284185883,0.361559182405472
"28665",121.231576702955,-15.5959284185883,0.358057528734207
"28666",121.313893066055,-15.5959284185883,0.354424327611923
"28667",121.396209429154,-15.5959284185883,0.350601941347122
"28668",121.478525792253,-15.5959284185883,0.346646517515182
"28669",121.560842155352,-15.5959284185883,0.342614144086838
"28670",121.643158518452,-15.5959284185883,0.33845129609108
"28671",121.725474881551,-15.5959284185883,0.334222882986069
"28672",121.80779124465,-15.5959284185883,0.329902172088623
"28673",121.89010760775,-15.5959284185883,0.325393080711365
"28674",121.972423970849,-15.5959284185883,0.320910811424255
"28675",122.054740333948,-15.5959284185883,0.316282361745834
"28676",122.137056697047,-15.5959284185883,0.311492502689362
"28677",122.219373060147,-15.5959284185883,0.306590855121613
"28678",122.301689423246,-15.5959284185883,0.301601201295853
"28679",122.384005786345,-15.5959284185883,0.296346098184586
"28680",122.466322149445,-15.5959284185883,0.290861368179321
"28681",122.548638512544,-15.5959284185883,0.285095185041428
"28682",122.630954875643,-15.5959284185883,0.278959482908249
"28683",122.713271238742,-15.5959284185883,0.272345334291458
"28684",122.795587601842,-15.5959284185883,0.265162974596024
"28685",122.877903964941,-15.5959284185883,0.257287174463272
"28686",122.96022032804,-15.5959284185883,0.248796924948692
"28687",123.04253669114,-15.5959284185883,0.239450573921204
"28688",123.124853054239,-15.5959284185883,0.229195773601532
"28689",123.207169417338,-15.5959284185883,0.218215495347977
"28690",123.289485780437,-15.5959284185883,0.206249579787254
"28691",123.371802143537,-15.5959284185883,0.193613931536674
"28692",123.454118506636,-15.5959284185883,0.180163383483887
"28693",123.536434869735,-15.5959284185883,0.166055977344513
"28694",123.618751232835,-15.5959284185883,0.151245385408401
"28695",123.701067595934,-15.5959284185883,0.135891333222389
"28696",123.783383959033,-15.5959284185883,0.120073914527893
"28697",123.865700322132,-15.5959284185883,0.103843167424202
"28698",123.948016685232,-15.5959284185883,0.0872453674674034
"28699",124.030333048331,-15.5959284185883,0.0704530477523804
"28700",124.11264941143,-15.5959284185883,0.053350891917944
"28701",124.19496577453,-15.5959284185883,0.0362115278840065
"28702",124.277282137629,-15.5959284185883,0.0189950652420521
"28703",124.359598500728,-15.5959284185883,0.00456480775028467
"28704",124.441914863827,-15.5959284185883,0
"28705",124.524231226927,-15.5959284185883,0
"28706",124.606547590026,-15.5959284185883,0
"28712",125.100445768622,-15.5959284185883,0
"28713",125.182762131721,-15.5959284185883,0
"28714",125.26507849482,-15.5959284185883,0
"28748",128.063834840196,-15.5959284185883,0
"28752",128.393100292593,-15.5959284185883,0
"28937",120.161463982665,-15.6782447816876,0.368270635604858
"28938",120.243780345764,-15.6782447816876,0.371054381132126
"28939",120.326096708863,-15.6782447816876,0.370306462049484
"28940",120.408413071962,-15.6782447816876,0.368522703647614
"28941",120.490729435062,-15.6782447816876,0.366524994373322
"28942",120.573045798161,-15.6782447816876,0.364301294088364
"28943",120.65536216126,-15.6782447816876,0.361843973398209
"28944",120.73767852436,-15.6782447816876,0.359280109405518
"28945",120.819994887459,-15.6782447816876,0.356440275907516
"28946",120.902311250558,-15.6782447816876,0.353477150201797
"28947",120.984627613657,-15.6782447816876,0.35029461979866
"28948",121.066943976757,-15.6782447816876,0.346920371055603
"28949",121.149260339856,-15.6782447816876,0.343313664197922
"28950",121.231576702955,-15.6782447816876,0.339667022228241
"28951",121.313893066055,-15.6782447816876,0.335811167955399
"28952",121.396209429154,-15.6782447816876,0.33182093501091
"28953",121.478525792253,-15.6782447816876,0.327746659517288
"28954",121.560842155352,-15.6782447816876,0.323606550693512
"28955",121.643158518452,-15.6782447816876,0.319370955228806
"28956",121.725474881551,-15.6782447816876,0.315092176198959
"28957",121.80779124465,-15.6782447816876,0.310796916484833
"28958",121.89010760775,-15.6782447816876,0.306432336568832
"28959",121.972423970849,-15.6782447816876,0.30203902721405
"28960",122.054740333948,-15.6782447816876,0.297623217105865
"28961",122.137056697047,-15.6782447816876,0.293116837739944
"28962",122.219373060147,-15.6782447816876,0.288572132587433
"28963",122.301689423246,-15.6782447816876,0.28391095995903
"28964",122.384005786345,-15.6782447816876,0.279192924499512
"28965",122.466322149445,-15.6782447816876,0.274329572916031
"28966",122.548638512544,-15.6782447816876,0.269201785326004
"28967",122.630954875643,-15.6782447816876,0.263734489679337
"28968",122.713271238742,-15.6782447816876,0.257946103811264
"28969",122.795587601842,-15.6782447816876,0.251558065414429
"28970",122.877903964941,-15.6782447816876,0.244496122002602
"28971",122.96022032804,-15.6782447816876,0.236699417233467
"28972",123.04253669114,-15.6782447816876,0.228105902671814
"28973",123.124853054239,-15.6782447816876,0.21856789290905
"28974",123.207169417338,-15.6782447816876,0.20819154381752
"28975",123.289485780437,-15.6782447816876,0.196879640221596
"28976",123.371802143537,-15.6782447816876,0.184815928339958
"28977",123.454118506636,-15.6782447816876,0.171928659081459
"28978",123.536434869735,-15.6782447816876,0.158337324857712
"28979",123.618751232835,-15.6782447816876,0.144055709242821
"28980",123.701067595934,-15.6782447816876,0.129193991422653
"28981",123.783383959033,-15.6782447816876,0.113795004785061
"28982",123.865700322132,-15.6782447816876,0.0979886278510094
"28983",123.948016685232,-15.6782447816876,0.0818195417523384
"28984",124.030333048331,-15.6782447816876,0.0654103085398674
"28985",124.11264941143,-15.6782447816876,0.0487027205526829
"28986",124.19496577453,-15.6782447816876,0.031920712441206
"28987",124.277282137629,-15.6782447816876,0.0150255095213652
"28988",124.359598500728,-15.6782447816876,0.00246158079244196
"28989",124.441914863827,-15.6782447816876,0
"29222",120.161463982665,-15.7605611447869,0.357809662818909
"29223",120.243780345764,-15.7605611447869,0.35642272233963
"29224",120.326096708863,-15.7605611447869,0.354661822319031
"29225",120.408413071962,-15.7605611447869,0.352733373641968
"29226",120.490729435062,-15.7605611447869,0.350522130727768
"29227",120.573045798161,-15.7605611447869,0.348077863454819
"29228",120.65536216126,-15.7605611447869,0.345444291830063
"29229",120.73767852436,-15.7605611447869,0.342607319355011
"29230",120.819994887459,-15.7605611447869,0.339638710021973
"29231",120.902311250558,-15.7605611447869,0.336410045623779
"29232",120.984627613657,-15.7605611447869,0.332980871200562
"29233",121.066943976757,-15.7605611447869,0.329352349042892
"29234",121.149260339856,-15.7605611447869,0.325522124767303
"29235",121.231576702955,-15.7605611447869,0.321693539619446
"29236",121.313893066055,-15.7605611447869,0.317628562450409
"29237",121.396209429154,-15.7605611447869,0.313507735729218
"29238",121.478525792253,-15.7605611447869,0.309214949607849
"29239",121.560842155352,-15.7605611447869,0.304949730634689
"29240",121.643158518452,-15.7605611447869,0.300663530826569
"29241",121.725474881551,-15.7605611447869,0.296377420425415
"29242",121.80779124465,-15.7605611447869,0.292070209980011
"29243",121.89010760775,-15.7605611447869,0.28781396150589
"29244",121.972423970849,-15.7605611447869,0.283508479595184
"29245",122.054740333948,-15.7605611447869,0.279242157936096
"29246",122.137056697047,-15.7605611447869,0.275040000677109
"29247",122.219373060147,-15.7605611447869,0.27087789773941
"29248",122.301689423246,-15.7605611447869,0.266643851995468
"29249",122.384005786345,-15.7605611447869,0.262402147054672
"29250",122.466322149445,-15.7605611447869,0.258124262094498
"29251",122.548638512544,-15.7605611447869,0.253613263368607
"29252",122.630954875643,-15.7605611447869,0.248948350548744
"29253",122.713271238742,-15.7605611447869,0.243910789489746
"29254",122.795587601842,-15.7605611447869,0.238348349928856
"29255",122.877903964941,-15.7605611447869,0.232119888067245
"29256",122.96022032804,-15.7605611447869,0.225126191973686
"29257",123.04253669114,-15.7605611447869,0.217251762747765
"29258",123.124853054239,-15.7605611447869,0.208414301276207
"29259",123.207169417338,-15.7605611447869,0.198642387986183
"29260",123.289485780437,-15.7605611447869,0.187981054186821
"29261",123.371802143537,-15.7605611447869,0.176402151584625
"29262",123.454118506636,-15.7605611447869,0.164035618305206
"29263",123.536434869735,-15.7605611447869,0.150946110486984
"29264",123.618751232835,-15.7605611447869,0.137147426605225
"29265",123.701067595934,-15.7605611447869,0.122705943882465
"29266",123.783383959033,-15.7605611447869,0.107748106122017
"29267",123.865700322132,-15.7605611447869,0.0923482850193977
"29268",123.948016685232,-15.7605611447869,0.0765929445624352
"29269",124.030333048331,-15.7605611447869,0.0605490058660507
"29270",124.11264941143,-15.7605611447869,0.0442246906459332
"29271",124.19496577453,-15.7605611447869,0.0277304593473673
"29272",124.277282137629,-15.7605611447869,0.011208982206881
"29273",124.359598500728,-15.7605611447869,0.000862692599184811
"29274",124.441914863827,-15.7605611447869,0
"29275",124.524231226927,-15.7605611447869,0
"29277",124.688863953125,-15.7605611447869,0
"29278",124.771180316225,-15.7605611447869,0
"29507",120.161463982665,-15.8428775078862,0.343019306659698
"29508",120.243780345764,-15.8428775078862,0.341302365064621
"29509",120.326096708863,-15.8428775078862,0.339417070150375
"29510",120.408413071962,-15.8428775078862,0.337286949157715
"29511",120.490729435062,-15.8428775078862,0.334901660680771
"29512",120.573045798161,-15.8428775078862,0.332292497158051
"29513",120.65536216126,-15.8428775078862,0.329420000314713
"29514",120.73767852436,-15.8428775078862,0.326341927051544
"29515",120.819994887459,-15.8428775078862,0.323192536830902
"29516",120.902311250558,-15.8428775078862,0.319770216941833
"29517",120.984627613657,-15.8428775078862,0.31607910990715
"29518",121.066943976757,-15.8428775078862,0.312249958515167
"29519",121.149260339856,-15.8428775078862,0.308276802301407
"29520",121.231576702955,-15.8428775078862,0.304115861654282
"29521",121.313893066055,-15.8428775078862,0.299897968769073
"29522",121.396209429154,-15.8428775078862,0.295523315668106
"29523",121.478525792253,-15.8428775078862,0.291155993938446
"29524",121.560842155352,-15.8428775078862,0.286750167608261
"29525",121.643158518452,-15.8428775078862,0.282384753227234
"29526",121.725474881551,-15.8428775078862,0.278069466352463
"29527",121.80779124465,-15.8428775078862,0.273788571357727
"29528",121.89010760775,-15.8428775078862,0.269536286592484
"29529",121.972423970849,-15.8428775078862,0.265362977981567
"29530",122.054740333948,-15.8428775078862,0.261296093463898
"29531",122.137056697047,-15.8428775078862,0.257292538881302
"29532",122.219373060147,-15.8428775078862,0.253415286540985
"29533",122.301689423246,-15.8428775078862,0.249605238437653
"29534",122.384005786345,-15.8428775078862,0.245923906564713
"29535",122.466322149445,-15.8428775078862,0.242184072732925
"29536",122.548638512544,-15.8428775078862,0.238397851586342
"29537",122.630954875643,-15.8428775078862,0.234509214758873
"29538",122.713271238742,-15.8428775078862,0.230234667658806
"29539",122.795587601842,-15.8428775078862,0.225526615977287
"29540",122.877903964941,-15.8428775078862,0.220191270112991
"29541",122.96022032804,-15.8428775078862,0.214004963636398
"29542",123.04253669114,-15.8428775078862,0.206833481788635
"29543",123.124853054239,-15.8428775078862,0.198689177632332
"29544",123.207169417338,-15.8428775078862,0.189556196331978
"29545",123.289485780437,-15.8428775078862,0.179458871483803
"29546",123.371802143537,-15.8428775078862,0.168417647480965
"29547",123.454118506636,-15.8428775078862,0.15649650990963
"29548",123.536434869735,-15.8428775078862,0.14383590221405
"29549",123.618751232835,-15.8428775078862,0.130432188510895
"29550",123.701067595934,-15.8428775078862,0.116441421210766
"29551",123.783383959033,-15.8428775078862,0.101906217634678
"29552",123.865700322132,-15.8428775078862,0.0868746265769005
"29553",123.948016685232,-15.8428775078862,0.071501798927784
"29554",124.030333048331,-15.8428775078862,0.0558090321719646
"29555",124.11264941143,-15.8428775078862,0.0398444198071957
"29556",124.19496577453,-15.8428775078862,0.023692287504673
"29557",124.277282137629,-15.8428775078862,0.00792890135198832
"29558",124.359598500728,-15.8428775078862,0
"29559",124.441914863827,-15.8428775078862,0
"29560",124.524231226927,-15.8428775078862,0
"29561",124.606547590026,-15.8428775078862,0
"29562",124.688863953125,-15.8428775078862,0
"29791",120.079147619565,-15.9251938709855,0.327573478221893
"29792",120.161463982665,-15.9251938709855,0.328416675329208
"29793",120.243780345764,-15.9251938709855,0.32658788561821
"29794",120.326096708863,-15.9251938709855,0.32454514503479
"29795",120.408413071962,-15.9251938709855,0.322217553853989
"29796",120.490729435062,-15.9251938709855,0.319696873426437
"29797",120.573045798161,-15.9251938709855,0.316965103149414
"29798",120.65536216126,-15.9251938709855,0.313967823982239
"29799",120.73767852436,-15.9251938709855,0.310710251331329
"29800",120.819994887459,-15.9251938709855,0.30726233124733
"29801",120.902311250558,-15.9251938709855,0.3035968542099
"29802",120.984627613657,-15.9251938709855,0.299724042415619
"29803",121.066943976757,-15.9251938709855,0.295689642429352
"29804",121.149260339856,-15.9251938709855,0.291477829217911
"29805",121.231576702955,-15.9251938709855,0.287101954221725
"29806",121.313893066055,-15.9251938709855,0.282665818929672
"29807",121.396209429154,-15.9251938709855,0.278145521879196
"29808",121.478525792253,-15.9251938709855,0.273546367883682
"29809",121.560842155352,-15.9251938709855,0.269037514925003
"29810",121.643158518452,-15.9251938709855,0.264562577009201
"29811",121.725474881551,-15.9251938709855,0.260163366794586
"29812",121.80779124465,-15.9251938709855,0.255897372961044
"29813",121.89010760775,-15.9251938709855,0.2517009973526
"29814",121.972423970849,-15.9251938709855,0.247640907764435
"29815",122.054740333948,-15.9251938709855,0.243715241551399
"29816",122.137056697047,-15.9251938709855,0.239932730793953
"29817",122.219373060147,-15.9251938709855,0.236346498131752
"29818",122.301689423246,-15.9251938709855,0.232919111847878
"29819",122.384005786345,-15.9251938709855,0.229616656899452
"29820",122.466322149445,-15.9251938709855,0.226514160633087
"29821",122.548638512544,-15.9251938709855,0.223451197147369
"29822",122.630954875643,-15.9251938709855,0.220329284667969
"29823",122.713271238742,-15.9251938709855,0.216939955949783
"29824",122.795587601842,-15.9251938709855,0.21310493350029
"29825",122.877903964941,-15.9251938709855,0.208664938807487
"29826",122.96022032804,-15.9251938709855,0.203298538923264
"29827",123.04253669114,-15.9251938709855,0.196875378489494
"29828",123.124853054239,-15.9251938709855,0.189398869872093
"29829",123.207169417338,-15.9251938709855,0.180849000811577
"29830",123.289485780437,-15.9251938709855,0.171229124069214
"29831",123.371802143537,-15.9251938709855,0.160621881484985
"29832",123.454118506636,-15.9251938709855,0.149158284068108
"29833",123.536434869735,-15.9251938709855,0.136913761496544
"29834",123.618751232835,-15.9251938709855,0.123940289020538
"29835",123.701067595934,-15.9251938709855,0.110328353941441
"29836",123.783383959033,-15.9251938709855,0.0961754992604256
"29837",123.865700322132,-15.9251938709855,0.0815593600273132
"29838",123.948016685232,-15.9251938709855,0.0665576234459877
"29839",124.030333048331,-15.9251938709855,0.0512072220444679
"29840",124.11264941143,-15.9251938709855,0.0355890914797783
"29841",124.19496577453,-15.9251938709855,0.0198051724582911
"29842",124.277282137629,-15.9251938709855,0.00564037542790174
"29843",124.359598500728,-15.9251938709855,0
"29844",124.441914863827,-15.9251938709855,0
"29845",124.524231226927,-15.9251938709855,0
"29846",124.606547590026,-15.9251938709855,0
"30076",120.079147619565,-16.0075102340847,0.315956622362137
"30077",120.161463982665,-16.0075102340847,0.314225256443024
"30078",120.243780345764,-16.0075102340847,0.312301993370056
"30079",120.326096708863,-16.0075102340847,0.310122519731522
"30080",120.408413071962,-16.0075102340847,0.307722747325897
"30081",120.490729435062,-16.0075102340847,0.305057466030121
"30082",120.573045798161,-16.0075102340847,0.302116632461548
"30083",120.65536216126,-16.0075102340847,0.298954844474792
"30084",120.73767852436,-16.0075102340847,0.295560896396637
"30085",120.819994887459,-16.0075102340847,0.291880339384079
"30086",120.902311250558,-16.0075102340847,0.288015395402908
"30087",120.984627613657,-16.0075102340847,0.283971786499023
"30088",121.066943976757,-16.0075102340847,0.279703199863434
"30089",121.149260339856,-16.0075102340847,0.275251477956772
"30090",121.231576702955,-16.0075102340847,0.270676225423813
"30091",121.313893066055,-16.0075102340847,0.266018033027649
"30092",121.396209429154,-16.0075102340847,0.26129537820816
"30093",121.478525792253,-16.0075102340847,0.256544142961502
"30094",121.560842155352,-16.0075102340847,0.251887589693069
"30095",121.643158518452,-16.0075102340847,0.247291922569275
"30096",121.725474881551,-16.0075102340847,0.242813691496849
"30097",121.80779124465,-16.0075102340847,0.238507598638535
"30098",121.89010760775,-16.0075102340847,0.234352290630341
"30099",121.972423970849,-16.0075102340847,0.230378538370132
"30100",122.054740333948,-16.0075102340847,0.226593613624573
"30101",122.137056697047,-16.0075102340847,0.223026365041733
"30102",122.219373060147,-16.0075102340847,0.219659805297852
"30103",122.301689423246,-16.0075102340847,0.216543719172478
"30104",122.384005786345,-16.0075102340847,0.213705465197563
"30105",122.466322149445,-16.0075102340847,0.211107909679413
"30106",122.548638512544,-16.0075102340847,0.208702489733696
"30107",122.630954875643,-16.0075102340847,0.206419959664345
"30108",122.713271238742,-16.0075102340847,0.203946560621262
"30109",122.795587601842,-16.0075102340847,0.201079860329628
"30110",122.877903964941,-16.0075102340847,0.197559356689453
"30111",122.96022032804,-16.0075102340847,0.193028345704079
"30112",123.04253669114,-16.0075102340847,0.187356725335121
"30113",123.124853054239,-16.0075102340847,0.180506870150566
"30114",123.207169417338,-16.0075102340847,0.172479555010796
"30115",123.289485780437,-16.0075102340847,0.163325265049934
"30116",123.371802143537,-16.0075102340847,0.153150707483292
"30117",123.454118506636,-16.0075102340847,0.142051190137863
"30118",123.536434869735,-16.0075102340847,0.130188211798668
"30119",123.618751232835,-16.0075102340847,0.117626272141933
"30120",123.701067595934,-16.0075102340847,0.104371316730976
"30121",123.783383959033,-16.0075102340847,0.0905483663082123
"30122",123.865700322132,-16.0075102340847,0.0763246566057205
"30123",123.948016685232,-16.0075102340847,0.0616588070988655
"30124",124.030333048331,-16.0075102340847,0.0466261804103851
"30125",124.11264941143,-16.0075102340847,0.0313665829598904
"30126",124.19496577453,-16.0075102340847,0.015892069786787
"30127",124.277282137629,-16.0075102340847,0.0036955748219043
"30128",124.359598500728,-16.0075102340847,0
"30129",124.441914863827,-16.0075102340847,0
"30130",124.524231226927,-16.0075102340847,0
"30360",119.996831256466,-16.089826597184,0.302871435880661
"30361",120.079147619565,-16.089826597184,0.302264004945755
"30362",120.161463982665,-16.089826597184,0.300499737262726
"30363",120.243780345764,-16.089826597184,0.298486202955246
"30364",120.326096708863,-16.089826597184,0.296204686164856
"30365",120.408413071962,-16.089826597184,0.293694049119949
"30366",120.490729435062,-16.089826597184,0.290913552045822
"30367",120.573045798161,-16.089826597184,0.287861853837967
"30368",120.65536216126,-16.089826597184,0.284512519836426
"30369",120.73767852436,-16.089826597184,0.280983567237854
"30370",120.819994887459,-16.089826597184,0.277193695306778
"30371",120.902311250558,-16.089826597184,0.273132979869843
"30372",120.984627613657,-16.089826597184,0.268861502408981
"30373",121.066943976757,-16.089826597184,0.264360427856445
"30374",121.149260339856,-16.089826597184,0.259704440832138
"30375",121.231576702955,-16.089826597184,0.254921227693558
"30376",121.313893066055,-16.089826597184,0.250017106533051
"30377",121.396209429154,-16.089826597184,0.24505490064621
"30378",121.478525792253,-16.089826597184,0.240117773413658
"30379",121.560842155352,-16.089826597184,0.235301271080971
"30380",121.643158518452,-16.089826597184,0.230575755238533
"30381",121.725474881551,-16.089826597184,0.226025924086571
"30382",121.80779124465,-16.089826597184,0.221695110201836
"30383",121.89010760775,-16.089826597184,0.217572316527367
"30384",121.972423970849,-16.089826597184,0.213675662875175
"30385",122.054740333948,-16.089826597184,0.209998413920403
"30386",122.137056697047,-16.089826597184,0.206588327884674
"30387",122.219373060147,-16.089826597184,0.203439548611641
"30388",122.301689423246,-16.089826597184,0.200572296977043
"30389",122.384005786345,-16.089826597184,0.198085367679596
"30390",122.466322149445,-16.089826597184,0.19601383805275
"30391",122.548638512544,-16.089826597184,0.194302424788475
"30392",122.630954875643,-16.089826597184,0.192772150039673
"30393",122.713271238742,-16.089826597184,0.191209703683853
"30394",122.795587601842,-16.089826597184,0.189382821321487
"30395",122.877903964941,-16.089826597184,0.186818793416023
"30396",122.96022032804,-16.089826597184,0.183143526315689
"30397",123.04253669114,-16.089826597184,0.178192466497421
"30398",123.124853054239,-16.089826597184,0.171898767352104
"30399",123.207169417338,-16.089826597184,0.164328306913376
"30400",123.289485780437,-16.089826597184,0.155599802732468
"30401",123.371802143537,-16.089826597184,0.145802035927773
"30402",123.454118506636,-16.089826597184,0.135097205638885
"30403",123.536434869735,-16.089826597184,0.123602822422981
"30404",123.618751232835,-16.089826597184,0.111353315412998
"30405",123.701067595934,-16.089826597184,0.0984740406274796
"30406",123.783383959033,-16.089826597184,0.0850364044308662
"30407",123.865700322132,-16.089826597184,0.0711396262049675
"30408",123.948016685232,-16.089826597184,0.0567780137062073
"30409",124.030333048331,-16.089826597184,0.0421332679688931
"30410",124.11264941143,-16.089826597184,0.0271982755511999
"30411",124.19496577453,-16.089826597184,0.0119956266134977
"30412",124.277282137629,-16.089826597184,0.0021575023420155
"30413",124.359598500728,-16.089826597184,0
"30414",124.441914863827,-16.089826597184,0
"30415",124.524231226927,-16.089826597184,0
"30416",124.606547590026,-16.089826597184,0
"30644",119.914514893367,-16.1721429602833,0.29199942946434
"30645",119.996831256466,-16.1721429602833,0.290700942277908
"30646",120.079147619565,-16.1721429602833,0.289076745510101
"30647",120.161463982665,-16.1721429602833,0.287242323160172
"30648",120.243780345764,-16.1721429602833,0.285141140222549
"30649",120.326096708863,-16.1721429602833,0.282821238040924
"30650",120.408413071962,-16.1721429602833,0.28022626042366
"30651",120.490729435062,-16.1721429602833,0.277346730232239
"30652",120.573045798161,-16.1721429602833,0.274195551872253
"30653",120.65536216126,-16.1721429602833,0.270765990018845
"30654",120.73767852436,-16.1721429602833,0.267114996910095
"30655",120.819994887459,-16.1721429602833,0.263173282146454
"30656",120.902311250558,-16.1721429602833,0.2589490711689
"30657",120.984627613657,-16.1721429602833,0.254443049430847
"30658",121.066943976757,-16.1721429602833,0.249729990959167
"30659",121.149260339856,-16.1721429602833,0.244866892695427
"30660",121.231576702955,-16.1721429602833,0.23984532058239
"30661",121.313893066055,-16.1721429602833,0.234713420271873
"30662",121.396209429154,-16.1721429602833,0.229572430253029
"30663",121.478525792253,-16.1721429602833,0.224406510591507
"30664",121.560842155352,-16.1721429602833,0.21937882900238
"30665",121.643158518452,-16.1721429602833,0.21452234685421
"30666",121.725474881551,-16.1721429602833,0.209872514009476
"30667",121.80779124465,-16.1721429602833,0.205495849251747
"30668",121.89010760775,-16.1721429602833,0.201430723071098
"30669",121.972423970849,-16.1721429602833,0.197621062397957
"30670",122.054740333948,-16.1721429602833,0.194074079394341
"30671",122.137056697047,-16.1721429602833,0.190791890025139
"30672",122.219373060147,-16.1721429602833,0.187778055667877
"30673",122.301689423246,-16.1721429602833,0.185106843709946
"30674",122.384005786345,-16.1721429602833,0.182863742113113
"30675",122.466322149445,-16.1721429602833,0.181181043386459
"30676",122.548638512544,-16.1721429602833,0.180048584938049
"30677",122.630954875643,-16.1721429602833,0.179310217499733
"30678",122.713271238742,-16.1721429602833,0.178723558783531
"30679",122.795587601842,-16.1721429602833,0.177898541092873
"30680",122.877903964941,-16.1721429602833,0.176346138119698
"30681",122.96022032804,-16.1721429602833,0.17356339097023
"30682",123.04253669114,-16.1721429602833,0.16928605735302
"30683",123.124853054239,-16.1721429602833,0.163494020700455
"30684",123.207169417338,-16.1721429602833,0.156350806355476
"30685",123.289485780437,-16.1721429602833,0.147952795028687
"30686",123.371802143537,-16.1721429602833,0.138542786240578
"30687",123.454118506636,-16.1721429602833,0.128181591629982
"30688",123.536434869735,-16.1721429602833,0.116989336907864
"30689",123.618751232835,-16.1721429602833,0.105070114135742
"30690",123.701067595934,-16.1721429602833,0.092550978064537
"30691",123.783383959033,-16.1721429602833,0.0795115977525711
"30692",123.865700322132,-16.1721429602833,0.0659817159175873
"30693",123.948016685232,-16.1721429602833,0.0519523322582245
"30694",124.030333048331,-16.1721429602833,0.0376736558973789
"30695",124.11264941143,-16.1721429602833,0.0230747144669294
"30696",124.19496577453,-16.1721429602833,0.008160968311131
"30697",124.277282137629,-16.1721429602833,0.00103045243304223
"30698",124.359598500728,-16.1721429602833,0
"30699",124.441914863827,-16.1721429602833,0
"30700",124.524231226927,-16.1721429602833,0
"30701",124.606547590026,-16.1721429602833,0
"30924",119.50293307787,-16.2544593233826,0.277454972267151
"30925",119.58524944097,-16.2544593233826,0.281555712223053
"30926",119.667565804069,-16.2544593233826,0.282643347978592
"30927",119.749882167168,-16.2544593233826,0.281735330820084
"30928",119.832198530267,-16.2544593233826,0.28068944811821
"30929",119.914514893367,-16.2544593233826,0.279390513896942
"30930",119.996831256466,-16.2544593233826,0.27792826294899
"30931",120.079147619565,-16.2544593233826,0.276343196630478
"30932",120.161463982665,-16.2544593233826,0.27447310090065
"30933",120.243780345764,-16.2544593233826,0.272353202104568
"30934",120.326096708863,-16.2544593233826,0.26999244093895
"30935",120.408413071962,-16.2544593233826,0.267356991767883
"30936",120.490729435062,-16.2544593233826,0.264436364173889
"30937",120.573045798161,-16.2544593233826,0.261223673820496
"30938",120.65536216126,-16.2544593233826,0.257666349411011
"30939",120.73767852436,-16.2544593233826,0.253850281238556
"30940",120.819994887459,-16.2544593233826,0.249807670712471
"30941",120.902311250558,-16.2544593233826,0.245467782020569
"30942",120.984627613657,-16.2544593233826,0.240842297673225
"30943",121.066943976757,-16.2544593233826,0.235954850912094
"30944",121.149260339856,-16.2544593233826,0.230827912688255
"30945",121.231576702955,-16.2544593233826,0.225607261061668
"30946",121.313893066055,-16.2544593233826,0.220264837145805
"30947",121.396209429154,-16.2544593233826,0.214840337634087
"30948",121.478525792253,-16.2544593233826,0.209436401724815
"30949",121.560842155352,-16.2544593233826,0.204202264547348
"30950",121.643158518452,-16.2544593233826,0.199159249663353
"30951",121.725474881551,-16.2544593233826,0.194399937987328
"30952",121.80779124465,-16.2544593233826,0.189966976642609
"30953",121.89010760775,-16.2544593233826,0.185914382338524
"30954",121.972423970849,-16.2544593233826,0.182232901453972
"30955",122.054740333948,-16.2544593233826,0.178852692246437
"30956",122.137056697047,-16.2544593233826,0.175748065114021
"30957",122.219373060147,-16.2544593233826,0.172859832644463
"30958",122.301689423246,-16.2544593233826,0.170234873890877
"30959",122.384005786345,-16.2544593233826,0.168109744787216
"30960",122.466322149445,-16.2544593233826,0.166724815964699
"30961",122.548638512544,-16.2544593233826,0.166117087006569
"30962",122.630954875643,-16.2544593233826,0.166093215346336
"30963",122.713271238742,-16.2544593233826,0.166410312056541
"30964",122.795587601842,-16.2544593233826,0.166620194911957
"30965",122.877903964941,-16.2544593233826,0.166121765971184
"30966",122.96022032804,-16.2544593233826,0.164201512932777
"30967",123.04253669114,-16.2544593233826,0.160547763109207
"30968",123.124853054239,-16.2544593233826,0.155120804905891
"30969",123.207169417338,-16.2544593233826,0.148299500346184
"30970",123.289485780437,-16.2544593233826,0.14027313888073
"30971",123.371802143537,-16.2544593233826,0.13117142021656
"30972",123.454118506636,-16.2544593233826,0.121141187846661
"30973",123.536434869735,-16.2544593233826,0.11028166115284
"30974",123.618751232835,-16.2544593233826,0.0988339558243752
"30975",123.701067595934,-16.2544593233826,0.0866623073816299
"30976",123.783383959033,-16.2544593233826,0.0739599913358688
"30977",123.865700322132,-16.2544593233826,0.0608141981065273
"30978",123.948016685232,-16.2544593233826,0.0471950992941856
"30979",124.030333048331,-16.2544593233826,0.0332204774022102
"30980",124.11264941143,-16.2544593233826,0.0188995283097029
"30981",124.19496577453,-16.2544593233826,0.00439448561519384
"30982",124.277282137629,-16.2544593233826,0.000321867235470563
"30983",124.359598500728,-16.2544593233826,0
"30984",124.441914863827,-16.2544593233826,0
"30985",124.524231226927,-16.2544593233826,0
"31207",119.338300351672,-16.3367756864819,0.269123762845993
"31208",119.420616714771,-16.3367756864819,0.267806857824326
"31209",119.50293307787,-16.3367756864819,0.270627617835999
"31210",119.58524944097,-16.3367756864819,0.271188318729401
"31211",119.667565804069,-16.3367756864819,0.270337998867035
"31212",119.749882167168,-16.3367756864819,0.269443303346634
"31213",119.832198530267,-16.3367756864819,0.268400549888611
"31214",119.914514893367,-16.3367756864819,0.267086803913116
"31215",119.996831256466,-16.3367756864819,0.265683591365814
"31216",120.079147619565,-16.3367756864819,0.264063566923141
"31217",120.161463982665,-16.3367756864819,0.262261658906937
"31218",120.243780345764,-16.3367756864819,0.260149478912354
"31219",120.326096708863,-16.3367756864819,0.257748126983643
"31220",120.408413071962,-16.3367756864819,0.255127668380737
"31221",120.490729435062,-16.3367756864819,0.252109438180923
"31222",120.573045798161,-16.3367756864819,0.248847648501396
"31223",120.65536216126,-16.3367756864819,0.245246082544327
"31224",120.73767852436,-16.3367756864819,0.241471067070961
"31225",120.819994887459,-16.3367756864819,0.237241879105568
"31226",120.902311250558,-16.3367756864819,0.232757583260536
"31227",120.984627613657,-16.3367756864819,0.228020653128624
"31228",121.066943976757,-16.3367756864819,0.223000928759575
"31229",121.149260339856,-16.3367756864819,0.217668324708939
"31230",121.231576702955,-16.3367756864819,0.212218642234802
"31231",121.313893066055,-16.3367756864819,0.206624537706375
"31232",121.396209429154,-16.3367756864819,0.200929000973701
"31233",121.478525792253,-16.3367756864819,0.195225700736046
"31234",121.560842155352,-16.3367756864819,0.189749732613564
"31235",121.643158518452,-16.3367756864819,0.184457615017891
"31236",121.725474881551,-16.3367756864819,0.179644420742989
"31237",121.80779124465,-16.3367756864819,0.175174608826637
"31238",121.89010760775,-16.3367756864819,0.171135023236275
"31239",121.972423970849,-16.3367756864819,0.167627722024918
"31240",122.054740333948,-16.3367756864819,0.164439618587494
"31241",122.137056697047,-16.3367756864819,0.161554247140884
"31242",122.219373060147,-16.3367756864819,0.158809408545494
"31243",122.301689423246,-16.3367756864819,0.156201437115669
"31244",122.384005786345,-16.3367756864819,0.154099956154823
"31245",122.466322149445,-16.3367756864819,0.152869582176208
"31246",122.548638512544,-16.3367756864819,0.152632728219032
"31247",122.630954875643,-16.3367756864819,0.153177261352539
"31248",122.713271238742,-16.3367756864819,0.154283955693245
"31249",122.795587601842,-16.3367756864819,0.155408412218094
"31250",122.877903964941,-16.3367756864819,0.155946627259254
"31251",122.96022032804,-16.3367756864819,0.154846370220184
"31252",123.04253669114,-16.3367756864819,0.151615351438522
"31253",123.124853054239,-16.3367756864819,0.146548688411713
"31254",123.207169417338,-16.3367756864819,0.140037164092064
"31255",123.289485780437,-16.3367756864819,0.132351294159889
"31256",123.371802143537,-16.3367756864819,0.123694695532322
"31257",123.454118506636,-16.3367756864819,0.114008106291294
"31258",123.536434869735,-16.3367756864819,0.103606261312962
"31259",123.618751232835,-16.3367756864819,0.0924808606505394
"31260",123.701067595934,-16.3367756864819,0.0807458609342575
"31261",123.783383959033,-16.3367756864819,0.0684412270784378
"31262",123.865700322132,-16.3367756864819,0.0556131675839424
"31263",123.948016685232,-16.3367756864819,0.0423840917646885
"31264",124.030333048331,-16.3367756864819,0.0302039086818695
"31265",124.11264941143,-16.3367756864819,0.0155985513702035
"31266",124.19496577453,-16.3367756864819,0.000866922317072749
"31267",124.277282137629,-16.3367756864819,1.50246096382034e-05
"31268",124.359598500728,-16.3367756864819,0
"31269",124.441914863827,-16.3367756864819,0
"31270",124.524231226927,-16.3367756864819,0
"31271",124.606547590026,-16.3367756864819,0
"31272",124.688863953125,-16.3367756864819,0
"31273",124.771180316225,-16.3367756864819,0
"31274",124.853496679324,-16.3367756864819,0
"31275",124.935813042423,-16.3367756864819,0
"31491",119.255983988572,-16.4190920495812,0.258953094482422
"31492",119.338300351672,-16.4190920495812,0.260271370410919
"31493",119.420616714771,-16.4190920495812,0.260369122028351
"31494",119.50293307787,-16.4190920495812,0.259825199842453
"31495",119.58524944097,-16.4190920495812,0.259203672409058
"31496",119.667565804069,-16.4190920495812,0.258435964584351
"31497",119.749882167168,-16.4190920495812,0.257568597793579
"31498",119.832198530267,-16.4190920495812,0.256527036428452
"31499",119.914514893367,-16.4190920495812,0.255265295505524
"31500",119.996831256466,-16.4190920495812,0.253971099853516
"31501",120.079147619565,-16.4190920495812,0.252366989850998
"31502",120.161463982665,-16.4190920495812,0.250549525022507
"31503",120.243780345764,-16.4190920495812,0.248444005846977
"31504",120.326096708863,-16.4190920495812,0.246087893843651
"31505",120.408413071962,-16.4190920495812,0.243449434638023
"31506",120.490729435062,-16.4190920495812,0.240431249141693
"31507",120.573045798161,-16.4190920495812,0.237214773893356
"31508",120.65536216126,-16.4190920495812,0.233613103628159
"31509",120.73767852436,-16.4190920495812,0.229819476604462
"31510",120.819994887459,-16.4190920495812,0.225487947463989
"31511",120.902311250558,-16.4190920495812,0.221009954810143
"31512",120.984627613657,-16.4190920495812,0.216098666191101
"31513",121.066943976757,-16.4190920495812,0.210924416780472
"31514",121.149260339856,-16.4190920495812,0.205476343631744
"31515",121.231576702955,-16.4190920495812,0.199765920639038
"31516",121.313893066055,-16.4190920495812,0.193939849734306
"31517",121.396209429154,-16.4190920495812,0.187988847494125
"31518",121.478525792253,-16.4190920495812,0.181991502642632
"31519",121.560842155352,-16.4190920495812,0.176194921135902
"31520",121.643158518452,-16.4190920495812,0.170757010579109
"31521",121.725474881551,-16.4190920495812,0.165683820843697
"31522",121.80779124465,-16.4190920495812,0.161079436540604
"31523",121.89010760775,-16.4190920495812,0.157057359814644
"31524",121.972423970849,-16.4190920495812,0.153778865933418
"31525",122.054740333948,-16.4190920495812,0.150942251086235
"31526",122.137056697047,-16.4190920495812,0.148472651839256
"31527",122.219373060147,-16.4190920495812,0.14608359336853
"31528",122.301689423246,-16.4190920495812,0.143438339233398
"31529",122.384005786345,-16.4190920495812,0.14097848534584
"31530",122.466322149445,-16.4190920495812,0.139783591032028
"31531",122.548638512544,-16.4190920495812,0.139955669641495
"31532",122.630954875643,-16.4190920495812,0.140862062573433
"31533",122.713271238742,-16.4190920495812,0.14237853884697
"31534",122.795587601842,-16.4190920495812,0.144174292683601
"31535",122.877903964941,-16.4190920495812,0.145397007465363
"31536",122.96022032804,-16.4190920495812,0.144885942339897
"31537",123.04253669114,-16.4190920495812,0.142090708017349
"31538",123.124853054239,-16.4190920495812,0.137454643845558
"31539",123.207169417338,-16.4190920495812,0.131459340453148
"31540",123.289485780437,-16.4190920495812,0.124212466180325
"31541",123.371802143537,-16.4190920495812,0.115969121456146
"31542",123.454118506636,-16.4190920495812,0.106707997620106
"31543",123.536434869735,-16.4190920495812,0.0968284383416176
"31544",123.618751232835,-16.4190920495812,0.08609339594841
"31545",123.701067595934,-16.4190920495812,0.0747344940900803
"31546",123.783383959033,-16.4190920495812,0.0628499314188957
"31547",123.865700322132,-16.4190920495812,0.0505662634968758
"31548",123.948016685232,-16.4190920495812,0.03950060531497
"31551",124.19496577453,-16.4190920495812,0
"31552",124.277282137629,-16.4190920495812,0
"31553",124.359598500728,-16.4190920495812,0
"31554",124.441914863827,-16.4190920495812,0
"31555",124.524231226927,-16.4190920495812,0
"31556",124.606547590026,-16.4190920495812,0
"31557",124.688863953125,-16.4190920495812,0
"31558",124.771180316225,-16.4190920495812,0
"31559",124.853496679324,-16.4190920495812,0
"31560",124.935813042423,-16.4190920495812,0
"31775",119.173667625473,-16.5014084126805,0.248965933918953
"31776",119.255983988572,-16.5014084126805,0.249241545796394
"31777",119.338300351672,-16.5014084126805,0.248993963003159
"31778",119.420616714771,-16.5014084126805,0.248687490820885
"31779",119.50293307787,-16.5014084126805,0.248142510652542
"31780",119.58524944097,-16.5014084126805,0.247593566775322
"31781",119.667565804069,-16.5014084126805,0.246880948543549
"31782",119.749882167168,-16.5014084126805,0.246108129620552
"31783",119.832198530267,-16.5014084126805,0.245086833834648
"31784",119.914514893367,-16.5014084126805,0.243963316082954
"31785",119.996831256466,-16.5014084126805,0.242642566561699
"31786",120.079147619565,-16.5014084126805,0.241111680865288
"31787",120.161463982665,-16.5014084126805,0.239355146884918
"31788",120.243780345764,-16.5014084126805,0.237326890230179
"31789",120.326096708863,-16.5014084126805,0.235063955187798
"31790",120.408413071962,-16.5014084126805,0.232488393783569
"31791",120.490729435062,-16.5014084126805,0.229567930102348
"31792",120.573045798161,-16.5014084126805,0.226374387741089
"31793",120.65536216126,-16.5014084126805,0.222797721624374
"31794",120.73767852436,-16.5014084126805,0.218882381916046
"31795",120.819994887459,-16.5014084126805,0.214681789278984
"31796",120.902311250558,-16.5014084126805,0.210116162896156
"31797",120.984627613657,-16.5014084126805,0.205179512500763
"31798",121.066943976757,-16.5014084126805,0.199869304895401
"31799",121.149260339856,-16.5014084126805,0.194284960627556
"31800",121.231576702955,-16.5014084126805,0.188378736376762
"31801",121.313893066055,-16.5014084126805,0.1822899132967
"31802",121.396209429154,-16.5014084126805,0.176029160618782
"31803",121.478525792253,-16.5014084126805,0.16981552541256
"31804",121.560842155352,-16.5014084126805,0.163637310266495
"31805",121.643158518452,-16.5014084126805,0.157914012670517
"31806",121.725474881551,-16.5014084126805,0.152503654360771
"31807",121.80779124465,-16.5014084126805,0.147785007953644
"31808",121.89010760775,-16.5014084126805,0.143753618001938
"31809",121.972423970849,-16.5014084126805,0.140613734722137
"31810",122.054740333948,-16.5014084126805,0.138216659426689
"31811",122.137056697047,-16.5014084126805,0.136398628354073
"31812",122.219373060147,-16.5014084126805,0.134690299630165
"31813",122.301689423246,-16.5014084126805,0.132400155067444
"31814",122.384005786345,-16.5014084126805,0.129438668489456
"31815",122.466322149445,-16.5014084126805,0.128377288579941
"31816",122.548638512544,-16.5014084126805,0.128596112132072
"31817",122.630954875643,-16.5014084126805,0.129646688699722
"31818",122.713271238742,-16.5014084126805,0.131311342120171
"31819",122.795587601842,-16.5014084126805,0.133182793855667
"31820",122.877903964941,-16.5014084126805,0.134413987398148
"31821",122.96022032804,-16.5014084126805,0.134137690067291
"31822",123.04253669114,-16.5014084126805,0.131882220506668
"31823",123.124853054239,-16.5014084126805,0.127839341759682
"31824",123.207169417338,-16.5014084126805,0.122400045394897
"31825",123.289485780437,-16.5014084126805,0.115677386522293
"31826",123.371802143537,-16.5014084126805,0.10796894878149
"31827",123.454118506636,-16.5014084126805,0.099280521273613
"31828",123.536434869735,-16.5014084126805,0.089816078543663
"31829",123.618751232835,-16.5014084126805,0.0795454680919647
"31830",123.701067595934,-16.5014084126805,0.069485068321228
"31837",124.277282137629,-16.5014084126805,0
"31838",124.359598500728,-16.5014084126805,0
"31839",124.441914863827,-16.5014084126805,0
"31840",124.524231226927,-16.5014084126805,0
"31844",124.853496679324,-16.5014084126805,0
"32060",119.173667625473,-16.5837247757797,0.238212049007416
"32061",119.255983988572,-16.5837247757797,0.237931877374649
"32062",119.338300351672,-16.5837247757797,0.237626597285271
"32063",119.420616714771,-16.5837247757797,0.237348198890686
"32064",119.50293307787,-16.5837247757797,0.236894205212593
"32065",119.58524944097,-16.5837247757797,0.236379876732826
"32066",119.667565804069,-16.5837247757797,0.235740005970001
"32067",119.749882167168,-16.5837247757797,0.235052213072777
"32068",119.832198530267,-16.5837247757797,0.234079957008362
"32069",119.914514893367,-16.5837247757797,0.233056217432022
"32070",119.996831256466,-16.5837247757797,0.231856286525726
"32071",120.079147619565,-16.5837247757797,0.230411395430565
"32072",120.161463982665,-16.5837247757797,0.228687390685081
"32073",120.243780345764,-16.5837247757797,0.226813584566116
"32074",120.326096708863,-16.5837247757797,0.22467628121376
"32075",120.408413071962,-16.5837247757797,0.222207874059677
"32076",120.490729435062,-16.5837247757797,0.219423562288284
"32077",120.573045798161,-16.5837247757797,0.216244131326675
"32078",120.65536216126,-16.5837247757797,0.212655380368233
"32079",120.73767852436,-16.5837247757797,0.20891273021698
"32080",120.819994887459,-16.5837247757797,0.204729601740837
"32081",120.902311250558,-16.5837247757797,0.200122684240341
"32082",120.984627613657,-16.5837247757797,0.1952074021101
"32083",121.066943976757,-16.5837247757797,0.189859911799431
"32084",121.149260339856,-16.5837247757797,0.184179037809372
"32085",121.231576702955,-16.5837247757797,0.178119629621506
"32086",121.313893066055,-16.5837247757797,0.171836495399475
"32087",121.396209429154,-16.5837247757797,0.165322452783585
"32088",121.478525792253,-16.5837247757797,0.158688724040985
"32089",121.560842155352,-16.5837247757797,0.152324602007866
"32090",121.643158518452,-16.5837247757797,0.146153792738914
"32091",121.725474881551,-16.5837247757797,0.140389904379845
"32092",121.80779124465,-16.5837247757797,0.13536873459816
"32093",121.89010760775,-16.5837247757797,0.131236985325813
"32094",121.972423970849,-16.5837247757797,0.128147110342979
"32095",122.054740333948,-16.5837247757797,0.126131057739258
"32096",122.137056697047,-16.5837247757797,0.125008001923561
"32097",122.219373060147,-16.5837247757797,0.124239295721054
"32098",122.301689423246,-16.5837247757797,0.123010516166687
"32099",122.384005786345,-16.5837247757797,0.120564661920071
"32100",122.466322149445,-16.5837247757797,0.119032748043537
"32101",122.548638512544,-16.5837247757797,0.119005411863327
"32102",122.630954875643,-16.5837247757797,0.119841739535332
"32103",122.713271238742,-16.5837247757797,0.121210999786854
"32104",122.795587601842,-16.5837247757797,0.122721873223782
"32105",122.877903964941,-16.5837247757797,0.123676806688309
"32106",122.96022032804,-16.5837247757797,0.123442798852921
"32107",123.04253669114,-16.5837247757797,0.121536463499069
"32108",123.124853054239,-16.5837247757797,0.118072509765625
"32109",123.207169417338,-16.5837247757797,0.113163746893406
"32110",123.289485780437,-16.5837247757797,0.107055559754372
"32111",123.371802143537,-16.5837247757797,0.0999274179339409
"32112",123.454118506636,-16.5837247757797,0.0917471498250961
"32113",123.536434869735,-16.5837247757797,0.0827576369047165
"32114",123.618751232835,-16.5837247757797,0.0744195356965065
"32123",124.359598500728,-16.5837247757797,0
"32124",124.441914863827,-16.5837247757797,0
"32344",119.091351262374,-16.666041138879,0.227165460586548
"32345",119.173667625473,-16.666041138879,0.227014377713203
"32346",119.255983988572,-16.666041138879,0.226830452680588
"32347",119.338300351672,-16.666041138879,0.22655762732029
"32348",119.420616714771,-16.666041138879,0.22635206580162
"32349",119.50293307787,-16.666041138879,0.226002052426338
"32350",119.58524944097,-16.666041138879,0.225560978055
"32351",119.667565804069,-16.666041138879,0.224983751773834
"32352",119.749882167168,-16.666041138879,0.224362209439278
"32353",119.832198530267,-16.666041138879,0.223573133349419
"32354",119.914514893367,-16.666041138879,0.222673863172531
"32355",119.996831256466,-16.666041138879,0.221478044986725
"32356",120.079147619565,-16.666041138879,0.220193609595299
"32357",120.161463982665,-16.666041138879,0.218675449490547
"32358",120.243780345764,-16.666041138879,0.216909810900688
"32359",120.326096708863,-16.666041138879,0.214870274066925
"32360",120.408413071962,-16.666041138879,0.212534129619598
"32361",120.490729435062,-16.666041138879,0.209851145744324
"32362",120.573045798161,-16.666041138879,0.206820219755173
"32363",120.65536216126,-16.666041138879,0.203465133905411
"32364",120.73767852436,-16.666041138879,0.199797496199608
"32365",120.819994887459,-16.666041138879,0.195662617683411
"32366",120.902311250558,-16.666041138879,0.191125318408012
"32367",120.984627613657,-16.666041138879,0.186295941472054
"32368",121.066943976757,-16.666041138879,0.180947989225388
"32369",121.149260339856,-16.666041138879,0.175225779414177
"32370",121.231576702955,-16.666041138879,0.169100880622864
"32371",121.313893066055,-16.666041138879,0.162634491920471
"32372",121.396209429154,-16.666041138879,0.155940726399422
"32373",121.478525792253,-16.666041138879,0.148990631103516
"32374",121.560842155352,-16.666041138879,0.142229482531548
"32375",121.643158518452,-16.666041138879,0.135645598173141
"32376",121.725474881551,-16.666041138879,0.129438802599907
"32377",121.80779124465,-16.666041138879,0.123984910547733
"32378",121.89010760775,-16.666041138879,0.119488596916199
"32379",121.972423970849,-16.666041138879,0.116317987442017
"32380",122.054740333948,-16.666041138879,0.11456385999918
"32381",122.137056697047,-16.666041138879,0.114009141921997
"32382",122.219373060147,-16.666041138879,0.113922849297523
"32383",122.301689423246,-16.666041138879,0.113448537886143
"32384",122.384005786345,-16.666041138879,0.112121738493443
"32385",122.466322149445,-16.666041138879,0.110830500721931
"32386",122.548638512544,-16.666041138879,0.110538594424725
"32387",122.630954875643,-16.666041138879,0.111012689769268
"32388",122.713271238742,-16.666041138879,0.112019881606102
"32389",122.795587601842,-16.666041138879,0.113036774098873
"32390",122.877903964941,-16.666041138879,0.114364758133888
"32391",122.96022032804,-16.666041138879,0.115461625158787
"32392",123.04253669114,-16.666041138879,0.11153656244278
"32393",123.124853054239,-16.666041138879,0.108501181006432
"32394",123.207169417338,-16.666041138879,0.104136765003204
"32395",123.289485780437,-16.666041138879,0.0985068902373314
"32396",123.371802143537,-16.666041138879,0.0918895453214645
"32397",123.454118506636,-16.666041138879,0.0842490345239639
"32398",123.536434869735,-16.666041138879,0.0757355242967606
"32399",123.618751232835,-16.666041138879,0.0666826888918877
"32400",123.701067595934,-16.666041138879,0.0575095452368259
"32628",119.009034899275,-16.7483575019783,0.216384500265121
"32629",119.091351262374,-16.7483575019783,0.216293454170227
"32630",119.173667625473,-16.7483575019783,0.216170057654381
"32631",119.255983988572,-16.7483575019783,0.216030463576317
"32632",119.338300351672,-16.7483575019783,0.215819001197815
"32633",119.420616714771,-16.7483575019783,0.215635776519775
"32634",119.50293307787,-16.7483575019783,0.215387493371964
"32635",119.58524944097,-16.7483575019783,0.21506929397583
"32636",119.667565804069,-16.7483575019783,0.214640825986862
"32637",119.749882167168,-16.7483575019783,0.214135617017746
"32638",119.832198530267,-16.7483575019783,0.213453695178032
"32639",119.914514893367,-16.7483575019783,0.212622880935669
"32640",119.996831256466,-16.7483575019783,0.211670756340027
"32641",120.079147619565,-16.7483575019783,0.210523054003716
"32642",120.161463982665,-16.7483575019783,0.209160462021828
"32643",120.243780345764,-16.7483575019783,0.207559198141098
"32644",120.326096708863,-16.7483575019783,0.205698817968369
"32645",120.408413071962,-16.7483575019783,0.203542038798332
"32646",120.490729435062,-16.7483575019783,0.201044082641602
"32647",120.573045798161,-16.7483575019783,0.198188662528992
"32648",120.65536216126,-16.7483575019783,0.194954767823219
"32649",120.73767852436,-16.7483575019783,0.191482841968536
"32650",120.819994887459,-16.7483575019783,0.187546461820602
"32651",120.902311250558,-16.7483575019783,0.183168813586235
"32652",120.984627613657,-16.7483575019783,0.178402915596962
"32653",121.066943976757,-16.7483575019783,0.173163965344429
"32654",121.149260339856,-16.7483575019783,0.167480275034904
"32655",121.231576702955,-16.7483575019783,0.161355182528496
"32656",121.313893066055,-16.7483575019783,0.154841810464859
"32657",121.396209429154,-16.7483575019783,0.148003280162811
"32658",121.478525792253,-16.7483575019783,0.14084267616272
"32659",121.560842155352,-16.7483575019783,0.133656799793243
"32660",121.643158518452,-16.7483575019783,0.126650527119637
"32661",121.725474881551,-16.7483575019783,0.119918383657932
"32662",121.80779124465,-16.7483575019783,0.113814011216164
"32663",121.89010760775,-16.7483575019783,0.108818456530571
"32664",121.972423970849,-16.7483575019783,0.105371668934822
"32665",122.054740333948,-16.7483575019783,0.103748269379139
"32666",122.137056697047,-16.7483575019783,0.103587239980698
"32667",122.219373060147,-16.7483575019783,0.103936262428761
"32668",122.301689423246,-16.7483575019783,0.104043126106262
"32669",122.384005786345,-16.7483575019783,0.103548809885979
"32670",122.466322149445,-16.7483575019783,0.102916091680527
"32671",122.548638512544,-16.7483575019783,0.102653652429581
"32672",122.630954875643,-16.7483575019783,0.102908827364445
"32673",122.713271238742,-16.7483575019783,0.103515900671482
"32674",122.795587601842,-16.7483575019783,0.104101873934269
"32675",122.877903964941,-16.7483575019783,0.104644879698753
"32677",123.04253669114,-16.7483575019783,0.103371895849705
"32678",123.124853054239,-16.7483575019783,0.0993493050336838
"32679",123.207169417338,-16.7483575019783,0.0953482240438461
"32680",123.289485780437,-16.7483575019783,0.0902325436472893
"32681",123.371802143537,-16.7483575019783,0.0841059982776642
"32682",123.454118506636,-16.7483575019783,0.0769289582967758
"32683",123.536434869735,-16.7483575019783,0.0688662603497505
"32684",123.618751232835,-16.7483575019783,0.0600080378353596
"32685",123.701067595934,-16.7483575019783,0.0509610548615456
"32686",123.783383959033,-16.7483575019783,0.0420412234961987
"32912",118.926718536175,-16.8306738650776,0.205846056342125
"32913",119.009034899275,-16.8306738650776,0.205748975276947
"32914",119.091351262374,-16.8306738650776,0.205661281943321
"32915",119.173667625473,-16.8306738650776,0.20557214319706
"32916",119.255983988572,-16.8306738650776,0.205503761768341
"32917",119.338300351672,-16.8306738650776,0.205411568284035
"32918",119.420616714771,-16.8306738650776,0.205309629440308
"32919",119.50293307787,-16.8306738650776,0.205166786909103
"32920",119.58524944097,-16.8306738650776,0.204951152205467
"32921",119.667565804069,-16.8306738650776,0.204670324921608
"32922",119.749882167168,-16.8306738650776,0.204256430268288
"32923",119.832198530267,-16.8306738650776,0.203733384609222
"32924",119.914514893367,-16.8306738650776,0.203119471669197
"32925",119.996831256466,-16.8306738650776,0.202331677079201
"32926",120.079147619565,-16.8306738650776,0.201332271099091
"32927",120.161463982665,-16.8306738650776,0.20012591779232
"32928",120.243780345764,-16.8306738650776,0.198757335543633
"32929",120.326096708863,-16.8306738650776,0.197117105126381
"32930",120.408413071962,-16.8306738650776,0.195158079266548
"32931",120.490729435062,-16.8306738650776,0.192888274788857
"32932",120.573045798161,-16.8306738650776,0.190268024802208
"32933",120.65536216126,-16.8306738650776,0.187323704361916
"32934",120.73767852436,-16.8306738650776,0.184059351682663
"32935",120.819994887459,-16.8306738650776,0.180305391550064
"32936",120.902311250558,-16.8306738650776,0.1761534512043
"32937",120.984627613657,-16.8306738650776,0.171597734093666
"32938",121.066943976757,-16.8306738650776,0.166568741202354
"32939",121.149260339856,-16.8306738650776,0.161068752408028
"32940",121.231576702955,-16.8306738650776,0.155026018619537
"32941",121.313893066055,-16.8306738650776,0.148557215929031
"32942",121.396209429154,-16.8306738650776,0.141642600297928
"32943",121.478525792253,-16.8306738650776,0.134307980537415
"32944",121.560842155352,-16.8306738650776,0.126916661858559
"32945",121.643158518452,-16.8306738650776,0.119457766413689
"32946",121.725474881551,-16.8306738650776,0.112157329916954
"32947",121.80779124465,-16.8306738650776,0.10538300126791
"32948",121.89010760775,-16.8306738650776,0.0997087731957436
"32949",121.972423970849,-16.8306738650776,0.0957981422543526
"32950",122.054740333948,-16.8306738650776,0.0942246466875076
"32951",122.137056697047,-16.8306738650776,0.0944695323705673
"32952",122.219373060147,-16.8306738650776,0.0952980220317841
"32953",122.301689423246,-16.8306738650776,0.0958145186305046
"32954",122.384005786345,-16.8306738650776,0.0958028137683868
"32955",122.466322149445,-16.8306738650776,0.0955270603299141
"32956",122.548638512544,-16.8306738650776,0.0952978059649467
"32957",122.630954875643,-16.8306738650776,0.0953366607427597
"32958",122.713271238742,-16.8306738650776,0.095618300139904
"32959",122.795587601842,-16.8306738650776,0.0970726534724236
"32960",122.877903964941,-16.8306738650776,0.0998777821660042
"32963",123.124853054239,-16.8306738650776,0.0908606722950935
"32964",123.207169417338,-16.8306738650776,0.0871381461620331
"32965",123.289485780437,-16.8306738650776,0.0823554769158363
"32966",123.371802143537,-16.8306738650776,0.0765807256102562
"32967",123.454118506636,-16.8306738650776,0.0698581486940384
"32968",123.536434869735,-16.8306738650776,0.0621883198618889
"32969",123.618751232835,-16.8306738650776,0.0537490658462048
"32970",123.701067595934,-16.8306738650776,0.0445852428674698
"32971",123.783383959033,-16.8306738650776,0.0355434492230415
"32973",123.948016685232,-16.8306738650776,0.0131020555272698
"32974",124.030333048331,-16.8306738650776,0.00691646616905928
"33196",118.844402173076,-16.9129902281769,0.19391293823719
"33197",118.926718536175,-16.9129902281769,0.19541534781456
"33198",119.009034899275,-16.9129902281769,0.195332005620003
"33199",119.091351262374,-16.9129902281769,0.195286810398102
"33200",119.173667625473,-16.9129902281769,0.195299372076988
"33201",119.255983988572,-16.9129902281769,0.195329248905182
"33202",119.338300351672,-16.9129902281769,0.195327118039131
"33203",119.420616714771,-16.9129902281769,0.195323467254639
"33204",119.50293307787,-16.9129902281769,0.195314362645149
"33205",119.58524944097,-16.9129902281769,0.195222318172455
"33206",119.667565804069,-16.9129902281769,0.195062294602394
"33207",119.749882167168,-16.9129902281769,0.194823116064072
"33208",119.832198530267,-16.9129902281769,0.194459244608879
"33209",119.914514893367,-16.9129902281769,0.194048866629601
"33210",119.996831256466,-16.9129902281769,0.19345523416996
"33211",120.079147619565,-16.9129902281769,0.192646116018295
"33212",120.161463982665,-16.9129902281769,0.19167061150074
"33213",120.243780345764,-16.9129902281769,0.190527230501175
"33214",120.326096708863,-16.9129902281769,0.189125239849091
"33215",120.408413071962,-16.9129902281769,0.187404707074165
"33216",120.490729435062,-16.9129902281769,0.185397043824196
"33217",120.573045798161,-16.9129902281769,0.183085158467293
"33218",120.65536216126,-16.9129902281769,0.180408418178558
"33219",120.73767852436,-16.9129902281769,0.17739924788475
"33220",120.819994887459,-16.9129902281769,0.173972278833389
"33221",120.902311250558,-16.9129902281769,0.170160740613937
"33222",120.984627613657,-16.9129902281769,0.165877535939217
"33223",121.066943976757,-16.9129902281769,0.161091655492783
"33224",121.149260339856,-16.9129902281769,0.155861616134644
"33225",121.231576702955,-16.9129902281769,0.150088131427765
"33226",121.313893066055,-16.9129902281769,0.143766418099403
"33227",121.396209429154,-16.9129902281769,0.136918529868126
"33228",121.478525792253,-16.9129902281769,0.129638895392418
"33229",121.560842155352,-16.9129902281769,0.122181475162506
"33230",121.643158518452,-16.9129902281769,0.114479377865791
"33231",121.725474881551,-16.9129902281769,0.106768131256104
"33232",121.80779124465,-16.9129902281769,0.0994205102324486
"33233",121.89010760775,-16.9129902281769,0.0929772183299065
"33234",121.972423970849,-16.9129902281769,0.0883901789784431
"33235",122.054740333948,-16.9129902281769,0.0868538320064545
"33236",122.137056697047,-16.9129902281769,0.0876838341355324
"33237",122.219373060147,-16.9129902281769,0.0887953117489815
"33238",122.301689423246,-16.9129902281769,0.0892242193222046
"33239",122.384005786345,-16.9129902281769,0.0890881717205048
"33240",122.466322149445,-16.9129902281769,0.0887290015816689
"33241",122.548638512544,-16.9129902281769,0.0884296447038651
"33247",123.04253669114,-16.9129902281769,0.086267814040184
"33248",123.124853054239,-16.9129902281769,0.0834590643644333
"33249",123.207169417338,-16.9129902281769,0.0795725286006927
"33250",123.289485780437,-16.9129902281769,0.0750838667154312
"33251",123.371802143537,-16.9129902281769,0.0696048364043236
"33252",123.454118506636,-16.9129902281769,0.063237302005291
"33253",123.536434869735,-16.9129902281769,0.0559446774423122
"33254",123.618751232835,-16.9129902281769,0.0478064492344856
"33255",123.701067595934,-16.9129902281769,0.0389854051172733
"33256",123.783383959033,-16.9129902281769,0.02943523414433
"33257",123.865700322132,-16.9129902281769,0.0192240662872791
"33258",123.948016685232,-16.9129902281769,0.0104160802438855
"33478",118.597453083778,-16.9953065912762,0.18231937289238
"33479",118.679769446877,-16.9953065912762,0.181289866566658
"33480",118.762085809977,-16.9953065912762,0.184430837631226
"33481",118.844402173076,-16.9953065912762,0.185308754444122
"33482",118.926718536175,-16.9953065912762,0.185273453593254
"33483",119.009034899275,-16.9953065912762,0.185231938958168
"33484",119.091351262374,-16.9953065912762,0.185240551829338
"33485",119.173667625473,-16.9953065912762,0.185347929596901
"33486",119.255983988572,-16.9953065912762,0.185436904430389
"33487",119.338300351672,-16.9953065912762,0.185538277029991
"33488",119.420616714771,-16.9953065912762,0.185633346438408
"33489",119.50293307787,-16.9953065912762,0.185766100883484
"33490",119.58524944097,-16.9953065912762,0.185838252305984
"33491",119.667565804069,-16.9953065912762,0.185838580131531
"33492",119.749882167168,-16.9953065912762,0.185744538903236
"33493",119.832198530267,-16.9953065912762,0.185672804713249
"33494",119.914514893367,-16.9953065912762,0.185392290353775
"33495",119.996831256466,-16.9953065912762,0.184969812631607
"33496",120.079147619565,-16.9953065912762,0.184450834989548
"33497",120.161463982665,-16.9953065912762,0.183735698461533
"33498",120.243780345764,-16.9953065912762,0.182821422815323
"33499",120.326096708863,-16.9953065912762,0.181682944297791
"33500",120.408413071962,-16.9953065912762,0.180269449949265
"33501",120.490729435062,-16.9953065912762,0.178546860814095
"33502",120.573045798161,-16.9953065912762,0.176465794444084
"33503",120.65536216126,-16.9953065912762,0.17414616048336
"33504",120.73767852436,-16.9953065912762,0.171512261033058
"33505",120.819994887459,-16.9953065912762,0.168471127748489
"33506",120.902311250558,-16.9953065912762,0.165041491389275
"33507",120.984627613657,-16.9953065912762,0.161111757159233
"33508",121.066943976757,-16.9953065912762,0.156691581010818
"33509",121.149260339856,-16.9953065912762,0.15184685587883
"33510",121.231576702955,-16.9953065912762,0.146460697054863
"33511",121.313893066055,-16.9953065912762,0.140486150979996
"33512",121.396209429154,-16.9953065912762,0.133948892354965
"33513",121.478525792253,-16.9953065912762,0.126955896615982
"33514",121.560842155352,-16.9953065912762,0.119605757296085
"33515",121.643158518452,-16.9953065912762,0.111905798316002
"33516",121.725474881551,-16.9953065912762,0.10406880825758
"33517",121.80779124465,-16.9953065912762,0.0964874178171158
"33518",121.89010760775,-16.9953065912762,0.0896231532096863
"33519",121.972423970849,-16.9953065912762,0.0845718085765839
"33520",122.054740333948,-16.9953065912762,0.083191029727459
"33521",122.137056697047,-16.9953065912762,0.0841624513268471
"33522",122.219373060147,-16.9953065912762,0.0846488997340202
"33523",122.301689423246,-16.9953065912762,0.0841328352689743
"33524",122.384005786345,-16.9953065912762,0.0833116769790649
"33525",122.466322149445,-16.9953065912762,0.0826288610696793
"33533",123.124853054239,-16.9953065912762,0.0758793950080872
"33534",123.207169417338,-16.9953065912762,0.0727612674236298
"33535",123.289485780437,-16.9953065912762,0.0683338940143585
"33536",123.371802143537,-16.9953065912762,0.0631185844540596
"33537",123.454118506636,-16.9953065912762,0.0570261105895042
"33538",123.536434869735,-16.9953065912762,0.0500444881618023
"33539",123.618751232835,-16.9953065912762,0.0422271974384785
"33540",123.701067595934,-16.9953065912762,0.0336816683411598
"33541",123.783383959033,-16.9953065912762,0.0244129411876202
"33542",123.865700322132,-16.9953065912762,0.0144853796809912
"33763",118.597453083778,-17.0776229543754,0.175659254193306
"33764",118.679769446877,-17.0776229543754,0.175626069307327
"33765",118.762085809977,-17.0776229543754,0.175470471382141
"33766",118.844402173076,-17.0776229543754,0.175349295139313
"33767",118.926718536175,-17.0776229543754,0.175358220934868
"33768",119.009034899275,-17.0776229543754,0.175391271710396
"33769",119.091351262374,-17.0776229543754,0.175522953271866
"33770",119.173667625473,-17.0776229543754,0.175660341978073
"33771",119.255983988572,-17.0776229543754,0.175894156098366
"33772",119.338300351672,-17.0776229543754,0.17605260014534
"33773",119.420616714771,-17.0776229543754,0.17629086971283
"33774",119.50293307787,-17.0776229543754,0.176570624113083
"33775",119.58524944097,-17.0776229543754,0.176780566573143
"33776",119.667565804069,-17.0776229543754,0.176971450448036
"33777",119.749882167168,-17.0776229543754,0.177078023552895
"33778",119.832198530267,-17.0776229543754,0.177141025662422
"33779",119.914514893367,-17.0776229543754,0.177118912339211
"33780",119.996831256466,-17.0776229543754,0.176986142992973
"33781",120.079147619565,-17.0776229543754,0.176708891987801
"33782",120.161463982665,-17.0776229543754,0.1762405782938
"33783",120.243780345764,-17.0776229543754,0.175587207078934
"33784",120.326096708863,-17.0776229543754,0.174739345908165
"33785",120.408413071962,-17.0776229543754,0.173638567328453
"33786",120.490729435062,-17.0776229543754,0.172216907143593
"33787",120.573045798161,-17.0776229543754,0.170545056462288
"33788",120.65536216126,-17.0776229543754,0.168598890304565
"33789",120.73767852436,-17.0776229543754,0.166323527693748
"33790",120.819994887459,-17.0776229543754,0.163677617907524
"33791",120.902311250558,-17.0776229543754,0.160675838589668
"33792",120.984627613657,-17.0776229543754,0.157196119427681
"33793",121.066943976757,-17.0776229543754,0.153294339776039
"33794",121.149260339856,-17.0776229543754,0.148946687579155
"33795",121.231576702955,-17.0776229543754,0.144000187516212
"33796",121.313893066055,-17.0776229543754,0.138579681515694
"33797",121.396209429154,-17.0776229543754,0.132554709911346
"33798",121.478525792253,-17.0776229543754,0.126046895980835
"33799",121.560842155352,-17.0776229543754,0.119155682623386
"33800",121.643158518452,-17.0776229543754,0.111788161098957
"33801",121.725474881551,-17.0776229543754,0.104157216846943
"33802",121.80779124465,-17.0776229543754,0.0967100411653519
"33803",121.89010760775,-17.0776229543754,0.0899758040904999
"33804",121.972423970849,-17.0776229543754,0.0851006507873535
"33805",122.054740333948,-17.0776229543754,0.0836511626839638
"33806",122.137056697047,-17.0776229543754,0.0833550021052361
"33807",122.219373060147,-17.0776229543754,0.0819479003548622
"33808",122.301689423246,-17.0776229543754,0.0799936726689339
"33819",123.207169417338,-17.0776229543754,0.0658120810985565
"33820",123.289485780437,-17.0776229543754,0.0622733719646931
"33821",123.371802143537,-17.0776229543754,0.0572700910270214
"33822",123.454118506636,-17.0776229543754,0.0513214804232121
"33823",123.536434869735,-17.0776229543754,0.0445558503270149
"33824",123.618751232835,-17.0776229543754,0.0369701348245144
"33825",123.701067595934,-17.0776229543754,0.0286635514348745
"33826",123.783383959033,-17.0776229543754,0.0196304321289062
"33827",123.865700322132,-17.0776229543754,0.00993007328361273
"34048",118.597453083778,-17.1599393174747,0.166062414646149
"34049",118.679769446877,-17.1599393174747,0.165916338562965
"34050",118.762085809977,-17.1599393174747,0.165755018591881
"34051",118.844402173076,-17.1599393174747,0.165675014257431
"34052",118.926718536175,-17.1599393174747,0.16579382121563
"34053",119.009034899275,-17.1599393174747,0.165770933032036
"34054",119.091351262374,-17.1599393174747,0.166022002696991
"34055",119.173667625473,-17.1599393174747,0.166242957115173
"34056",119.255983988572,-17.1599393174747,0.166602835059166
"34057",119.338300351672,-17.1599393174747,0.166944086551666
"34058",119.420616714771,-17.1599393174747,0.167296439409256
"34059",119.50293307787,-17.1599393174747,0.167692199349403
"34060",119.58524944097,-17.1599393174747,0.168138086795807
"34061",119.667565804069,-17.1599393174747,0.16846276819706
"34062",119.749882167168,-17.1599393174747,0.168809697031975
"34063",119.832198530267,-17.1599393174747,0.16909347474575
"34064",119.914514893367,-17.1599393174747,0.169343799352646
"34065",119.996831256466,-17.1599393174747,0.169404849410057
"34066",120.079147619565,-17.1599393174747,0.169376209378242
"34067",120.161463982665,-17.1599393174747,0.169197216629982
"34068",120.243780345764,-17.1599393174747,0.16884957253933
"34069",120.326096708863,-17.1599393174747,0.168299853801727
"34070",120.408413071962,-17.1599393174747,0.167529731988907
"34071",120.490729435062,-17.1599393174747,0.166504338383675
"34072",120.573045798161,-17.1599393174747,0.165165200829506
"34073",120.65536216126,-17.1599393174747,0.163562461733818
"34074",120.73767852436,-17.1599393174747,0.161693647503853
"34075",120.819994887459,-17.1599393174747,0.159520819783211
"34076",120.902311250558,-17.1599393174747,0.156992048025131
"34077",120.984627613657,-17.1599393174747,0.154025986790657
"34078",121.066943976757,-17.1599393174747,0.150686323642731
"34079",121.149260339856,-17.1599393174747,0.146874248981476
"34080",121.231576702955,-17.1599393174747,0.142557471990585
"34081",121.313893066055,-17.1599393174747,0.137819468975067
"34082",121.396209429154,-17.1599393174747,0.132543325424194
"34083",121.478525792253,-17.1599393174747,0.126817807555199
"34084",121.560842155352,-17.1599393174747,0.120548598468304
"34085",121.643158518452,-17.1599393174747,0.113769516348839
"34086",121.725474881551,-17.1599393174747,0.106618009507656
"34087",121.80779124465,-17.1599393174747,0.0994022339582443
"34088",121.89010760775,-17.1599393174747,0.0927604585886002
"34089",121.972423970849,-17.1599393174747,0.0877080708742142
"34090",122.054740333948,-17.1599393174747,0.0847806483507156
"34091",122.137056697047,-17.1599393174747,0.0820557922124863
"34092",122.219373060147,-17.1599393174747,0.0786657631397247
"34093",122.301689423246,-17.1599393174747,0.0756992027163506
"34105",123.289485780437,-17.1599393174747,0.055909801274538
"34106",123.371802143537,-17.1599393174747,0.0520045161247253
"34107",123.454118506636,-17.1599393174747,0.046223696321249
"34108",123.536434869735,-17.1599393174747,0.0395417064428329
"34109",123.618751232835,-17.1599393174747,0.0321091413497925
"34110",123.701067595934,-17.1599393174747,0.0239381194114685
"34111",123.783383959033,-17.1599393174747,0.0151311904191971
"34112",123.865700322132,-17.1599393174747,0.00563532253727317
"34332",118.515136720679,-17.242255680574,0.155127793550491
"34333",118.597453083778,-17.242255680574,0.156664922833443
"34334",118.679769446877,-17.242255680574,0.156408369541168
"34335",118.762085809977,-17.242255680574,0.156284853816032
"34336",118.844402173076,-17.242255680574,0.156262695789337
"34337",118.926718536175,-17.242255680574,0.156446427106857
"34338",119.009034899275,-17.242255680574,0.156527876853943
"34339",119.091351262374,-17.242255680574,0.156770408153534
"34340",119.173667625473,-17.242255680574,0.157114833593369
"34341",119.255983988572,-17.242255680574,0.157594278454781
"34342",119.338300351672,-17.242255680574,0.158106654882431
"34343",119.420616714771,-17.242255680574,0.15860989689827
"34344",119.50293307787,-17.242255680574,0.159159258008003
"34345",119.58524944097,-17.242255680574,0.159787014126778
"34346",119.667565804069,-17.242255680574,0.160285979509354
"34347",119.749882167168,-17.242255680574,0.160874366760254
"34348",119.832198530267,-17.242255680574,0.161377057433128
"34349",119.914514893367,-17.242255680574,0.161862075328827
"34350",119.996831256466,-17.242255680574,0.16217677295208
"34351",120.079147619565,-17.242255680574,0.162453278899193
"34352",120.161463982665,-17.242255680574,0.162559226155281
"34353",120.243780345764,-17.242255680574,0.162533462047577
"34354",120.326096708863,-17.242255680574,0.162246719002724
"34355",120.408413071962,-17.242255680574,0.161769449710846
"34356",120.490729435062,-17.242255680574,0.161125704646111
"34357",120.573045798161,-17.242255680574,0.160306200385094
"34358",120.65536216126,-17.242255680574,0.159033417701721
"34359",120.73767852436,-17.242255680574,0.157570987939835
"34360",120.819994887459,-17.242255680574,0.155861377716064
"34361",120.902311250558,-17.242255680574,0.153830900788307
"34362",120.984627613657,-17.242255680574,0.151433706283569
"34363",121.066943976757,-17.242255680574,0.148642241954803
"34364",121.149260339856,-17.242255680574,0.145466864109039
"34365",121.231576702955,-17.242255680574,0.141891300678253
"34366",121.313893066055,-17.242255680574,0.137916311621666
"34367",121.396209429154,-17.242255680574,0.133479714393616
"34368",121.478525792253,-17.242255680574,0.128661945462227
"34369",121.560842155352,-17.242255680574,0.123322300612926
"34370",121.643158518452,-17.242255680574,0.117418669164181
"34371",121.725474881551,-17.242255680574,0.110901810228825
"34372",121.80779124465,-17.242255680574,0.103807173669338
"34373",121.89010760775,-17.242255680574,0.0966164171695709
"34374",121.972423970849,-17.242255680574,0.089935265481472
"34375",122.054740333948,-17.242255680574,0.0841899886727333
"34376",122.137056697047,-17.242255680574,0.0789457187056541
"34377",122.219373060147,-17.242255680574,0.0743235051631927
"34390",123.289485780437,-17.242255680574,0.0518625117838383
"34391",123.371802143537,-17.242255680574,0.0474648326635361
"34392",123.454118506636,-17.242255680574,0.0416559092700481
"34393",123.536434869735,-17.242255680574,0.0350549891591072
"34394",123.618751232835,-17.242255680574,0.0277555864304304
"34395",123.701067595934,-17.242255680574,0.0196463614702225
"34396",123.783383959033,-17.242255680574,0.0109254494309425
"34397",123.865700322132,-17.242255680574,0.00215084571391344
"34398",123.948016685232,-17.242255680574,0.000211088263313286
"34617",118.515136720679,-17.3245720436733,0.147714972496033
"34618",118.597453083778,-17.3245720436733,0.147438928484917
"34619",118.679769446877,-17.3245720436733,0.147210016846657
"34620",118.762085809977,-17.3245720436733,0.147132933139801
"34621",118.844402173076,-17.3245720436733,0.147172152996063
"34622",118.926718536175,-17.3245720436733,0.14729343354702
"34623",119.009034899275,-17.3245720436733,0.147557705640793
"34624",119.091351262374,-17.3245720436733,0.147846266627312
"34625",119.173667625473,-17.3245720436733,0.148341864347458
"34626",119.255983988572,-17.3245720436733,0.148896306753159
"34627",119.338300351672,-17.3245720436733,0.149521455168724
"34628",119.420616714771,-17.3245720436733,0.150234669446945
"34629",119.50293307787,-17.3245720436733,0.150944754481316
"34630",119.58524944097,-17.3245720436733,0.151713088154793
"34631",119.667565804069,-17.3245720436733,0.152465477585793
"34632",119.749882167168,-17.3245720436733,0.153252884745598
"34633",119.832198530267,-17.3245720436733,0.154047295451164
"34634",119.914514893367,-17.3245720436733,0.154751047492027
"34635",119.996831256466,-17.3245720436733,0.15535631775856
"34636",120.079147619565,-17.3245720436733,0.155913144350052
"34637",120.161463982665,-17.3245720436733,0.156276404857635
"34638",120.243780345764,-17.3245720436733,0.156565055251122
"34639",120.326096708863,-17.3245720436733,0.156652167439461
"34640",120.408413071962,-17.3245720436733,0.156481251120567
"34641",120.490729435062,-17.3245720436733,0.156154975295067
"34642",120.573045798161,-17.3245720436733,0.155665621161461
"34643",120.65536216126,-17.3245720436733,0.154865175485611
"34644",120.73767852436,-17.3245720436733,0.153790503740311
"34645",120.819994887459,-17.3245720436733,0.152541309595108
"34646",120.902311250558,-17.3245720436733,0.151020929217339
"34647",120.984627613657,-17.3245720436733,0.149133339524269
"34648",121.066943976757,-17.3245720436733,0.146997138857841
"34649",121.149260339856,-17.3245720436733,0.144507735967636
"34650",121.231576702955,-17.3245720436733,0.141686573624611
"34651",121.313893066055,-17.3245720436733,0.138481244444847
"34652",121.396209429154,-17.3245720436733,0.135017678141594
"34653",121.478525792253,-17.3245720436733,0.131218895316124
"34654",121.560842155352,-17.3245720436733,0.12694925069809
"34655",121.643158518452,-17.3245720436733,0.122160837054253
"34656",121.725474881551,-17.3245720436733,0.116585038602352
"34657",121.80779124465,-17.3245720436733,0.109697602689266
"34658",121.89010760775,-17.3245720436733,0.101557858288288
"34659",121.972423970849,-17.3245720436733,0.0923995301127434
"34660",122.054740333948,-17.3245720436733,0.0833015963435173
"34661",122.137056697047,-17.3245720436733,0.0754671841859818
"34662",122.219373060147,-17.3245720436733,0.0700990259647369
"34676",123.371802143537,-17.3245720436733,0.0434332005679607
"34677",123.454118506636,-17.3245720436733,0.0377186611294746
"34678",123.536434869735,-17.3245720436733,0.031117694452405
"34679",123.618751232835,-17.3245720436733,0.0237898286432028
"34680",123.701067595934,-17.3245720436733,0.0157138258218765
"34682",123.865700322132,-17.3245720436733,0.000432044849731028
"34901",118.43282035758,-17.4068884067726,0.138410642743111
"34902",118.515136720679,-17.4068884067726,0.138771668076515
"34903",118.597453083778,-17.4068884067726,0.138487949967384
"34904",118.679769446877,-17.4068884067726,0.138329267501831
"34905",118.762085809977,-17.4068884067726,0.138277754187584
"34906",118.844402173076,-17.4068884067726,0.138339638710022
"34907",118.926718536175,-17.4068884067726,0.138487339019775
"34908",119.009034899275,-17.4068884067726,0.138838857412338
"34909",119.091351262374,-17.4068884067726,0.139313146471977
"34910",119.173667625473,-17.4068884067726,0.139852747321129
"34911",119.255983988572,-17.4068884067726,0.140499100089073
"34912",119.338300351672,-17.4068884067726,0.141263142228127
"34913",119.420616714771,-17.4068884067726,0.142139360308647
"34914",119.50293307787,-17.4068884067726,0.143042892217636
"34915",119.58524944097,-17.4068884067726,0.143998697400093
"34916",119.667565804069,-17.4068884067726,0.145011812448502
"34917",119.749882167168,-17.4068884067726,0.145984053611755
"34918",119.832198530267,-17.4068884067726,0.146976053714752
"34919",119.914514893367,-17.4068884067726,0.148018136620522
"34920",119.996831256466,-17.4068884067726,0.148900181055069
"34921",120.079147619565,-17.4068884067726,0.149699985980988
"34922",120.161463982665,-17.4068884067726,0.150380238890648
"34923",120.243780345764,-17.4068884067726,0.150968566536903
"34924",120.326096708863,-17.4068884067726,0.151366278529167
"34925",120.408413071962,-17.4068884067726,0.151562064886093
"34926",120.490729435062,-17.4068884067726,0.151582926511765
"34927",120.573045798161,-17.4068884067726,0.151331588625908
"34928",120.65536216126,-17.4068884067726,0.150996655225754
"34929",120.73767852436,-17.4068884067726,0.150343209505081
"34930",120.819994887459,-17.4068884067726,0.14951978623867
"34931",120.902311250558,-17.4068884067726,0.14843787252903
"34932",120.984627613657,-17.4068884067726,0.147024586796761
"34933",121.066943976757,-17.4068884067726,0.145482107996941
"34934",121.149260339856,-17.4068884067726,0.143625929951668
"34935",121.231576702955,-17.4068884067726,0.141446575522423
"34936",121.313893066055,-17.4068884067726,0.139053747057915
"34937",121.396209429154,-17.4068884067726,0.136501669883728
"34938",121.478525792253,-17.4068884067726,0.133804827928543
"34939",121.560842155352,-17.4068884067726,0.130769640207291
"34940",121.643158518452,-17.4068884067726,0.127384275197983
"34941",121.725474881551,-17.4068884067726,0.123109191656113
"34942",121.80779124465,-17.4068884067726,0.116992779076099
"34943",121.89010760775,-17.4068884067726,0.108234971761703
"34944",121.972423970849,-17.4068884067726,0.0966154187917709
"34945",122.054740333948,-17.4068884067726,0.0837873369455338
"34946",122.137056697047,-17.4068884067726,0.0737405270338058
"34963",123.536434869735,-17.4068884067726,0.0275865234434605
"34964",123.618751232835,-17.4068884067726,0.0204654727131128
"35184",118.268187631381,-17.4892047698719,0.130467668175697
"35185",118.35050399448,-17.4892047698719,0.130912914872169
"35186",118.43282035758,-17.4892047698719,0.130497083067894
"35187",118.515136720679,-17.4892047698719,0.130113899707794
"35188",118.597453083778,-17.4892047698719,0.12985996901989
"35189",118.679769446877,-17.4892047698719,0.129704013466835
"35190",118.762085809977,-17.4892047698719,0.129647508263588
"35191",118.844402173076,-17.4892047698719,0.12977534532547
"35192",118.926718536175,-17.4892047698719,0.130027860403061
"35193",119.009034899275,-17.4892047698719,0.130385845899582
"35194",119.091351262374,-17.4892047698719,0.130891487002373
"35195",119.173667625473,-17.4892047698719,0.13157694041729
"35196",119.255983988572,-17.4892047698719,0.132401511073112
"35197",119.338300351672,-17.4892047698719,0.13330739736557
"35198",119.420616714771,-17.4892047698719,0.134345009922981
"35199",119.50293307787,-17.4892047698719,0.135460570454597
"35200",119.58524944097,-17.4892047698719,0.136601343750954
"35201",119.667565804069,-17.4892047698719,0.137826859951019
"35202",119.749882167168,-17.4892047698719,0.139056086540222
"35203",119.832198530267,-17.4892047698719,0.14032144844532
"35204",119.914514893367,-17.4892047698719,0.141575396060944
"35205",119.996831256466,-17.4892047698719,0.142761722207069
"35206",120.079147619565,-17.4892047698719,0.143840566277504
"35207",120.161463982665,-17.4892047698719,0.144840031862259
"35208",120.243780345764,-17.4892047698719,0.145688995718956
"35209",120.326096708863,-17.4892047698719,0.146375149488449
"35210",120.408413071962,-17.4892047698719,0.146911770105362
"35211",120.490729435062,-17.4892047698719,0.147248163819313
"35212",120.573045798161,-17.4892047698719,0.147366762161255
"35213",120.65536216126,-17.4892047698719,0.147310599684715
"35214",120.73767852436,-17.4892047698719,0.147035047411919
"35215",120.819994887459,-17.4892047698719,0.146542608737946
"35216",120.902311250558,-17.4892047698719,0.145822107791901
"35217",120.984627613657,-17.4892047698719,0.144915238022804
"35218",121.066943976757,-17.4892047698719,0.14378909766674
"35219",121.149260339856,-17.4892047698719,0.142479002475739
"35220",121.231576702955,-17.4892047698719,0.140915170311928
"35221",121.313893066055,-17.4892047698719,0.139165967702866
"35222",121.396209429154,-17.4892047698719,0.137363821268082
"35223",121.478525792253,-17.4892047698719,0.135633334517479
"35224",121.560842155352,-17.4892047698719,0.133982002735138
"35225",121.643158518452,-17.4892047698719,0.132318884134293
"35226",121.725474881551,-17.4892047698719,0.12998940050602
"35227",121.80779124465,-17.4892047698719,0.125720679759979
"35228",121.89010760775,-17.4892047698719,0.117682032287121
"35229",121.972423970849,-17.4892047698719,0.104202061891556
"35230",122.054740333948,-17.4892047698719,0.0871494635939598
"35231",122.137056697047,-17.4892047698719,0.0733483210206032
"35232",122.219373060147,-17.4892047698719,0.0667784363031387
"35248",123.536434869735,-17.4892047698719,0.0245032105594873
"35249",123.618751232835,-17.4892047698719,0.0180527362972498
"35468",118.185871268282,-17.5715211329712,0.125039979815483
"35469",118.268187631381,-17.5715211329712,0.123527027666569
"35470",118.35050399448,-17.5715211329712,0.122667625546455
"35471",118.43282035758,-17.5715211329712,0.12217715382576
"35472",118.515136720679,-17.5715211329712,0.121738359332085
"35473",118.597453083778,-17.5715211329712,0.121453016996384
"35474",118.679769446877,-17.5715211329712,0.121335424482822
"35475",118.762085809977,-17.5715211329712,0.121329344809055
"35476",118.844402173076,-17.5715211329712,0.121492519974709
"35477",118.926718536175,-17.5715211329712,0.121815621852875
"35478",119.009034899275,-17.5715211329712,0.122268989682198
"35479",119.091351262374,-17.5715211329712,0.122867301106453
"35480",119.173667625473,-17.5715211329712,0.123657770454884
"35481",119.255983988572,-17.5715211329712,0.124589040875435
"35482",119.338300351672,-17.5715211329712,0.125613316893578
"35483",119.420616714771,-17.5715211329712,0.126809030771255
"35484",119.50293307787,-17.5715211329712,0.128099203109741
"35485",119.58524944097,-17.5715211329712,0.129471570253372
"35486",119.667565804069,-17.5715211329712,0.130924627184868
"35487",119.749882167168,-17.5715211329712,0.132399842143059
"35488",119.832198530267,-17.5715211329712,0.133918434381485
"35489",119.914514893367,-17.5715211329712,0.135448426008224
"35490",119.996831256466,-17.5715211329712,0.136898785829544
"35491",120.079147619565,-17.5715211329712,0.138292729854584
"35492",120.161463982665,-17.5715211329712,0.139597237110138
"35493",120.243780345764,-17.5715211329712,0.140740618109703
"35494",120.326096708863,-17.5715211329712,0.141741067171097
"35495",120.408413071962,-17.5715211329712,0.142568871378899
"35496",120.490729435062,-17.5715211329712,0.143160492181778
"35497",120.573045798161,-17.5715211329712,0.143537938594818
"35498",120.65536216126,-17.5715211329712,0.143774047493935
"35499",120.73767852436,-17.5715211329712,0.14380070567131
"35500",120.819994887459,-17.5715211329712,0.1435676664114
"35501",120.902311250558,-17.5715211329712,0.143148258328438
"35502",120.984627613657,-17.5715211329712,0.14255790412426
"35503",121.066943976757,-17.5715211329712,0.141782999038696
"35504",121.149260339856,-17.5715211329712,0.140860661864281
"35505",121.231576702955,-17.5715211329712,0.13971683382988
"35506",121.313893066055,-17.5715211329712,0.138377353549004
"35507",121.396209429154,-17.5715211329712,0.137082502245903
"35508",121.478525792253,-17.5715211329712,0.135974407196045
"35509",121.560842155352,-17.5715211329712,0.135465875267982
"35510",121.643158518452,-17.5715211329712,0.135557919740677
"35511",121.725474881551,-17.5715211329712,0.13575553894043
"35512",121.80779124465,-17.5715211329712,0.134710669517517
"35513",121.89010760775,-17.5715211329712,0.129892498254776
"35514",121.972423970849,-17.5715211329712,0.117228627204895
"35515",122.054740333948,-17.5715211329712,0.09639523178339
"35516",122.137056697047,-17.5715211329712,0.0785166248679161
"35517",122.219373060147,-17.5715211329712,0.0718977376818657
"35534",123.618751232835,-17.5715211329712,0.0158917419612408
"35754",118.268187631381,-17.6538374960704,0.114839941263199
"35755",118.35050399448,-17.6538374960704,0.114611968398094
"35756",118.43282035758,-17.6538374960704,0.114055104553699
"35757",118.515136720679,-17.6538374960704,0.113652914762497
"35758",118.597453083778,-17.6538374960704,0.113357618451118
"35759",118.679769446877,-17.6538374960704,0.113283939659595
"35760",118.762085809977,-17.6538374960704,0.113313995301723
"35761",118.844402173076,-17.6538374960704,0.113495521247387
"35762",118.926718536175,-17.6538374960704,0.113896824419498
"35763",119.009034899275,-17.6538374960704,0.114402130246162
"35764",119.091351262374,-17.6538374960704,0.115091241896152
"35765",119.173667625473,-17.6538374960704,0.115976460278034
"35766",119.255983988572,-17.6538374960704,0.11700813472271
"35767",119.338300351672,-17.6538374960704,0.11818353831768
"35768",119.420616714771,-17.6538374960704,0.11956287920475
"35769",119.50293307787,-17.6538374960704,0.121059313416481
"35770",119.58524944097,-17.6538374960704,0.122643552720547
"35771",119.667565804069,-17.6538374960704,0.124311655759811
"35772",119.749882167168,-17.6538374960704,0.126057237386703
"35773",119.832198530267,-17.6538374960704,0.12787289917469
"35774",119.914514893367,-17.6538374960704,0.129644423723221
"35775",119.996831256466,-17.6538374960704,0.131380170583725
"35776",120.079147619565,-17.6538374960704,0.133089542388916
"35777",120.161463982665,-17.6538374960704,0.134671613574028
"35778",120.243780345764,-17.6538374960704,0.136117175221443
"35779",120.326096708863,-17.6538374960704,0.137392848730087
"35780",120.408413071962,-17.6538374960704,0.138468503952026
"35781",120.490729435062,-17.6538374960704,0.139329150319099
"35782",120.573045798161,-17.6538374960704,0.139998257160187
"35783",120.65536216126,-17.6538374960704,0.140452802181244
"35784",120.73767852436,-17.6538374960704,0.140649408102036
"35785",120.819994887459,-17.6538374960704,0.140615165233612
"35786",120.902311250558,-17.6538374960704,0.140342891216278
"35787",120.984627613657,-17.6538374960704,0.139883458614349
"35788",121.066943976757,-17.6538374960704,0.139271527528763
"35789",121.149260339856,-17.6538374960704,0.138513907790184
"35790",121.231576702955,-17.6538374960704,0.137584373354912
"35791",121.313893066055,-17.6538374960704,0.136331304907799
"35792",121.396209429154,-17.6538374960704,0.135054871439934
"35793",121.478525792253,-17.6538374960704,0.134237363934517
"35794",121.560842155352,-17.6538374960704,0.13436995446682
"35795",121.643158518452,-17.6538374960704,0.135733962059021
"35796",121.725474881551,-17.6538374960704,0.138174474239349
"35797",121.80779124465,-17.6538374960704,0.140672937035561
"35798",121.89010760775,-17.6538374960704,0.140889748930931
"35799",121.972423970849,-17.6538374960704,0.133469775319099
"35800",122.054740333948,-17.6538374960704,0.113671898841858
"35801",122.137056697047,-17.6538374960704,0.0926134958863258
"35802",122.219373060147,-17.6538374960704,0.0829689428210258
"35803",122.301689423246,-17.6538374960704,0.079011969268322
"36038",118.185871268282,-17.7361538591697,0.108195677399635
"36039",118.268187631381,-17.7361538591697,0.107510767877102
"36040",118.35050399448,-17.7361538591697,0.106843255460262
"36041",118.43282035758,-17.7361538591697,0.106245495378971
"36042",118.515136720679,-17.7361538591697,0.105854541063309
"36043",118.597453083778,-17.7361538591697,0.10558445006609
"36044",118.679769446877,-17.7361538591697,0.105550780892372
"36045",118.762085809977,-17.7361538591697,0.105551235377789
"36046",118.844402173076,-17.7361538591697,0.105752348899841
"36047",118.926718536175,-17.7361538591697,0.106210865080357
"36048",119.009034899275,-17.7361538591697,0.106779284775257
"36049",119.091351262374,-17.7361538591697,0.107587978243828
"36050",119.173667625473,-17.7361538591697,0.10855832695961
"36051",119.255983988572,-17.7361538591697,0.10973808914423
"36052",119.338300351672,-17.7361538591697,0.111055441200733
"36053",119.420616714771,-17.7361538591697,0.112596578896046
"36054",119.50293307787,-17.7361538591697,0.114293850958347
"36055",119.58524944097,-17.7361538591697,0.11610347032547
"36056",119.667565804069,-17.7361538591697,0.117981776595116
"36057",119.749882167168,-17.7361538591697,0.119981899857521
"36058",119.832198530267,-17.7361538591697,0.122050993144512
"36059",119.914514893367,-17.7361538591697,0.124161817133427
"36060",119.996831256466,-17.7361538591697,0.126203045248985
"36061",120.079147619565,-17.7361538591697,0.128207921981812
"36062",120.161463982665,-17.7361538591697,0.130070507526398
"36063",120.243780345764,-17.7361538591697,0.13177515566349
"36064",120.326096708863,-17.7361538591697,0.133294969797134
"36065",120.408413071962,-17.7361538591697,0.134633973240852
"36066",120.490729435062,-17.7361538591697,0.135787710547447
"36067",120.573045798161,-17.7361538591697,0.136604741215706
"36068",120.65536216126,-17.7361538591697,0.137184426188469
"36069",120.73767852436,-17.7361538591697,0.137516677379608
"36070",120.819994887459,-17.7361538591697,0.13757199048996
"36071",120.902311250558,-17.7361538591697,0.137383729219437
"36072",120.984627613657,-17.7361538591697,0.13693568110466
"36073",121.066943976757,-17.7361538591697,0.136255174875259
"36074",121.149260339856,-17.7361538591697,0.135360881686211
"36075",121.231576702955,-17.7361538591697,0.134201839566231
"36076",121.313893066055,-17.7361538591697,0.132757142186165
"36077",121.396209429154,-17.7361538591697,0.131213828921318
"36078",121.478525792253,-17.7361538591697,0.130108878016472
"36079",121.560842155352,-17.7361538591697,0.130200728774071
"36080",121.643158518452,-17.7361538591697,0.131949245929718
"36081",121.725474881551,-17.7361538591697,0.135406017303467
"36082",121.80779124465,-17.7361538591697,0.139893189072609
"36083",121.89010760775,-17.7361538591697,0.143402338027954
"36084",121.972423970849,-17.7361538591697,0.141408175230026
"36085",122.054740333948,-17.7361538591697,0.128901422023773
"36086",122.137056697047,-17.7361538591697,0.111567325890064
"36087",122.219373060147,-17.7361538591697,0.0985494777560234
"36088",122.301689423246,-17.7361538591697,0.092717319726944
"36322",118.103554905182,-17.818470222269,0.101909168064594
"36323",118.185871268282,-17.818470222269,0.100997984409332
"36324",118.268187631381,-17.818470222269,0.100055038928986
"36325",118.35050399448,-17.818470222269,0.0993287041783333
"36326",118.43282035758,-17.818470222269,0.0987758412957191
"36327",118.515136720679,-17.818470222269,0.0983481332659721
"36328",118.597453083778,-17.818470222269,0.0981476381421089
"36329",118.679769446877,-17.818470222269,0.0980813801288605
"36330",118.762085809977,-17.818470222269,0.0981376320123672
"36331",118.844402173076,-17.818470222269,0.0983082875609398
"36332",118.926718536175,-17.818470222269,0.0988012403249741
"36333",119.009034899275,-17.818470222269,0.099419005215168
"36334",119.091351262374,-17.818470222269,0.10028363764286
"36335",119.173667625473,-17.818470222269,0.101439408957958
"36336",119.255983988572,-17.818470222269,0.102751210331917
"36337",119.338300351672,-17.818470222269,0.104226067662239
"36338",119.420616714771,-17.818470222269,0.105939283967018
"36339",119.50293307787,-17.818470222269,0.107803143560886
"36340",119.58524944097,-17.818470222269,0.109826192259789
"36341",119.667565804069,-17.818470222269,0.111971102654934
"36342",119.749882167168,-17.818470222269,0.11425393819809
"36343",119.832198530267,-17.818470222269,0.116614803671837
"36344",119.914514893367,-17.818470222269,0.118988305330276
"36345",119.996831256466,-17.818470222269,0.121332570910454
"36346",120.079147619565,-17.818470222269,0.123625539243221
"36347",120.161463982665,-17.818470222269,0.125788658857346
"36348",120.243780345764,-17.818470222269,0.127741649746895
"36349",120.326096708863,-17.818470222269,0.129531413316727
"36350",120.408413071962,-17.818470222269,0.131145268678665
"36351",120.490729435062,-17.818470222269,0.13241720199585
"36352",120.573045798161,-17.818470222269,0.133432596921921
"36353",120.65536216126,-17.818470222269,0.134109333157539
"36354",120.73767852436,-17.818470222269,0.134521260857582
"36355",120.819994887459,-17.818470222269,0.134573668241501
"36356",120.902311250558,-17.818470222269,0.134328082203865
"36357",120.984627613657,-17.818470222269,0.133782684803009
"36358",121.066943976757,-17.818470222269,0.132889702916145
"36359",121.149260339856,-17.818470222269,0.13170725107193
"36360",121.231576702955,-17.818470222269,0.130122750997543
"36361",121.313893066055,-17.818470222269,0.128210932016373
"36362",121.396209429154,-17.818470222269,0.126229777932167
"36363",121.478525792253,-17.818470222269,0.124548360705376
"36364",121.560842155352,-17.818470222269,0.123869895935059
"36365",121.643158518452,-17.818470222269,0.124865755438805
"36366",121.725474881551,-17.818470222269,0.127917096018791
"36367",121.80779124465,-17.818470222269,0.132275521755219
"36368",121.89010760775,-17.818470222269,0.136151269078255
"36369",121.972423970849,-17.818470222269,0.136014059185982
"36370",122.054740333948,-17.818470222269,0.128822475671768
"36371",122.137056697047,-17.818470222269,0.117803119122982
"36372",122.219373060147,-17.818470222269,0.108097769320011
"36604",117.856605815885,-17.9007865853683,0.0960703641176224
"36605",117.938922178984,-17.9007865853683,0.0948429182171822
"36606",118.021238542083,-17.9007865853683,0.0959981307387352
"36607",118.103554905182,-17.9007865853683,0.094829834997654
"36608",118.185871268282,-17.9007865853683,0.0938411056995392
"36609",118.268187631381,-17.9007865853683,0.0929198116064072
"36610",118.35050399448,-17.9007865853683,0.0922363847494125
"36611",118.43282035758,-17.9007865853683,0.0916173905134201
"36612",118.515136720679,-17.9007865853683,0.0911940261721611
"36613",118.597453083778,-17.9007865853683,0.0910260528326035
"36614",118.679769446877,-17.9007865853683,0.090886078774929
"36615",118.762085809977,-17.9007865853683,0.0909983366727829
"36616",118.844402173076,-17.9007865853683,0.0912440791726112
"36617",118.926718536175,-17.9007865853683,0.0917962118983269
"36618",119.009034899275,-17.9007865853683,0.092525526881218
"36619",119.091351262374,-17.9007865853683,0.0934926569461823
"36620",119.173667625473,-17.9007865853683,0.0946221128106117
"36621",119.255983988572,-17.9007865853683,0.0960709601640701
"36622",119.338300351672,-17.9007865853683,0.0976501107215881
"36623",119.420616714771,-17.9007865853683,0.0995386019349098
"36624",119.50293307787,-17.9007865853683,0.10161904245615
"36625",119.58524944097,-17.9007865853683,0.103779643774033
"36626",119.667565804069,-17.9007865853683,0.106227695941925
"36627",119.749882167168,-17.9007865853683,0.108753032982349
"36628",119.832198530267,-17.9007865853683,0.111476056277752
"36629",119.914514893367,-17.9007865853683,0.114139340817928
"36630",119.996831256466,-17.9007865853683,0.1168053150177
"36631",120.079147619565,-17.9007865853683,0.119387172162533
"36632",120.161463982665,-17.9007865853683,0.121816366910934
"36633",120.243780345764,-17.9007865853683,0.124060347676277
"36634",120.326096708863,-17.9007865853683,0.126101955771446
"36635",120.408413071962,-17.9007865853683,0.127874657511711
"36636",120.490729435062,-17.9007865853683,0.129338979721069
"36637",120.573045798161,-17.9007865853683,0.130487680435181
"36638",120.65536216126,-17.9007865853683,0.131281271576881
"36639",120.73767852436,-17.9007865853683,0.131702318787575
"36640",120.819994887459,-17.9007865853683,0.131701275706291
"36641",120.902311250558,-17.9007865853683,0.13134902715683
"36642",120.984627613657,-17.9007865853683,0.130640968680382
"36643",121.066943976757,-17.9007865853683,0.129516810178757
"36644",121.149260339856,-17.9007865853683,0.127934977412224
"36645",121.231576702955,-17.9007865853683,0.125937193632126
"36646",121.313893066055,-17.9007865853683,0.12367919832468
"36647",121.396209429154,-17.9007865853683,0.121194653213024
"36648",121.478525792253,-17.9007865853683,0.118869408965111
"36649",121.560842155352,-17.9007865853683,0.117288298904896
"36650",121.643158518452,-17.9007865853683,0.117090411484241
"36651",121.725474881551,-17.9007865853683,0.119068548083305
"36652",121.80779124465,-17.9007865853683,0.122078865766525
"36653",121.89010760775,-17.9007865853683,0.125256791710854
"36654",121.972423970849,-17.9007865853683,0.126342982053757
"36655",122.054740333948,-17.9007865853683,0.122006230056286
"36656",122.137056697047,-17.9007865853683,0.116364985704422
"36657",122.219373060147,-17.9007865853683,0.112829096615314
"36658",122.301689423246,-17.9007865853683,0.109562575817108
"36888",117.774289452785,-17.9831029484676,0.0922281891107559
"36889",117.856605815885,-17.9831029484676,0.0919042900204659
"36890",117.938922178984,-17.9831029484676,0.0905505493283272
"36891",118.021238542083,-17.9831029484676,0.0892950445413589
"36892",118.103554905182,-17.9831029484676,0.0881463885307312
"36893",118.185871268282,-17.9831029484676,0.0871233493089676
"36894",118.268187631381,-17.9831029484676,0.0862040445208549
"36895",118.35050399448,-17.9831029484676,0.0854518264532089
"36896",118.43282035758,-17.9831029484676,0.0848636329174042
"36897",118.515136720679,-17.9831029484676,0.0844101086258888
"36898",118.597453083778,-17.9831029484676,0.084177240729332
"36899",118.679769446877,-17.9831029484676,0.084044836461544
"36900",118.762085809977,-17.9831029484676,0.0842026770114899
"36901",118.844402173076,-17.9831029484676,0.0845098048448563
"36902",118.926718536175,-17.9831029484676,0.0850487127900124
"36903",119.009034899275,-17.9831029484676,0.0857777297496796
"36904",119.091351262374,-17.9831029484676,0.0868147537112236
"36905",119.173667625473,-17.9831029484676,0.088092252612114
"36906",119.255983988572,-17.9831029484676,0.0896291360259056
"36907",119.338300351672,-17.9831029484676,0.0913601890206337
"36908",119.420616714771,-17.9831029484676,0.0934557765722275
"36909",119.50293307787,-17.9831029484676,0.095708854496479
"36910",119.58524944097,-17.9831029484676,0.0981194674968719
"36911",119.667565804069,-17.9831029484676,0.100884117186069
"36912",119.749882167168,-17.9831029484676,0.103721186518669
"36913",119.832198530267,-17.9831029484676,0.106599405407906
"36914",119.914514893367,-17.9831029484676,0.109611012041569
"36915",119.996831256466,-17.9831029484676,0.112568385899067
"36916",120.079147619565,-17.9831029484676,0.11546827852726
"36917",120.161463982665,-17.9831029484676,0.118184484541416
"36918",120.243780345764,-17.9831029484676,0.120795100927353
"36919",120.326096708863,-17.9831029484676,0.123038418591022
"36920",120.408413071962,-17.9831029484676,0.124966949224472
"36921",120.490729435062,-17.9831029484676,0.126581728458405
"36922",120.573045798161,-17.9831029484676,0.127845004200935
"36923",120.65536216126,-17.9831029484676,0.128737241029739
"36924",120.73767852436,-17.9831029484676,0.129140198230743
"36925",120.819994887459,-17.9831029484676,0.129114627838135
"36926",120.902311250558,-17.9831029484676,0.128662645816803
"36927",120.984627613657,-17.9831029484676,0.127743154764175
"36928",121.066943976757,-17.9831029484676,0.126333594322205
"36929",121.149260339856,-17.9831029484676,0.124529220163822
"36930",121.231576702955,-17.9831029484676,0.12224505096674
"36931",121.313893066055,-17.9831029484676,0.11957885324955
"36932",121.396209429154,-17.9831029484676,0.116911828517914
"36933",121.478525792253,-17.9831029484676,0.114317938685417
"36934",121.560842155352,-17.9831029484676,0.112311571836472
"36935",121.643158518452,-17.9831029484676,0.111572250723839
"36936",121.725474881551,-17.9831029484676,0.11267413944006
"36937",121.80779124465,-17.9831029484676,0.114767014980316
"36938",121.89010760775,-17.9831029484676,0.117364503443241
"36939",121.972423970849,-17.9831029484676,0.117842838168144
"36940",122.054740333948,-17.9831029484676,0.116101011633873
"36941",122.137056697047,-17.9831029484676,0.117459483444691
"36942",122.219373060147,-17.9831029484676,0.119254976511002
"36943",122.301689423246,-17.9831029484676,0.116538755595684
"36944",122.384005786345,-17.9831029484676,0.112316280603409
"37171",117.609656726587,-18.0654193115669,0.0889488756656647
"37172",117.691973089686,-18.0654193115669,0.0881295874714851
"37173",117.774289452785,-18.0654193115669,0.0870786681771278
"37174",117.856605815885,-18.0654193115669,0.0856047123670578
"37175",117.938922178984,-18.0654193115669,0.0841895490884781
"37176",118.021238542083,-18.0654193115669,0.0829233378171921
"37177",118.103554905182,-18.0654193115669,0.0817582607269287
"37178",118.185871268282,-18.0654193115669,0.080674909055233
"37179",118.268187631381,-18.0654193115669,0.0797577127814293
"37180",118.35050399448,-18.0654193115669,0.0790124461054802
"37181",118.43282035758,-18.0654193115669,0.0784011632204056
"37182",118.515136720679,-18.0654193115669,0.077955536544323
"37183",118.597453083778,-18.0654193115669,0.0776974633336067
"37184",118.679769446877,-18.0654193115669,0.0776135995984077
"37185",118.762085809977,-18.0654193115669,0.077754020690918
"37186",118.844402173076,-18.0654193115669,0.0780453756451607
"37187",118.926718536175,-18.0654193115669,0.0786201134324074
"37188",119.009034899275,-18.0654193115669,0.0794703140854836
"37189",119.091351262374,-18.0654193115669,0.0805232301354408
"37190",119.173667625473,-18.0654193115669,0.0818978846073151
"37191",119.255983988572,-18.0654193115669,0.0835368782281876
"37192",119.338300351672,-18.0654193115669,0.0854402557015419
"37193",119.420616714771,-18.0654193115669,0.0876229926943779
"37194",119.50293307787,-18.0654193115669,0.0900752022862434
"37195",119.58524944097,-18.0654193115669,0.0927441194653511
"37196",119.667565804069,-18.0654193115669,0.0957032889127731
"37197",119.749882167168,-18.0654193115669,0.0988191515207291
"37198",119.832198530267,-18.0654193115669,0.102066904306412
"37199",119.914514893367,-18.0654193115669,0.105383232235909
"37200",119.996831256466,-18.0654193115669,0.108692824840546
"37201",120.079147619565,-18.0654193115669,0.111888468265533
"37202",120.161463982665,-18.0654193115669,0.114954240620136
"37203",120.243780345764,-18.0654193115669,0.117842003703117
"37204",120.326096708863,-18.0654193115669,0.120326034724712
"37205",120.408413071962,-18.0654193115669,0.122459068894386
"37206",120.490729435062,-18.0654193115669,0.124282620847225
"37207",120.573045798161,-18.0654193115669,0.12560823559761
"37208",120.65536216126,-18.0654193115669,0.126504316926003
"37209",120.73767852436,-18.0654193115669,0.126963123679161
"37210",120.819994887459,-18.0654193115669,0.126887008547783
"37211",120.902311250558,-18.0654193115669,0.12631319463253
"37212",120.984627613657,-18.0654193115669,0.125224933028221
"37213",121.066943976757,-18.0654193115669,0.123653531074524
"37214",121.149260339856,-18.0654193115669,0.121647857129574
"37215",121.231576702955,-18.0654193115669,0.119230858981609
"37216",121.313893066055,-18.0654193115669,0.116536170244217
"37217",121.396209429154,-18.0654193115669,0.113778285682201
"37218",121.478525792253,-18.0654193115669,0.111321404576302
"37219",121.560842155352,-18.0654193115669,0.10940233618021
"37220",121.643158518452,-18.0654193115669,0.108658723533154
"37221",121.725474881551,-18.0654193115669,0.109441705048084
"37222",121.80779124465,-18.0654193115669,0.111449636518955
"37223",121.89010760775,-18.0654193115669,0.113910481333733
"37224",121.972423970849,-18.0654193115669,0.112486243247986
"37225",122.054740333948,-18.0654193115669,0.114489480853081
"37226",122.137056697047,-18.0654193115669,0.119680136442184
"37227",122.219373060147,-18.0654193115669,0.122587464749813
"37228",122.301689423246,-18.0654193115669,0.120409429073334
"37229",122.384005786345,-18.0654193115669,0.115557946264744
"37455",117.527340363487,-18.1477356746662,0.0853449404239655
"37456",117.609656726587,-18.1477356746662,0.0842904299497604
"37457",117.691973089686,-18.1477356746662,0.0826913341879845
"37458",117.774289452785,-18.1477356746662,0.0810924023389816
"37459",117.856605815885,-18.1477356746662,0.0795724540948868
"37460",117.938922178984,-18.1477356746662,0.0781412497162819
"37461",118.021238542083,-18.1477356746662,0.0768468007445335
"37462",118.103554905182,-18.1477356746662,0.0756736323237419
"37463",118.185871268282,-18.1477356746662,0.0746135339140892
"37464",118.268187631381,-18.1477356746662,0.0736540034413338
"37465",118.35050399448,-18.1477356746662,0.0728984847664833
"37466",118.43282035758,-18.1477356746662,0.0723063498735428
"37467",118.515136720679,-18.1477356746662,0.071844071149826
"37468",118.597453083778,-18.1477356746662,0.0715764462947845
"37469",118.679769446877,-18.1477356746662,0.0715049281716347
"37470",118.762085809977,-18.1477356746662,0.071641780436039
"37471",118.844402173076,-18.1477356746662,0.0719635859131813
"37472",118.926718536175,-18.1477356746662,0.0724863559007645
"37473",119.009034899275,-18.1477356746662,0.0733364000916481
"37474",119.091351262374,-18.1477356746662,0.0745090767741203
"37475",119.173667625473,-18.1477356746662,0.0759681388735771
"37476",119.255983988572,-18.1477356746662,0.0777075663208961
"37477",119.338300351672,-18.1477356746662,0.0797494277358055
"37478",119.420616714771,-18.1477356746662,0.0820831879973412
"37479",119.50293307787,-18.1477356746662,0.0847592502832413
"37480",119.58524944097,-18.1477356746662,0.0876656770706177
"37481",119.667565804069,-18.1477356746662,0.0908943489193916
"37482",119.749882167168,-18.1477356746662,0.0943127647042274
"37483",119.832198530267,-18.1477356746662,0.0979234203696251
"37484",119.914514893367,-18.1477356746662,0.101570680737495
"37485",119.996831256466,-18.1477356746662,0.105228565633297
"37486",120.079147619565,-18.1477356746662,0.108742535114288
"37487",120.161463982665,-18.1477356746662,0.112106032669544
"37488",120.243780345764,-18.1477356746662,0.115259073674679
"37489",120.326096708863,-18.1477356746662,0.118031069636345
"37490",120.408413071962,-18.1477356746662,0.120388887822628
"37491",120.490729435062,-18.1477356746662,0.122296720743179
"37492",120.573045798161,-18.1477356746662,0.123796977102757
"37493",120.65536216126,-18.1477356746662,0.124727129936218
"37494",120.73767852436,-18.1477356746662,0.125180691480637
"37495",120.819994887459,-18.1477356746662,0.125057578086853
"37496",120.902311250558,-18.1477356746662,0.124376639723778
"37497",120.984627613657,-18.1477356746662,0.123141266405582
"37498",121.066943976757,-18.1477356746662,0.121500372886658
"37499",121.149260339856,-18.1477356746662,0.119409330189228
"37500",121.231576702955,-18.1477356746662,0.116963610053062
"37501",121.313893066055,-18.1477356746662,0.114315249025822
"37502",121.396209429154,-18.1477356746662,0.111890010535717
"37503",121.478525792253,-18.1477356746662,0.109544798731804
"37504",121.560842155352,-18.1477356746662,0.107965856790543
"37505",121.643158518452,-18.1477356746662,0.107386767864227
"37506",121.725474881551,-18.1477356746662,0.108043022453785
"37507",121.80779124465,-18.1477356746662,0.109657533466816
"37508",121.89010760775,-18.1477356746662,0.111355930566788
"37509",121.972423970849,-18.1477356746662,0.112439945340157
"37510",122.054740333948,-18.1477356746662,0.115273326635361
"37511",122.137056697047,-18.1477356746662,0.119574621319771
"37512",122.219373060147,-18.1477356746662,0.121900871396065
"37513",122.301689423246,-18.1477356746662,0.120550684630871
"37514",122.384005786345,-18.1477356746662,0.11661184579134
"37739",117.445024000388,-18.2300520377654,0.082062728703022
"37740",117.527340363487,-18.2300520377654,0.0805793404579163
"37741",117.609656726587,-18.2300520377654,0.0788239538669586
"37742",117.691973089686,-18.2300520377654,0.0770747438073158
"37743",117.774289452785,-18.2300520377654,0.0754360035061836
"37744",117.856605815885,-18.2300520377654,0.0738425701856613
"37745",117.938922178984,-18.2300520377654,0.0724519789218903
"37746",118.021238542083,-18.2300520377654,0.0711167454719543
"37747",118.103554905182,-18.2300520377654,0.0699136629700661
"37748",118.185871268282,-18.2300520377654,0.0688119754195213
"37749",118.268187631381,-18.2300520377654,0.0678869113326073
"37750",118.35050399448,-18.2300520377654,0.0671485811471939
"37751",118.43282035758,-18.2300520377654,0.0665687173604965
"37752",118.515136720679,-18.2300520377654,0.0661183744668961
"37753",118.597453083778,-18.2300520377654,0.0658287554979324
"37754",118.679769446877,-18.2300520377654,0.065727524459362
"37755",118.762085809977,-18.2300520377654,0.0658664628863335
"37756",118.844402173076,-18.2300520377654,0.0662341266870499
"37757",118.926718536175,-18.2300520377654,0.0668026953935623
"37758",119.009034899275,-18.2300520377654,0.0677062273025513
"37759",119.091351262374,-18.2300520377654,0.0688911825418472
"37760",119.173667625473,-18.2300520377654,0.0703652277588844
"37761",119.255983988572,-18.2300520377654,0.0721781253814697
"37762",119.338300351672,-18.2300520377654,0.0743284001946449
"37763",119.420616714771,-18.2300520377654,0.0768430456519127
"37764",119.50293307787,-18.2300520377654,0.0797111168503761
"37765",119.58524944097,-18.2300520377654,0.0828869566321373
"37766",119.667565804069,-18.2300520377654,0.0863714292645454
"37767",119.749882167168,-18.2300520377654,0.0900854542851448
"37768",119.832198530267,-18.2300520377654,0.0939887911081314
"37769",119.914514893367,-18.2300520377654,0.0980430990457535
"37770",119.996831256466,-18.2300520377654,0.102113030850887
"37771",120.079147619565,-18.2300520377654,0.106005936861038
"37772",120.161463982665,-18.2300520377654,0.109684005379677
"37773",120.243780345764,-18.2300520377654,0.113108687102795
"37774",120.326096708863,-18.2300520377654,0.116164728999138
"37775",120.408413071962,-18.2300520377654,0.118742950260639
"37776",120.490729435062,-18.2300520377654,0.120840214192867
"37777",120.573045798161,-18.2300520377654,0.12241505086422
"37778",120.65536216126,-18.2300520377654,0.123361751437187
"37779",120.73767852436,-18.2300520377654,0.123778991401196
"37780",120.819994887459,-18.2300520377654,0.123624913394451
"37781",120.902311250558,-18.2300520377654,0.122902646660805
"37782",120.984627613657,-18.2300520377654,0.121573284268379
"37783",121.066943976757,-18.2300520377654,0.119903519749641
"37784",121.149260339856,-18.2300520377654,0.117790058255196
"37785",121.231576702955,-18.2300520377654,0.115472719073296
"37786",121.313893066055,-18.2300520377654,0.112975709140301
"37787",121.396209429154,-18.2300520377654,0.110667049884796
"37788",121.478525792253,-18.2300520377654,0.108683682978153
"37789",121.560842155352,-18.2300520377654,0.107321053743362
"37790",121.643158518452,-18.2300520377654,0.106814667582512
"37791",121.725474881551,-18.2300520377654,0.107311360538006
"37792",121.80779124465,-18.2300520377654,0.108569525182247
"37793",121.89010760775,-18.2300520377654,0.110250279307365
"37794",121.972423970849,-18.2300520377654,0.112198650836945
"37795",122.054740333948,-18.2300520377654,0.114849172532558
"37796",122.137056697047,-18.2300520377654,0.117821224033833
"37797",122.219373060147,-18.2300520377654,0.119356587529182
"37798",122.301689423246,-18.2300520377654,0.118700534105301
"38016",116.786493095594,-18.3123684008647,0.0947098806500435
"38017",116.868809458693,-18.3123684008647,0.0923765823245049
"38018",116.951125821792,-18.3123684008647,0.0897321999073029
"38019",117.033442184892,-18.3123684008647,0.0868626087903976
"38020",117.115758547991,-18.3123684008647,0.0841148719191551
"38021",117.19807491109,-18.3123684008647,0.0813540071249008
"38024",117.445024000388,-18.3123684008647,0.0772147998213768
"38025",117.527340363487,-18.3123684008647,0.0753558129072189
"38026",117.609656726587,-18.3123684008647,0.0735406503081322
"38027",117.691973089686,-18.3123684008647,0.0717646479606628
"38028",117.774289452785,-18.3123684008647,0.0701217725872993
"38029",117.856605815885,-18.3123684008647,0.0685295015573502
"38030",117.938922178984,-18.3123684008647,0.0671442151069641
"38031",118.021238542083,-18.3123684008647,0.0658021047711372
"38032",118.103554905182,-18.3123684008647,0.0645796805620193
"38033",118.185871268282,-18.3123684008647,0.0635104477405548
"38034",118.268187631381,-18.3123684008647,0.0625600814819336
"38035",118.35050399448,-18.3123684008647,0.0618125610053539
"38036",118.43282035758,-18.3123684008647,0.0611891560256481
"38037",118.515136720679,-18.3123684008647,0.0607186816632748
"38038",118.597453083778,-18.3123684008647,0.0604765899479389
"38039",118.679769446877,-18.3123684008647,0.0603810288012028
"38040",118.762085809977,-18.3123684008647,0.0604913756251335
"38041",118.844402173076,-18.3123684008647,0.060832966119051
"38042",118.926718536175,-18.3123684008647,0.0614547319710255
"38043",119.009034899275,-18.3123684008647,0.0623493529856205
"38044",119.091351262374,-18.3123684008647,0.0635717511177063
"38045",119.173667625473,-18.3123684008647,0.0651165097951889
"38046",119.255983988572,-18.3123684008647,0.0670175552368164
"38047",119.338300351672,-18.3123684008647,0.069264754652977
"38048",119.420616714771,-18.3123684008647,0.0719152539968491
"38049",119.50293307787,-18.3123684008647,0.074944794178009
"38050",119.58524944097,-18.3123684008647,0.0783536657691002
"38051",119.667565804069,-18.3123684008647,0.0821169912815094
"38052",119.749882167168,-18.3123684008647,0.0862034410238266
"38053",119.832198530267,-18.3123684008647,0.0905030816793442
"38054",119.914514893367,-18.3123684008647,0.0949376076459885
"38055",119.996831256466,-18.3123684008647,0.0993797108530998
"38056",120.079147619565,-18.3123684008647,0.103656686842442
"38057",120.161463982665,-18.3123684008647,0.107719168066978
"38058",120.243780345764,-18.3123684008647,0.111471824347973
"38059",120.326096708863,-18.3123684008647,0.114765092730522
"38060",120.408413071962,-18.3123684008647,0.117551766335964
"38061",120.490729435062,-18.3123684008647,0.119777843356133
"38062",120.573045798161,-18.3123684008647,0.121457286179066
"38063",120.65536216126,-18.3123684008647,0.122469216585159
"38064",120.73767852436,-18.3123684008647,0.122840635478497
"38065",120.819994887459,-18.3123684008647,0.122640669345856
"38066",120.902311250558,-18.3123684008647,0.121890112757683
"38067",120.984627613657,-18.3123684008647,0.120548479259014
"38068",121.066943976757,-18.3123684008647,0.118817292153835
"38069",121.149260339856,-18.3123684008647,0.116763070225716
"38070",121.231576702955,-18.3123684008647,0.114460185170174
"38071",121.313893066055,-18.3123684008647,0.112179860472679
"38072",121.396209429154,-18.3123684008647,0.109998889267445
"38073",121.478525792253,-18.3123684008647,0.108166925609112
"38074",121.560842155352,-18.3123684008647,0.106918357312679
"38075",121.643158518452,-18.3123684008647,0.10641435533762
"38076",121.725474881551,-18.3123684008647,0.106727577745914
"38077",121.80779124465,-18.3123684008647,0.107722692191601
"38078",121.89010760775,-18.3123684008647,0.109211795032024
"38079",121.972423970849,-18.3123684008647,0.111081592738628
"38080",122.054740333948,-18.3123684008647,0.113289564847946
"38081",122.137056697047,-18.3123684008647,0.115376368165016
"38082",122.219373060147,-18.3123684008647,0.116115421056747
"38298",116.539544006296,-18.394684763964,0.0956383571028709
"38299",116.621860369395,-18.394684763964,0.0947144404053688
"38300",116.704176732495,-18.394684763964,0.0923141986131668
"38301",116.786493095594,-18.394684763964,0.089922122657299
"38302",116.868809458693,-18.394684763964,0.0876070633530617
"38303",116.951125821792,-18.394684763964,0.0852968171238899
"38304",117.033442184892,-18.394684763964,0.0830074697732925
"38305",117.115758547991,-18.394684763964,0.080790713429451
"38306",117.19807491109,-18.394684763964,0.0786699131131172
"38307",117.28039127419,-18.394684763964,0.0765586569905281
"38308",117.362707637289,-18.394684763964,0.0744764357805252
"38309",117.445024000388,-18.394684763964,0.0723714530467987
"38310",117.527340363487,-18.394684763964,0.0704705864191055
"38311",117.609656726587,-18.394684763964,0.0686292946338654
"38312",117.691973089686,-18.394684763964,0.0668064132332802
"38313",117.774289452785,-18.394684763964,0.0652217790484428
"38314",117.856605815885,-18.394684763964,0.0635832101106644
"38315",117.938922178984,-18.394684763964,0.0621263198554516
"38316",118.021238542083,-18.394684763964,0.0607967041432858
"38317",118.103554905182,-18.394684763964,0.0595911256968975
"38318",118.185871268282,-18.394684763964,0.0585289224982262
"38319",118.268187631381,-18.394684763964,0.0575779676437378
"38320",118.35050399448,-18.394684763964,0.0568240433931351
"38321",118.43282035758,-18.394684763964,0.0562001876533031
"38322",118.515136720679,-18.394684763964,0.0557715930044651
"38323",118.597453083778,-18.394684763964,0.0555125810205936
"38324",118.679769446877,-18.394684763964,0.0554568283259869
"38325",118.762085809977,-18.394684763964,0.0555824562907219
"38326",118.844402173076,-18.394684763964,0.0559253133833408
"38327",118.926718536175,-18.394684763964,0.0565037466585636
"38328",119.009034899275,-18.394684763964,0.0574384145438671
"38329",119.091351262374,-18.394684763964,0.0586683079600334
"38330",119.173667625473,-18.394684763964,0.060214277356863
"38331",119.255983988572,-18.394684763964,0.0621635243296623
"38332",119.338300351672,-18.394684763964,0.0645187869668007
"38333",119.420616714771,-18.394684763964,0.0672758370637894
"38334",119.50293307787,-18.394684763964,0.0705000460147858
"38335",119.58524944097,-18.394684763964,0.0741943493485451
"38336",119.667565804069,-18.394684763964,0.0782452821731567
"38337",119.749882167168,-18.394684763964,0.0827042981982231
"38338",119.832198530267,-18.394684763964,0.0874147340655327
"38339",119.914514893367,-18.394684763964,0.0922106057405472
"38340",119.996831256466,-18.394684763964,0.0970727726817131
"38341",120.079147619565,-18.394684763964,0.101794563233852
"38342",120.161463982665,-18.394684763964,0.106257043778896
"38343",120.243780345764,-18.394684763964,0.110335975885391
"38344",120.326096708863,-18.394684763964,0.113899193704128
"38345",120.408413071962,-18.394684763964,0.116891048848629
"38346",120.490729435062,-18.394684763964,0.119266211986542
"38347",120.573045798161,-18.394684763964,0.120966836810112
"38348",120.65536216126,-18.394684763964,0.12197433412075
"38349",120.73767852436,-18.394684763964,0.122343957424164
"38350",120.819994887459,-18.394684763964,0.122081466019154
"38351",120.902311250558,-18.394684763964,0.121259592473507
"38352",120.984627613657,-18.394684763964,0.11992696672678
"38353",121.066943976757,-18.394684763964,0.118161968886852
"38354",121.149260339856,-18.394684763964,0.11605966091156
"38355",121.231576702955,-18.394684763964,0.113807708024979
"38356",121.313893066055,-18.394684763964,0.111605197191238
"38357",121.396209429154,-18.394684763964,0.109533607959747
"38358",121.478525792253,-18.394684763964,0.107783988118172
"38359",121.560842155352,-18.394684763964,0.106519028544426
"38360",121.643158518452,-18.394684763964,0.105936259031296
"38361",121.725474881551,-18.394684763964,0.106039717793465
"38362",121.80779124465,-18.394684763964,0.106719620525837
"38363",121.89010760775,-18.394684763964,0.10783264040947
"38364",121.972423970849,-18.394684763964,0.109383694827557
"38365",122.054740333948,-18.394684763964,0.110840044915676
"38579",116.210278553899,-18.4770011270633,0.100962676107883
"38580",116.292594916998,-18.4770011270633,0.0997407361865044
"38581",116.374911280097,-18.4770011270633,0.0967852175235748
"38582",116.457227643197,-18.4770011270633,0.094246469438076
"38583",116.539544006296,-18.4770011270633,0.0926699712872505
"38584",116.621860369395,-18.4770011270633,0.0902528837323189
"38585",116.704176732495,-18.4770011270633,0.0878737941384315
"38586",116.786493095594,-18.4770011270633,0.0854959860444069
"38587",116.868809458693,-18.4770011270633,0.0831295773386955
"38588",116.951125821792,-18.4770011270633,0.080818735063076
"38589",117.033442184892,-18.4770011270633,0.0785145610570908
"38590",117.115758547991,-18.4770011270633,0.0763011798262596
"38591",117.19807491109,-18.4770011270633,0.0741436555981636
"38592",117.28039127419,-18.4770011270633,0.072003960609436
"38593",117.362707637289,-18.4770011270633,0.069895826280117
"38594",117.445024000388,-18.4770011270633,0.0678779557347298
"38595",117.527340363487,-18.4770011270633,0.0659006014466286
"38596",117.609656726587,-18.4770011270633,0.0640289932489395
"38597",117.691973089686,-18.4770011270633,0.0622484721243382
"38598",117.774289452785,-18.4770011270633,0.0605897568166256
"38599",117.856605815885,-18.4770011270633,0.0589840896427631
"38600",117.938922178984,-18.4770011270633,0.0575309880077839
"38601",118.021238542083,-18.4770011270633,0.0561834797263145
"38602",118.103554905182,-18.4770011270633,0.0549662597477436
"38603",118.185871268282,-18.4770011270633,0.0539121367037296
"38604",118.268187631381,-18.4770011270633,0.0529836602509022
"38605",118.35050399448,-18.4770011270633,0.0522084385156631
"38606",118.43282035758,-18.4770011270633,0.0516190007328987
"38607",118.515136720679,-18.4770011270633,0.0512501783668995
"38608",118.597453083778,-18.4770011270633,0.050944622606039
"38609",118.679769446877,-18.4770011270633,0.050949715077877
"38610",118.762085809977,-18.4770011270633,0.0510412752628326
"38611",118.844402173076,-18.4770011270633,0.0514038130640984
"38612",118.926718536175,-18.4770011270633,0.0520336553454399
"38613",119.009034899275,-18.4770011270633,0.0529777742922306
"38614",119.091351262374,-18.4770011270633,0.0541369356215
"38615",119.173667625473,-18.4770011270633,0.0557011887431145
"38616",119.255983988572,-18.4770011270633,0.0576868243515491
"38617",119.338300351672,-18.4770011270633,0.0601409487426281
"38618",119.420616714771,-18.4770011270633,0.0629749596118927
"38619",119.50293307787,-18.4770011270633,0.0663696080446243
"38620",119.58524944097,-18.4770011270633,0.0702609568834305
"38621",119.667565804069,-18.4770011270633,0.0746650844812393
"38622",119.749882167168,-18.4770011270633,0.0794660225510597
"38623",119.832198530267,-18.4770011270633,0.0846123918890953
"38624",119.914514893367,-18.4770011270633,0.0899069607257843
"38625",119.996831256466,-18.4770011270633,0.0952316001057625
"38626",120.079147619565,-18.4770011270633,0.100407510995865
"38627",120.161463982665,-18.4770011270633,0.105300724506378
"38628",120.243780345764,-18.4770011270633,0.109765574336052
"38629",120.326096708863,-18.4770011270633,0.113593332469463
"38630",120.408413071962,-18.4770011270633,0.116755627095699
"38631",120.490729435062,-18.4770011270633,0.119201771914959
"38632",120.573045798161,-18.4770011270633,0.120948940515518
"38633",120.65536216126,-18.4770011270633,0.121984496712685
"38634",120.73767852436,-18.4770011270633,0.122281454503536
"38635",120.819994887459,-18.4770011270633,0.1219137981534
"38636",120.902311250558,-18.4770011270633,0.120948649942875
"38637",120.984627613657,-18.4770011270633,0.119502313435078
"38638",121.066943976757,-18.4770011270633,0.117647834122181
"38639",121.149260339856,-18.4770011270633,0.115499190986156
"38640",121.231576702955,-18.4770011270633,0.113285481929779
"38641",121.313893066055,-18.4770011270633,0.111059404909611
"38642",121.396209429154,-18.4770011270633,0.108985528349876
"38643",121.478525792253,-18.4770011270633,0.107230015099049
"38644",121.560842155352,-18.4770011270633,0.105903513729572
"38645",121.643158518452,-18.4770011270633,0.10513673722744
"38646",121.725474881551,-18.4770011270633,0.104922652244568
"38647",121.80779124465,-18.4770011270633,0.105193942785263
"38648",121.89010760775,-18.4770011270633,0.105805493891239
"38649",121.972423970849,-18.4770011270633,0.106394849717617
"38863",116.1279621908,-18.5593174901626,0.0998362600803375
"38864",116.210278553899,-18.5593174901626,0.0983176678419113
"38865",116.292594916998,-18.5593174901626,0.0958582684397697
"38866",116.374911280097,-18.5593174901626,0.093428947031498
"38867",116.457227643197,-18.5593174901626,0.0909636169672012
"38868",116.539544006296,-18.5593174901626,0.0885064229369164
"38869",116.621860369395,-18.5593174901626,0.0860774666070938
"38870",116.704176732495,-18.5593174901626,0.0836920440196991
"38871",116.786493095594,-18.5593174901626,0.0813054144382477
"38872",116.868809458693,-18.5593174901626,0.0789481326937675
"38873",116.951125821792,-18.5593174901626,0.0766586065292358
"38874",117.033442184892,-18.5593174901626,0.0743882283568382
"38875",117.115758547991,-18.5593174901626,0.0721664652228355
"38876",117.19807491109,-18.5593174901626,0.0699742138385773
"38877",117.28039127419,-18.5593174901626,0.0678140372037888
"38878",117.362707637289,-18.5593174901626,0.0656916350126266
"38879",117.445024000388,-18.5593174901626,0.0636469498276711
"38880",117.527340363487,-18.5593174901626,0.0616510696709156
"38881",117.609656726587,-18.5593174901626,0.0597948729991913
"38882",117.691973089686,-18.5593174901626,0.0580021515488625
"38883",117.774289452785,-18.5593174901626,0.0563098043203354
"38884",117.856605815885,-18.5593174901626,0.0547341890633106
"38885",117.938922178984,-18.5593174901626,0.0532678440213203
"38886",118.021238542083,-18.5593174901626,0.051932156085968
"38887",118.103554905182,-18.5593174901626,0.0507106967270374
"38888",118.185871268282,-18.5593174901626,0.0496505461633205
"38889",118.268187631381,-18.5593174901626,0.0487526282668114
"38890",118.35050399448,-18.5593174901626,0.0480572693049908
"38891",118.43282035758,-18.5593174901626,0.047490980476141
"38892",118.515136720679,-18.5593174901626,0.0471250526607037
"38893",118.597453083778,-18.5593174901626,0.0468760021030903
"38894",118.679769446877,-18.5593174901626,0.0468927621841431
"38895",118.762085809977,-18.5593174901626,0.0470192469656467
"38896",118.844402173076,-18.5593174901626,0.0473618544638157
"38897",118.926718536175,-18.5593174901626,0.0479725226759911
"38898",119.009034899275,-18.5593174901626,0.0488371029496193
"38899",119.091351262374,-18.5593174901626,0.050073679536581
"38900",119.173667625473,-18.5593174901626,0.0516332536935806
"38901",119.255983988572,-18.5593174901626,0.0536138750612736
"38902",119.338300351672,-18.5593174901626,0.056095939129591
"38903",119.420616714771,-18.5593174901626,0.0590553693473339
"38904",119.50293307787,-18.5593174901626,0.0625520274043083
"38905",119.58524944097,-18.5593174901626,0.0666100606322289
"38906",119.667565804069,-18.5593174901626,0.0713377073407173
"38907",119.749882167168,-18.5593174901626,0.076571598649025
"38908",119.832198530267,-18.5593174901626,0.0822314471006393
"38909",119.914514893367,-18.5593174901626,0.0880419984459877
"38910",119.996831256466,-18.5593174901626,0.0938618332147598
"38911",120.079147619565,-18.5593174901626,0.0995680019259453
"38912",120.161463982665,-18.5593174901626,0.104924649000168
"38913",120.243780345764,-18.5593174901626,0.109719797968864
"38914",120.326096708863,-18.5593174901626,0.113784544169903
"38915",120.408413071962,-18.5593174901626,0.117084719240665
"38916",120.490729435062,-18.5593174901626,0.119653850793839
"38917",120.573045798161,-18.5593174901626,0.121381133794785
"38918",120.65536216126,-18.5593174901626,0.122337475419044
"38919",120.73767852436,-18.5593174901626,0.122476756572723
"38920",120.819994887459,-18.5593174901626,0.121951334178448
"38921",120.902311250558,-18.5593174901626,0.120826438069344
"38922",120.984627613657,-18.5593174901626,0.119212105870247
"38923",121.066943976757,-18.5593174901626,0.117224663496017
"38924",121.149260339856,-18.5593174901626,0.114978097379208
"38925",121.231576702955,-18.5593174901626,0.112638719379902
"38926",121.313893066055,-18.5593174901626,0.110333643853664
"38927",121.396209429154,-18.5593174901626,0.108173906803131
"38928",121.478525792253,-18.5593174901626,0.106300510466099
"38929",121.560842155352,-18.5593174901626,0.104834079742432
"38930",121.643158518452,-18.5593174901626,0.103789836168289
"38931",121.725474881551,-18.5593174901626,0.103198081254959
"38932",121.80779124465,-18.5593174901626,0.103001303970814
"38933",121.89010760775,-18.5593174901626,0.103518858551979
"39145",115.881013101502,-18.6416338532619,0.102524489164352
"39147",116.0456458277,-18.6416338532619,0.0989259332418442
"39148",116.1279621908,-18.6416338532619,0.096922442317009
"39149",116.210278553899,-18.6416338532619,0.0943762809038162
"39150",116.292594916998,-18.6416338532619,0.0919333323836327
"39151",116.374911280097,-18.6416338532619,0.0895046442747116
"39152",116.457227643197,-18.6416338532619,0.0870622396469116
"39153",116.539544006296,-18.6416338532619,0.0846343636512756
"39154",116.621860369395,-18.6416338532619,0.0822454318404198
"39155",116.704176732495,-18.6416338532619,0.079866461455822
"39156",116.786493095594,-18.6416338532619,0.0774959698319435
"39157",116.868809458693,-18.6416338532619,0.0751679688692093
"39158",116.951125821792,-18.6416338532619,0.0728747770190239
"39159",117.033442184892,-18.6416338532619,0.0706162601709366
"39160",117.115758547991,-18.6416338532619,0.0683455765247345
"39161",117.19807491109,-18.6416338532619,0.0661622434854507
"39162",117.28039127419,-18.6416338532619,0.0639937371015549
"39163",117.362707637289,-18.6416338532619,0.0618340633809566
"39164",117.445024000388,-18.6416338532619,0.0597752034664154
"39165",117.527340363487,-18.6416338532619,0.0577900074422359
"39166",117.609656726587,-18.6416338532619,0.0558820329606533
"39167",117.691973089686,-18.6416338532619,0.0540756471455097
"39168",117.774289452785,-18.6416338532619,0.0524002984166145
"39169",117.856605815885,-18.6416338532619,0.0508006252348423
"39170",117.938922178984,-18.6416338532619,0.049325056374073
"39171",118.021238542083,-18.6416338532619,0.0480278432369232
"39172",118.103554905182,-18.6416338532619,0.046846080571413
"39173",118.185871268282,-18.6416338532619,0.0457626283168793
"39174",118.268187631381,-18.6416338532619,0.0449434891343117
"39175",118.35050399448,-18.6416338532619,0.0443569235503674
"39176",118.43282035758,-18.6416338532619,0.0438088625669479
"39177",118.515136720679,-18.6416338532619,0.0434538386762142
"39178",118.597453083778,-18.6416338532619,0.0432760529220104
"39179",118.679769446877,-18.6416338532619,0.0432688891887665
"39180",118.762085809977,-18.6416338532619,0.0434488393366337
"39181",118.844402173076,-18.6416338532619,0.0438117533922195
"39182",118.926718536175,-18.6416338532619,0.0444535166025162
"39183",119.009034899275,-18.6416338532619,0.0453772731125355
"39184",119.091351262374,-18.6416338532619,0.0465662330389023
"39185",119.173667625473,-18.6416338532619,0.0480623282492161
"39186",119.255983988572,-18.6416338532619,0.0500489845871925
"39187",119.338300351672,-18.6416338532619,0.052518866956234
"39188",119.420616714771,-18.6416338532619,0.0555030070245266
"39189",119.50293307787,-18.6416338532619,0.0591459721326828
"39190",119.58524944097,-18.6416338532619,0.0634387657046318
"39191",119.667565804069,-18.6416338532619,0.0685260891914368
"39192",119.749882167168,-18.6416338532619,0.074146568775177
"39193",119.832198530267,-18.6416338532619,0.0802848413586617
"39194",119.914514893367,-18.6416338532619,0.0866440087556839
"39195",119.996831256466,-18.6416338532619,0.0930280908942223
"39196",120.079147619565,-18.6416338532619,0.0993146225810051
"39197",120.161463982665,-18.6416338532619,0.105106830596924
"39198",120.243780345764,-18.6416338532619,0.110298961400986
"39199",120.326096708863,-18.6416338532619,0.114534877240658
"39200",120.408413071962,-18.6416338532619,0.117978520691395
"39201",120.490729435062,-18.6416338532619,0.120609566569328
"39202",120.573045798161,-18.6416338532619,0.122235424816608
"39203",120.65536216126,-18.6416338532619,0.122933477163315
"39204",120.73767852436,-18.6416338532619,0.12286252528429
"39205",120.819994887459,-18.6416338532619,0.122097477316856
"39206",120.902311250558,-18.6416338532619,0.120728597044945
"39207",120.984627613657,-18.6416338532619,0.11887788772583
"39208",121.066943976757,-18.6416338532619,0.116755247116089
"39209",121.149260339856,-18.6416338532619,0.114275954663754
"39210",121.231576702955,-18.6416338532619,0.111758396029472
"39211",121.313893066055,-18.6416338532619,0.109287247061729
"39212",121.396209429154,-18.6416338532619,0.106927640736103
"39213",121.478525792253,-18.6416338532619,0.104847498238087
"39214",121.560842155352,-18.6416338532619,0.103121191263199
"39215",121.643158518452,-18.6416338532619,0.101801529526711
"39216",121.725474881551,-18.6416338532619,0.100795015692711
"39217",121.80779124465,-18.6416338532619,0.100115783512592
"39429",115.798696738402,-18.7239502163611,0.102072969079018
"39430",115.881013101502,-18.7239502163611,0.100618220865726
"39431",115.963329464601,-18.7239502163611,0.0981196612119675
"39432",116.0456458277,-18.7239502163611,0.0957674905657768
"39433",116.1279621908,-18.7239502163611,0.0932439193129539
"39434",116.210278553899,-18.7239502163611,0.0908173173666
"39435",116.292594916998,-18.7239502163611,0.0883320644497871
"39436",116.374911280097,-18.7239502163611,0.0858903154730797
"39437",116.457227643197,-18.7239502163611,0.0834893807768822
"39438",116.539544006296,-18.7239502163611,0.0810902491211891
"39439",116.621860369395,-18.7239502163611,0.0787074938416481
"39440",116.704176732495,-18.7239502163611,0.0763227045536041
"39441",116.786493095594,-18.7239502163611,0.0739778876304626
"39442",116.868809458693,-18.7239502163611,0.0716839209198952
"39443",116.951125821792,-18.7239502163611,0.0694173648953438
"39444",117.033442184892,-18.7239502163611,0.067138098180294
"39445",117.115758547991,-18.7239502163611,0.0648837089538574
"39446",117.19807491109,-18.7239502163611,0.062678337097168
"39447",117.28039127419,-18.7239502163611,0.0604774802923203
"39448",117.362707637289,-18.7239502163611,0.0583219081163406
"39449",117.445024000388,-18.7239502163611,0.0562668591737747
"39450",117.527340363487,-18.7239502163611,0.0542715154588223
"39451",117.609656726587,-18.7239502163611,0.0523676648736
"39452",117.691973089686,-18.7239502163611,0.050543487071991
"39453",117.774289452785,-18.7239502163611,0.048827763646841
"39454",117.856605815885,-18.7239502163611,0.0472312420606613
"39455",117.938922178984,-18.7239502163611,0.045758880674839
"39456",118.021238542083,-18.7239502163611,0.0444475449621677
"39457",118.103554905182,-18.7239502163611,0.0432747267186642
"39458",118.185871268282,-18.7239502163611,0.0422972030937672
"39459",118.268187631381,-18.7239502163611,0.0415465235710144
"39460",118.35050399448,-18.7239502163611,0.0409351401031017
"39461",118.43282035758,-18.7239502163611,0.040480624884367
"39462",118.515136720679,-18.7239502163611,0.0402009189128876
"39463",118.597453083778,-18.7239502163611,0.0401034280657768
"39464",118.679769446877,-18.7239502163611,0.0401870049536228
"39465",118.762085809977,-18.7239502163611,0.0404173210263252
"39466",118.844402173076,-18.7239502163611,0.0408622398972511
"39467",118.926718536175,-18.7239502163611,0.0415470935404301
"39468",119.009034899275,-18.7239502163611,0.0424230881035328
"39469",119.091351262374,-18.7239502163611,0.0435779318213463
"39470",119.173667625473,-18.7239502163611,0.0450803264975548
"39471",119.255983988572,-18.7239502163611,0.0470125004649162
"39472",119.338300351672,-18.7239502163611,0.0494424663484097
"39473",119.420616714771,-18.7239502163611,0.0524881184101105
"39474",119.50293307787,-18.7239502163611,0.056213092058897
"39475",119.58524944097,-18.7239502163611,0.060717049986124
"39476",119.667565804069,-18.7239502163611,0.0660164207220078
"39477",119.749882167168,-18.7239502163611,0.072147436439991
"39478",119.832198530267,-18.7239502163611,0.0787393450737
"39479",119.914514893367,-18.7239502163611,0.0857681483030319
"39480",119.996831256466,-18.7239502163611,0.0928257629275322
"39481",120.079147619565,-18.7239502163611,0.0996480360627174
"39482",120.161463982665,-18.7239502163611,0.105906635522842
"39483",120.243780345764,-18.7239502163611,0.111436545848846
"39484",120.326096708863,-18.7239502163611,0.115936420857906
"39485",120.408413071962,-18.7239502163611,0.119356520473957
"39486",120.490729435062,-18.7239502163611,0.121904157102108
"39487",120.573045798161,-18.7239502163611,0.123302333056927
"39488",120.65536216126,-18.7239502163611,0.123709261417389
"39489",120.73767852436,-18.7239502163611,0.12337888777256
"39490",120.819994887459,-18.7239502163611,0.12223245203495
"39491",120.902311250558,-18.7239502163611,0.12053444981575
"39492",120.984627613657,-18.7239502163611,0.118361070752144
"39493",121.066943976757,-18.7239502163611,0.115916825830936
"39494",121.149260339856,-18.7239502163611,0.11326115578413
"39495",121.231576702955,-18.7239502163611,0.110473118722439
"39496",121.313893066055,-18.7239502163611,0.107709340751171
"39497",121.396209429154,-18.7239502163611,0.105095528066158
"39498",121.478525792253,-18.7239502163611,0.102785304188728
"39499",121.560842155352,-18.7239502163611,0.100717976689339
"39500",121.643158518452,-18.7239502163611,0.0990388765931129
"39501",121.725474881551,-18.7239502163611,0.0976039916276932
"39502",121.80779124465,-18.7239502163611,0.0976181551814079
"39713",115.716380375303,-18.8062665794604,0.101328566670418
"39714",115.798696738402,-18.8062665794604,0.0995651856064796
"39715",115.881013101502,-18.8062665794604,0.0972050353884697
"39716",115.963329464601,-18.8062665794604,0.0947618409991264
"39717",116.0456458277,-18.8062665794604,0.0923833474516869
"39718",116.1279621908,-18.8062665794604,0.0898727029561996
"39719",116.210278553899,-18.8062665794604,0.0874147564172745
"39720",116.292594916998,-18.8062665794604,0.0849724784493446
"39721",116.374911280097,-18.8062665794604,0.0825733989477158
"39722",116.457227643197,-18.8062665794604,0.0801638811826706
"39723",116.539544006296,-18.8062665794604,0.0778020843863487
"39724",116.621860369395,-18.8062665794604,0.0754401907324791
"39725",116.704176732495,-18.8062665794604,0.0730877816677094
"39726",116.786493095594,-18.8062665794604,0.0707803443074226
"39727",116.868809458693,-18.8062665794604,0.0684694051742554
"39728",116.951125821792,-18.8062665794604,0.0662065073847771
"39729",117.033442184892,-18.8062665794604,0.0639657005667686
"39730",117.115758547991,-18.8062665794604,0.0617599748075008
"39731",117.19807491109,-18.8062665794604,0.0595417432487011
"39732",117.28039127419,-18.8062665794604,0.0573613792657852
"39733",117.362707637289,-18.8062665794604,0.0552363507449627
"39734",117.445024000388,-18.8062665794604,0.0531096644699574
"39735",117.527340363487,-18.8062665794604,0.0511220842599869
"39736",117.609656726587,-18.8062665794604,0.049173716455698
"39737",117.691973089686,-18.8062665794604,0.0473173670470715
"39738",117.774289452785,-18.8062665794604,0.045613631606102
"39739",117.856605815885,-18.8062665794604,0.0440101064741611
"39740",117.938922178984,-18.8062665794604,0.0425310172140598
"39741",118.021238542083,-18.8062665794604,0.0412052311003208
"39742",118.103554905182,-18.8062665794604,0.0401043817400932
"39743",118.185871268282,-18.8062665794604,0.0391411706805229
"39744",118.268187631381,-18.8062665794604,0.038409985601902
"39745",118.35050399448,-18.8062665794604,0.0378977730870247
"39746",118.43282035758,-18.8062665794604,0.0375727824866772
"39747",118.515136720679,-18.8062665794604,0.0373907722532749
"39748",118.597453083778,-18.8062665794604,0.0373705811798573
"39749",118.679769446877,-18.8062665794604,0.0375664308667183
"39750",118.762085809977,-18.8062665794604,0.0379215069115162
"39751",118.844402173076,-18.8062665794604,0.0384315922856331
"39752",118.926718536175,-18.8062665794604,0.0391395725309849
"39753",119.009034899275,-18.8062665794604,0.0400768257677555
"39754",119.091351262374,-18.8062665794604,0.041245523840189
"39755",119.173667625473,-18.8062665794604,0.0427107885479927
"39756",119.255983988572,-18.8062665794604,0.0445811338722706
"39757",119.338300351672,-18.8062665794604,0.046972431242466
"39758",119.420616714771,-18.8062665794604,0.0499582961201668
"39759",119.50293307787,-18.8062665794604,0.0537074878811836
"39760",119.58524944097,-18.8062665794604,0.058360930532217
"39761",119.667565804069,-18.8062665794604,0.0639708191156387
"39762",119.749882167168,-18.8062665794604,0.0704830661416054
"39763",119.832198530267,-18.8062665794604,0.0777532607316971
"39764",119.914514893367,-18.8062665794604,0.0854655504226685
"39765",119.996831256466,-18.8062665794604,0.0932489037513733
"39766",120.079147619565,-18.8062665794604,0.100702069699764
"39767",120.161463982665,-18.8062665794604,0.107439383864403
"39768",120.243780345764,-18.8062665794604,0.113201782107353
"39769",120.326096708863,-18.8062665794604,0.117801070213318
"39770",120.408413071962,-18.8062665794604,0.121169723570347
"39771",120.490729435062,-18.8062665794604,0.123365350067616
"39772",120.573045798161,-18.8062665794604,0.124536447227001
"39773",120.65536216126,-18.8062665794604,0.124561309814453
"39774",120.73767852436,-18.8062665794604,0.123759582638741
"39775",120.819994887459,-18.8062665794604,0.122137263417244
"39776",120.902311250558,-18.8062665794604,0.120055235922337
"39777",120.984627613657,-18.8062665794604,0.117483720183372
"39778",121.066943976757,-18.8062665794604,0.11463825404644
"39779",121.149260339856,-18.8062665794604,0.111682966351509
"39780",121.231576702955,-18.8062665794604,0.10854434221983
"39781",121.313893066055,-18.8062665794604,0.105497024953365
"39782",121.396209429154,-18.8062665794604,0.102652914822102
"39783",121.478525792253,-18.8062665794604,0.0999941825866699
"39784",121.560842155352,-18.8062665794604,0.0976063534617424
"39785",121.643158518452,-18.8062665794604,0.0954766422510147
"39786",121.725474881551,-18.8062665794604,0.0952689275145531
"39997",115.634064012204,-18.8885829425597,0.100833490490913
"39998",115.716380375303,-18.8885829425597,0.0987456738948822
"39999",115.798696738402,-18.8885829425597,0.0964087396860123
"40000",115.881013101502,-18.8885829425597,0.0940344408154488
"40001",115.963329464601,-18.8885829425597,0.0916296616196632
"40002",116.0456458277,-18.8885829425597,0.0892162099480629
"40003",116.1279621908,-18.8885829425597,0.0867597237229347
"40004",116.210278553899,-18.8885829425597,0.0843341946601868
"40005",116.292594916998,-18.8885829425597,0.0819259583950043
"40006",116.374911280097,-18.8885829425597,0.079547256231308
"40007",116.457227643197,-18.8885829425597,0.0771797522902489
"40008",116.539544006296,-18.8885829425597,0.0748148038983345
"40009",116.621860369395,-18.8885829425597,0.0725124105811119
"40010",116.704176732495,-18.8885829425597,0.0701910331845284
"40011",116.786493095594,-18.8885829425597,0.0678444355726242
"40012",116.868809458693,-18.8885829425597,0.0656041875481606
"40013",116.951125821792,-18.8885829425597,0.0633779838681221
"40014",117.033442184892,-18.8885829425597,0.0611847117543221
"40015",117.115758547991,-18.8885829425597,0.0589967630803585
"40016",117.19807491109,-18.8885829425597,0.056757714599371
"40017",117.28039127419,-18.8885829425597,0.0546039156615734
"40018",117.362707637289,-18.8885829425597,0.0524774268269539
"40019",117.445024000388,-18.8885829425597,0.0503024607896805
"40020",117.527340363487,-18.8885829425597,0.0482343547046185
"40021",117.609656726587,-18.8885829425597,0.0463263168931007
"40022",117.691973089686,-18.8885829425597,0.0444241799414158
"40023",117.774289452785,-18.8885829425597,0.0427313484251499
"40024",117.856605815885,-18.8885829425597,0.0410676412284374
"40025",117.938922178984,-18.8885829425597,0.0396083258092403
"40026",118.021238542083,-18.8885829425597,0.0383444018661976
"40027",118.103554905182,-18.8885829425597,0.0372054688632488
"40028",118.185871268282,-18.8885829425597,0.0363958850502968
"40029",118.268187631381,-18.8885829425597,0.0357082113623619
"40030",118.35050399448,-18.8885829425597,0.0352730490267277
"40031",118.43282035758,-18.8885829425597,0.0350419953465462
"40032",118.515136720679,-18.8885829425597,0.0349863581359386
"40033",118.597453083778,-18.8885829425597,0.0351044833660126
"40034",118.679769446877,-18.8885829425597,0.0354026332497597
"40035",118.762085809977,-18.8885829425597,0.0358684286475182
"40036",118.844402173076,-18.8885829425597,0.03652523458004
"40037",118.926718536175,-18.8885829425597,0.0373254679143429
"40038",119.009034899275,-18.8885829425597,0.0383079051971436
"40039",119.091351262374,-18.8885829425597,0.0395498983561993
"40040",119.173667625473,-18.8885829425597,0.0410343892872334
"40041",119.255983988572,-18.8885829425597,0.0428654551506042
"40042",119.338300351672,-18.8885829425597,0.0451461561024189
"40043",119.420616714771,-18.8885829425597,0.048050981014967
"40044",119.50293307787,-18.8885829425597,0.0517510883510113
"40045",119.58524944097,-18.8885829425597,0.0564378872513771
"40046",119.667565804069,-18.8885829425597,0.0623669512569904
"40047",119.749882167168,-18.8885829425597,0.0693944618105888
"40048",119.832198530267,-18.8885829425597,0.0773168802261353
"40049",119.914514893367,-18.8885829425597,0.0858343839645386
"40050",119.996831256466,-18.8885829425597,0.0944224819540977
"40051",120.079147619565,-18.8885829425597,0.102538265287876
"40052",120.161463982665,-18.8885829425597,0.109711647033691
"40053",120.243780345764,-18.8885829425597,0.115685768425465
"40054",120.326096708863,-18.8885829425597,0.120227992534637
"40055",120.408413071962,-18.8885829425597,0.123373091220856
"40056",120.490729435062,-18.8885829425597,0.125185549259186
"40057",120.573045798161,-18.8885829425597,0.125779926776886
"40058",120.65536216126,-18.8885829425597,0.125222370028496
"40059",120.73767852436,-18.8885829425597,0.123827539384365
"40060",120.819994887459,-18.8885829425597,0.121629118919373
"40061",120.902311250558,-18.8885829425597,0.119017414748669
"40062",120.984627613657,-18.8885829425597,0.115923121571541
"40063",121.066943976757,-18.8885829425597,0.112738065421581
"40064",121.149260339856,-18.8885829425597,0.109306126832962
"40065",121.231576702955,-18.8885829425597,0.105889961123466
"40066",121.313893066055,-18.8885829425597,0.10249163210392
"40067",121.396209429154,-18.8885829425597,0.0992374867200851
"40068",121.478525792253,-18.8885829425597,0.096290223300457
"40069",121.560842155352,-18.8885829425597,0.0935981273651123
"40070",121.643158518452,-18.8885829425597,0.0910295769572258
"40280",115.469431286005,-18.970899305659,0.101326607167721
"40281",115.551747649105,-18.970899305659,0.100210845470428
"40282",115.634064012204,-18.970899305659,0.0980226024985313
"40283",115.716380375303,-18.970899305659,0.0957747623324394
"40284",115.798696738402,-18.970899305659,0.0934705883264542
"40285",115.881013101502,-18.970899305659,0.0911206901073456
"40286",115.963329464601,-18.970899305659,0.0887613371014595
"40287",116.0456458277,-18.970899305659,0.0863480865955353
"40288",116.1279621908,-18.970899305659,0.0839094147086143
"40289",116.210278553899,-18.970899305659,0.081499956548214
"40290",116.292594916998,-18.970899305659,0.0791569724678993
"40291",116.374911280097,-18.970899305659,0.0768257454037666
"40292",116.457227643197,-18.970899305659,0.0744769498705864
"40293",116.539544006296,-18.970899305659,0.0721431970596313
"40294",116.621860369395,-18.970899305659,0.0698519945144653
"40295",116.704176732495,-18.970899305659,0.0675845295190811
"40296",116.786493095594,-18.970899305659,0.0653477534651756
"40297",116.868809458693,-18.970899305659,0.0631318092346191
"40298",116.951125821792,-18.970899305659,0.0609358474612236
"40299",117.033442184892,-18.970899305659,0.0587613768875599
"40300",117.115758547991,-18.970899305659,0.0566037930548191
"40301",117.19807491109,-18.970899305659,0.0543806366622448
"40302",117.28039127419,-18.970899305659,0.0522066690027714
"40303",117.362707637289,-18.970899305659,0.0500174015760422
"40304",117.445024000388,-18.970899305659,0.0478598549962044
"40305",117.527340363487,-18.970899305659,0.0457589365541935
"40306",117.609656726587,-18.970899305659,0.0437663570046425
"40307",117.691973089686,-18.970899305659,0.0418936312198639
"40308",117.774289452785,-18.970899305659,0.0401039645075798
"40309",117.856605815885,-18.970899305659,0.03848060593009
"40310",117.938922178984,-18.970899305659,0.0369691327214241
"40311",118.021238542083,-18.970899305659,0.035719521343708
"40312",118.103554905182,-18.970899305659,0.0346689000725746
"40313",118.185871268282,-18.970899305659,0.033847339451313
"40314",118.268187631381,-18.970899305659,0.033284917473793
"40315",118.35050399448,-18.970899305659,0.0329729057848454
"40316",118.43282035758,-18.970899305659,0.0328408069908619
"40317",118.515136720679,-18.970899305659,0.0329271964728832
"40318",118.597453083778,-18.970899305659,0.0332479439675808
"40319",118.679769446877,-18.970899305659,0.0337207093834877
"40320",118.762085809977,-18.970899305659,0.0344086885452271
"40321",118.844402173076,-18.970899305659,0.0352416262030602
"40322",118.926718536175,-18.970899305659,0.0362043268978596
"40323",119.009034899275,-18.970899305659,0.0373698174953461
"40324",119.091351262374,-18.970899305659,0.0386918596923351
"40325",119.173667625473,-18.970899305659,0.0401698648929596
"40326",119.255983988572,-18.970899305659,0.0419595986604691
"40327",119.338300351672,-18.970899305659,0.0441318415105343
"40328",119.420616714771,-18.970899305659,0.0469162054359913
"40329",119.50293307787,-18.970899305659,0.0505171604454517
"40330",119.58524944097,-18.970899305659,0.0551639683544636
"40331",119.667565804069,-18.970899305659,0.0612763129174709
"40332",119.749882167168,-18.970899305659,0.0688115209341049
"40333",119.832198530267,-18.970899305659,0.0775366798043251
"40334",119.914514893367,-18.970899305659,0.0870198011398315
"40335",119.996831256466,-18.970899305659,0.0965265482664108
"40336",120.079147619565,-18.970899305659,0.105320923030376
"40337",120.161463982665,-18.970899305659,0.112896591424942
"40338",120.243780345764,-18.970899305659,0.118917390704155
"40339",120.326096708863,-18.970899305659,0.123231843113899
"40340",120.408413071962,-18.970899305659,0.125918567180634
"40341",120.490729435062,-18.970899305659,0.127029940485954
"40342",120.573045798161,-18.970899305659,0.126830622553825
"40343",120.65536216126,-18.970899305659,0.125568822026253
"40344",120.73767852436,-18.970899305659,0.12338525056839
"40345",120.819994887459,-18.970899305659,0.120553836226463
"40346",120.902311250558,-18.970899305659,0.117299057543278
"40347",120.984627613657,-18.970899305659,0.11366244405508
"40348",121.066943976757,-18.970899305659,0.10994516313076
"40349",121.149260339856,-18.970899305659,0.10616509616375
"40350",121.231576702955,-18.970899305659,0.102295272052288
"40351",121.313893066055,-18.970899305659,0.0985645204782486
"40352",121.396209429154,-18.970899305659,0.0950137227773666
"40353",121.478525792253,-18.970899305659,0.0916843190789223
"40354",121.560842155352,-18.970899305659,0.0889067426323891
"40565",115.469431286005,-19.0532156687583,0.0989633426070213
"40566",115.551747649105,-19.0532156687583,0.0974318310618401
"40567",115.634064012204,-19.0532156687583,0.0952701643109322
"40568",115.716380375303,-19.0532156687583,0.0930468812584877
"40569",115.798696738402,-19.0532156687583,0.0907964482903481
"40570",115.881013101502,-19.0532156687583,0.0884942337870598
"40571",115.963329464601,-19.0532156687583,0.0861565172672272
"40572",116.0456458277,-19.0532156687583,0.0837192386388779
"40573",116.1279621908,-19.0532156687583,0.0813508182764053
"40574",116.210278553899,-19.0532156687583,0.0790102183818817
"40575",116.292594916998,-19.0532156687583,0.0766256526112556
"40576",116.374911280097,-19.0532156687583,0.0743108615279198
"40577",116.457227643197,-19.0532156687583,0.0720160827040672
"40578",116.539544006296,-19.0532156687583,0.0697340220212936
"40579",116.621860369395,-19.0532156687583,0.0675111413002014
"40580",116.704176732495,-19.0532156687583,0.0653242692351341
"40581",116.786493095594,-19.0532156687583,0.0631265416741371
"40582",116.868809458693,-19.0532156687583,0.0610197484493256
"40583",116.951125821792,-19.0532156687583,0.0588424168527126
"40584",117.033442184892,-19.0532156687583,0.0566777177155018
"40585",117.115758547991,-19.0532156687583,0.0545468516647816
"40586",117.19807491109,-19.0532156687583,0.0523738190531731
"40587",117.28039127419,-19.0532156687583,0.0502060577273369
"40588",117.362707637289,-19.0532156687583,0.0480270348489285
"40589",117.445024000388,-19.0532156687583,0.0457519665360451
"40590",117.527340363487,-19.0532156687583,0.0436562560498714
"40591",117.609656726587,-19.0532156687583,0.0416133143007755
"40592",117.691973089686,-19.0532156687583,0.0396527610719204
"40593",117.774289452785,-19.0532156687583,0.0378230251371861
"40594",117.856605815885,-19.0532156687583,0.0361672453582287
"40595",117.938922178984,-19.0532156687583,0.0346517078578472
"40596",118.021238542083,-19.0532156687583,0.0333325453102589
"40597",118.103554905182,-19.0532156687583,0.0323353819549084
"40598",118.185871268282,-19.0532156687583,0.0315640941262245
"40599",118.268187631381,-19.0532156687583,0.0310431830585003
"40600",118.35050399448,-19.0532156687583,0.0308425556868315
"40601",118.43282035758,-19.0532156687583,0.0309193339198828
"40602",118.515136720679,-19.0532156687583,0.0312168449163437
"40603",118.597453083778,-19.0532156687583,0.0317348726093769
"40604",118.679769446877,-19.0532156687583,0.0324554704129696
"40605",118.762085809977,-19.0532156687583,0.0333669148385525
"40606",118.844402173076,-19.0532156687583,0.0344634763896465
"40607",118.926718536175,-19.0532156687583,0.0357076451182365
"40608",119.009034899275,-19.0532156687583,0.0370838083326817
"40609",119.091351262374,-19.0532156687583,0.0385438501834869
"40610",119.173667625473,-19.0532156687583,0.040149874985218
"40611",119.255983988572,-19.0532156687583,0.0419698096811771
"40612",119.338300351672,-19.0532156687583,0.0440836399793625
"40613",119.420616714771,-19.0532156687583,0.0466523617506027
"40614",119.50293307787,-19.0532156687583,0.05007154494524
"40615",119.58524944097,-19.0532156687583,0.0546348318457603
"40616",119.667565804069,-19.0532156687583,0.0609039999544621
"40617",119.749882167168,-19.0532156687583,0.0690166652202606
"40618",119.832198530267,-19.0532156687583,0.0786448493599892
"40619",119.914514893367,-19.0532156687583,0.089211143553257
"40620",119.996831256466,-19.0532156687583,0.0997321084141731
"40621",120.079147619565,-19.0532156687583,0.109175719320774
"40622",120.161463982665,-19.0532156687583,0.116975143551826
"40623",120.243780345764,-19.0532156687583,0.122813165187836
"40624",120.326096708863,-19.0532156687583,0.126556754112244
"40625",120.408413071962,-19.0532156687583,0.128412127494812
"40626",120.490729435062,-19.0532156687583,0.128638118505478
"40627",120.573045798161,-19.0532156687583,0.127499178051949
"40628",120.65536216126,-19.0532156687583,0.125289961695671
"40629",120.73767852436,-19.0532156687583,0.12220111489296
"40630",120.819994887459,-19.0532156687583,0.118620045483112
"40631",120.902311250558,-19.0532156687583,0.114665985107422
"40632",120.984627613657,-19.0532156687583,0.110452182590961
"40633",121.066943976757,-19.0532156687583,0.106137916445732
"40634",121.149260339856,-19.0532156687583,0.101870946586132
"40635",121.231576702955,-19.0532156687583,0.0976506620645523
"40636",121.313893066055,-19.0532156687583,0.0935585647821426
"40637",121.396209429154,-19.0532156687583,0.0896784737706184
"40638",121.478525792253,-19.0532156687583,0.0860400423407555
"40639",121.560842155352,-19.0532156687583,0.0825864225625992
"40850",115.469431286005,-19.1355320318576,0.09670739620924
"40851",115.551747649105,-19.1355320318576,0.0948706716299057
"40852",115.634064012204,-19.1355320318576,0.0927799716591835
"40853",115.716380375303,-19.1355320318576,0.0906128734350204
"40854",115.798696738402,-19.1355320318576,0.088374450802803
"40855",115.881013101502,-19.1355320318576,0.0861085057258606
"40856",115.963329464601,-19.1355320318576,0.0837982073426247
"40857",116.0456458277,-19.1355320318576,0.0814655423164368
"40858",116.1279621908,-19.1355320318576,0.0790669545531273
"40859",116.210278553899,-19.1355320318576,0.076728343963623
"40860",116.292594916998,-19.1355320318576,0.0743682160973549
"40861",116.374911280097,-19.1355320318576,0.0720830336213112
"40862",116.457227643197,-19.1355320318576,0.0698330923914909
"40863",116.539544006296,-19.1355320318576,0.0676347836852074
"40864",116.621860369395,-19.1355320318576,0.0654901415109634
"40865",116.704176732495,-19.1355320318576,0.0633556023240089
"40866",116.786493095594,-19.1355320318576,0.0612504482269287
"40867",116.868809458693,-19.1355320318576,0.0591981820762157
"40868",116.951125821792,-19.1355320318576,0.0571025907993317
"40869",117.033442184892,-19.1355320318576,0.0549821741878986
"40870",117.115758547991,-19.1355320318576,0.0528819598257542
"40871",117.19807491109,-19.1355320318576,0.0507585071027279
"40872",117.28039127419,-19.1355320318576,0.0485652908682823
"40873",117.362707637289,-19.1355320318576,0.0463431403040886
"40874",117.445024000388,-19.1355320318576,0.0441596284508705
"40875",117.527340363487,-19.1355320318576,0.0420236028730869
"40876",117.609656726587,-19.1355320318576,0.039856918156147
"40877",117.691973089686,-19.1355320318576,0.0377547703683376
"40878",117.774289452785,-19.1355320318576,0.0358655415475368
"40879",117.856605815885,-19.1355320318576,0.0340977534651756
"40880",117.938922178984,-19.1355320318576,0.0325619541108608
"40881",118.021238542083,-19.1355320318576,0.0312880575656891
"40882",118.103554905182,-19.1355320318576,0.0302768163383007
"40883",118.185871268282,-19.1355320318576,0.0295405890792608
"40884",118.268187631381,-19.1355320318576,0.0290794633328915
"40885",118.35050399448,-19.1355320318576,0.0289742108434439
"40886",118.43282035758,-19.1355320318576,0.0292874816805124
"40887",118.515136720679,-19.1355320318576,0.029767258092761
"40888",118.597453083778,-19.1355320318576,0.0305560883134604
"40889",118.679769446877,-19.1355320318576,0.0315130092203617
"40890",118.762085809977,-19.1355320318576,0.0327335335314274
"40891",118.844402173076,-19.1355320318576,0.0341819450259209
"40892",118.926718536175,-19.1355320318576,0.0357824824750423
"40893",119.009034899275,-19.1355320318576,0.0374115630984306
"40894",119.091351262374,-19.1355320318576,0.0391903109848499
"40895",119.173667625473,-19.1355320318576,0.0411042682826519
"40896",119.255983988572,-19.1355320318576,0.0430555045604706
"40897",119.338300351672,-19.1355320318576,0.0451580099761486
"40898",119.420616714771,-19.1355320318576,0.0476508624851704
"40899",119.50293307787,-19.1355320318576,0.0507799573242664
"40900",119.58524944097,-19.1355320318576,0.055049691349268
"40901",119.667565804069,-19.1355320318576,0.0613771937787533
"40902",119.749882167168,-19.1355320318576,0.0699847042560577
"40903",119.832198530267,-19.1355320318576,0.0807358250021935
"40904",119.914514893367,-19.1355320318576,0.0926686748862267
"40905",119.996831256466,-19.1355320318576,0.104328848421574
"40906",120.079147619565,-19.1355320318576,0.114331468939781
"40907",120.161463982665,-19.1355320318576,0.122064009308815
"40908",120.243780345764,-19.1355320318576,0.127272605895996
"40909",120.326096708863,-19.1355320318576,0.130135416984558
"40910",120.408413071962,-19.1355320318576,0.130884900689125
"40911",120.490729435062,-19.1355320318576,0.129829347133636
"40912",120.573045798161,-19.1355320318576,0.127415046095848
"40913",120.65536216126,-19.1355320318576,0.124001629650593
"40914",120.73767852436,-19.1355320318576,0.11993196606636
"40915",120.819994887459,-19.1355320318576,0.115478336811066
"40916",120.902311250558,-19.1355320318576,0.11078418046236
"40917",120.984627613657,-19.1355320318576,0.105977572500706
"40918",121.066943976757,-19.1355320318576,0.101193718612194
"40919",121.149260339856,-19.1355320318576,0.0964976027607918
"40920",121.231576702955,-19.1355320318576,0.0919022932648659
"40921",121.313893066055,-19.1355320318576,0.0874973312020302
"40922",121.396209429154,-19.1355320318576,0.0833081379532814
"40923",121.478525792253,-19.1355320318576,0.0793649405241013
"40924",121.560842155352,-19.1355320318576,0.0769370272755623
"40925",121.643158518452,-19.1355320318576,0.0769302248954773
"41134",115.387114922906,-19.2178483949569,0.0963978841900826
"41135",115.469431286005,-19.2178483949569,0.0945108011364937
"41136",115.551747649105,-19.2178483949569,0.0925259739160538
"41137",115.634064012204,-19.2178483949569,0.0905308350920677
"41138",115.716380375303,-19.2178483949569,0.0884189456701279
"41139",115.798696738402,-19.2178483949569,0.0862132981419563
"41140",115.881013101502,-19.2178483949569,0.0839937627315521
"41141",115.963329464601,-19.2178483949569,0.0816903114318848
"41142",116.0456458277,-19.2178483949569,0.0793890953063965
"41143",116.1279621908,-19.2178483949569,0.0770248249173164
"41144",116.210278553899,-19.2178483949569,0.0746815279126167
"41145",116.292594916998,-19.2178483949569,0.0723802074790001
"41146",116.374911280097,-19.2178483949569,0.070174053311348
"41147",116.457227643197,-19.2178483949569,0.0679392516613007
"41148",116.539544006296,-19.2178483949569,0.0658054873347282
"41149",116.621860369395,-19.2178483949569,0.0637368336319923
"41150",116.704176732495,-19.2178483949569,0.0617146044969559
"41151",116.786493095594,-19.2178483949569,0.0597016289830208
"41152",116.868809458693,-19.2178483949569,0.0577334687113762
"41153",116.951125821792,-19.2178483949569,0.0557280704379082
"41154",117.033442184892,-19.2178483949569,0.0536957792937756
"41155",117.115758547991,-19.2178483949569,0.0516401156783104
"41156",117.19807491109,-19.2178483949569,0.0495411641895771
"41157",117.28039127419,-19.2178483949569,0.047350812703371
"41158",117.362707637289,-19.2178483949569,0.0451008751988411
"41159",117.445024000388,-19.2178483949569,0.0428195782005787
"41160",117.527340363487,-19.2178483949569,0.0405722893774509
"41161",117.609656726587,-19.2178483949569,0.0383692756295204
"41162",117.691973089686,-19.2178483949569,0.0362059697508812
"41163",117.774289452785,-19.2178483949569,0.0341625921428204
"41164",117.856605815885,-19.2178483949569,0.0323107503354549
"41165",117.938922178984,-19.2178483949569,0.0307200383394957
"41166",118.021238542083,-19.2178483949569,0.0293805953115225
"41167",118.103554905182,-19.2178483949569,0.0283361617475748
"41168",118.185871268282,-19.2178483949569,0.0276814233511686
"41169",118.268187631381,-19.2178483949569,0.0273337066173553
"41170",118.35050399448,-19.2178483949569,0.0273939296603203
"41171",118.43282035758,-19.2178483949569,0.0277978889644146
"41172",118.515136720679,-19.2178483949569,0.0285017639398575
"41173",118.597453083778,-19.2178483949569,0.0295466985553503
"41174",118.679769446877,-19.2178483949569,0.0308454371988773
"41175",118.762085809977,-19.2178483949569,0.0324655696749687
"41176",118.844402173076,-19.2178483949569,0.0342139936983585
"41177",118.926718536175,-19.2178483949569,0.0362389869987965
"41178",119.009034899275,-19.2178483949569,0.038372416049242
"41179",119.091351262374,-19.2178483949569,0.0406166613101959
"41180",119.173667625473,-19.2178483949569,0.0429511517286301
"41181",119.255983988572,-19.2178483949569,0.0452906489372253
"41182",119.338300351672,-19.2178483949569,0.0476862974464893
"41183",119.420616714771,-19.2178483949569,0.0502248182892799
"41184",119.50293307787,-19.2178483949569,0.0531642213463783
"41185",119.58524944097,-19.2178483949569,0.0570636466145515
"41186",119.667565804069,-19.2178483949569,0.0631197467446327
"41187",119.749882167168,-19.2178483949569,0.0721435323357582
"41188",119.832198530267,-19.2178483949569,0.0843074172735214
"41189",119.914514893367,-19.2178483949569,0.0978558659553528
"41190",119.996831256466,-19.2178483949569,0.110656544566154
"41191",120.079147619565,-19.2178483949569,0.120942570269108
"41192",120.161463982665,-19.2178483949569,0.128130406141281
"41193",120.243780345764,-19.2178483949569,0.132170289754868
"41194",120.326096708863,-19.2178483949569,0.133451104164124
"41195",120.408413071962,-19.2178483949569,0.132492676377296
"41196",120.490729435062,-19.2178483949569,0.129843458533287
"41197",120.573045798161,-19.2178483949569,0.12598904967308
"41198",120.65536216126,-19.2178483949569,0.121356271207333
"41199",120.73767852436,-19.2178483949569,0.116252928972244
"41200",120.819994887459,-19.2178483949569,0.110894687473774
"41201",120.902311250558,-19.2178483949569,0.105475954711437
"41202",120.984627613657,-19.2178483949569,0.100125543773174
"41203",121.066943976757,-19.2178483949569,0.0948710516095161
"41204",121.149260339856,-19.2178483949569,0.0897997915744781
"41205",121.231576702955,-19.2178483949569,0.0848687216639519
"41206",121.313893066055,-19.2178483949569,0.080154687166214
"41207",121.396209429154,-19.2178483949569,0.0757145956158638
"41208",121.478525792253,-19.2178483949569,0.0736515000462532
"41419",115.387114922906,-19.3001647580561,0.0941298753023148
"41420",115.469431286005,-19.3001647580561,0.0923501625657082
"41421",115.551747649105,-19.3001647580561,0.090438112616539
"41422",115.634064012204,-19.3001647580561,0.0885147973895073
"41423",115.716380375303,-19.3001647580561,0.0864327326416969
"41424",115.798696738402,-19.3001647580561,0.08429916203022
"41425",115.881013101502,-19.3001647580561,0.0821163430809975
"41426",115.963329464601,-19.3001647580561,0.0798274129629135
"41427",116.0456458277,-19.3001647580561,0.0775294303894043
"41428",116.1279621908,-19.3001647580561,0.0752054452896118
"41429",116.210278553899,-19.3001647580561,0.0729024186730385
"41430",116.292594916998,-19.3001647580561,0.0706350654363632
"41431",116.374911280097,-19.3001647580561,0.068521149456501
"41432",116.457227643197,-19.3001647580561,0.0663469657301903
"41433",116.539544006296,-19.3001647580561,0.0643092691898346
"41434",116.621860369395,-19.3001647580561,0.0623486936092377
"41435",116.704176732495,-19.3001647580561,0.0604238249361515
"41436",116.786493095594,-19.3001647580561,0.0584659315645695
"41437",116.868809458693,-19.3001647580561,0.0566123574972153
"41438",116.951125821792,-19.3001647580561,0.0547461248934269
"41439",117.033442184892,-19.3001647580561,0.0528505966067314
"41440",117.115758547991,-19.3001647580561,0.0508353672921658
"41441",117.19807491109,-19.3001647580561,0.0487565882503986
"41442",117.28039127419,-19.3001647580561,0.0465775951743126
"41443",117.362707637289,-19.3001647580561,0.0442673414945602
"41444",117.445024000388,-19.3001647580561,0.0419120900332928
"41445",117.527340363487,-19.3001647580561,0.0396105945110321
"41446",117.609656726587,-19.3001647580561,0.0372429192066193
"41447",117.691973089686,-19.3001647580561,0.0349427945911884
"41448",117.774289452785,-19.3001647580561,0.0327603220939636
"41449",117.856605815885,-19.3001647580561,0.0307868830859661
"41450",117.938922178984,-19.3001647580561,0.029101962223649
"41451",118.021238542083,-19.3001647580561,0.0276895370334387
"41452",118.103554905182,-19.3001647580561,0.0265933386981487
"41453",118.185871268282,-19.3001647580561,0.0259141363203526
"41454",118.268187631381,-19.3001647580561,0.0256653595715761
"41455",118.35050399448,-19.3001647580561,0.0258443243801594
"41456",118.43282035758,-19.3001647580561,0.0263857711106539
"41457",118.515136720679,-19.3001647580561,0.0273417215794325
"41458",118.597453083778,-19.3001647580561,0.0286709051579237
"41459",118.679769446877,-19.3001647580561,0.0302959904074669
"41460",118.762085809977,-19.3001647580561,0.0322752855718136
"41461",118.844402173076,-19.3001647580561,0.0345600284636021
"41462",118.926718536175,-19.3001647580561,0.0370596535503864
"41463",119.009034899275,-19.3001647580561,0.0397645719349384
"41464",119.091351262374,-19.3001647580561,0.0426179990172386
"41465",119.173667625473,-19.3001647580561,0.0455314815044403
"41466",119.255983988572,-19.3001647580561,0.0485555492341518
"41467",119.338300351672,-19.3001647580561,0.0515031479299068
"41468",119.420616714771,-19.3001647580561,0.0545246116816998
"41469",119.50293307787,-19.3001647580561,0.0575962625443935
"41470",119.58524944097,-19.3001647580561,0.0613441914319992
"41471",119.667565804069,-19.3001647580561,0.0669701546430588
"41472",119.749882167168,-19.3001647580561,0.0760714933276176
"41473",119.832198530267,-19.3001647580561,0.0900944322347641
"41474",119.914514893367,-19.3001647580561,0.105537392199039
"41475",119.996831256466,-19.3001647580561,0.119117595255375
"41476",120.079147619565,-19.3001647580561,0.128960534930229
"41477",120.161463982665,-19.3001647580561,0.13468137383461
"41478",120.243780345764,-19.3001647580561,0.136697232723236
"41479",120.326096708863,-19.3001647580561,0.135865420103073
"41480",120.408413071962,-19.3001647580561,0.132796555757523
"41481",120.490729435062,-19.3001647580561,0.128151193261147
"41482",120.573045798161,-19.3001647580561,0.122679777443409
"41483",120.65536216126,-19.3001647580561,0.116781666874886
"41484",120.73767852436,-19.3001647580561,0.110656559467316
"41485",120.819994887459,-19.3001647580561,0.104459874331951
"41486",120.902311250558,-19.3001647580561,0.0983911380171776
"41487",120.984627613657,-19.3001647580561,0.092578113079071
"41488",121.066943976757,-19.3001647580561,0.0869598388671875
"41489",121.149260339856,-19.3001647580561,0.081539049744606
"41490",121.231576702955,-19.3001647580561,0.0763898864388466
"41491",121.313893066055,-19.3001647580561,0.0715460926294327
"41704",115.387114922906,-19.3824811211554,0.092045970261097
"41705",115.469431286005,-19.3824811211554,0.0903795883059502
"41706",115.551747649105,-19.3824811211554,0.0885756090283394
"41707",115.634064012204,-19.3824811211554,0.0867183655500412
"41708",115.716380375303,-19.3824811211554,0.0847416445612907
"41709",115.798696738402,-19.3824811211554,0.0826248750090599
"41710",115.881013101502,-19.3824811211554,0.0804949551820755
"41711",115.963329464601,-19.3824811211554,0.0782166793942451
"41712",116.0456458277,-19.3824811211554,0.0759261772036552
"41713",116.1279621908,-19.3824811211554,0.0736727118492126
"41714",116.210278553899,-19.3824811211554,0.0714310258626938
"41715",116.292594916998,-19.3824811211554,0.0691948309540749
"41716",116.374911280097,-19.3824811211554,0.0670297592878342
"41717",116.457227643197,-19.3824811211554,0.0649982094764709
"41718",116.539544006296,-19.3824811211554,0.0630646124482155
"41719",116.621860369395,-19.3824811211554,0.0612108446657658
"41720",116.704176732495,-19.3824811211554,0.0594547465443611
"41721",116.786493095594,-19.3824811211554,0.0576999559998512
"41722",116.868809458693,-19.3824811211554,0.0560083873569965
"41723",116.951125821792,-19.3824811211554,0.0541999898850918
"41724",117.033442184892,-19.3824811211554,0.0524123534560204
"41725",117.115758547991,-19.3824811211554,0.0504745915532112
"41726",117.19807491109,-19.3824811211554,0.0484271720051765
"41727",117.28039127419,-19.3824811211554,0.0462189726531506
"41728",117.362707637289,-19.3824811211554,0.043880145996809
"41729",117.445024000388,-19.3824811211554,0.0415018573403358
"41730",117.527340363487,-19.3824811211554,0.039032805711031
"41731",117.609656726587,-19.3824811211554,0.0365039594471455
"41732",117.691973089686,-19.3824811211554,0.0340177491307259
"41733",117.774289452785,-19.3824811211554,0.0316342860460281
"41734",117.856605815885,-19.3824811211554,0.0294596906751394
"41735",117.938922178984,-19.3824811211554,0.0275965258479118
"41736",118.021238542083,-19.3824811211554,0.0260559152811766
"41737",118.103554905182,-19.3824811211554,0.0249340161681175
"41738",118.185871268282,-19.3824811211554,0.0242469552904367
"41739",118.268187631381,-19.3824811211554,0.0239844061434269
"41740",118.35050399448,-19.3824811211554,0.0242343042045832
"41741",118.43282035758,-19.3824811211554,0.0249579045921564
"41742",118.515136720679,-19.3824811211554,0.0260979663580656
"41743",118.597453083778,-19.3824811211554,0.0276622250676155
"41744",118.679769446877,-19.3824811211554,0.0296807810664177
"41745",118.762085809977,-19.3824811211554,0.0321078076958656
"41746",118.844402173076,-19.3824811211554,0.0348181501030922
"41747",118.926718536175,-19.3824811211554,0.0378551632165909
"41748",119.009034899275,-19.3824811211554,0.0412272773683071
"41749",119.091351262374,-19.3824811211554,0.0447876118123531
"41750",119.173667625473,-19.3824811211554,0.04853380843997
"41751",119.255983988572,-19.3824811211554,0.0524398349225521
"41752",119.338300351672,-19.3824811211554,0.0563345663249493
"41753",119.420616714771,-19.3824811211554,0.0603893101215363
"41754",119.50293307787,-19.3824811211554,0.0644104033708572
"41755",119.58524944097,-19.3824811211554,0.0689299702644348
"41756",119.667565804069,-19.3824811211554,0.0750017091631889
"41757",119.749882167168,-19.3824811211554,0.0845250338315964
"41758",119.832198530267,-19.3824811211554,0.0995515435934067
"41759",119.914514893367,-19.3824811211554,0.115994587540627
"41760",119.996831256466,-19.3824811211554,0.129476025700569
"41761",120.079147619565,-19.3824811211554,0.137761130928993
"41762",120.161463982665,-19.3824811211554,0.140864089131355
"41763",120.243780345764,-19.3824811211554,0.139858141541481
"41764",120.326096708863,-19.3824811211554,0.136152908205986
"41765",120.408413071962,-19.3824811211554,0.13050040602684
"41766",120.490729435062,-19.3824811211554,0.123837560415268
"41767",120.573045798161,-19.3824811211554,0.116767771542072
"41768",120.65536216126,-19.3824811211554,0.109713353216648
"41769",120.73767852436,-19.3824811211554,0.10264989733696
"41770",120.819994887459,-19.3824811211554,0.0958708971738815
"41771",120.902311250558,-19.3824811211554,0.0893562883138657
"41772",120.984627613657,-19.3824811211554,0.0832054615020752
"41773",121.066943976757,-19.3824811211554,0.0773724094033241
"41774",121.149260339856,-19.3824811211554,0.071838416159153
"41775",121.231576702955,-19.3824811211554,0.0665550604462624
"41776",121.313893066055,-19.3824811211554,0.0615560114383698
"41988",115.304798559807,-19.4647974842547,0.0909165069460869
"41989",115.387114922906,-19.4647974842547,0.0901744738221169
"41990",115.469431286005,-19.4647974842547,0.0885979235172272
"41991",115.551747649105,-19.4647974842547,0.0869052782654762
"41992",115.634064012204,-19.4647974842547,0.0851275026798248
"41993",115.716380375303,-19.4647974842547,0.0832293853163719
"41994",115.798696738402,-19.4647974842547,0.0812054052948952
"41995",115.881013101502,-19.4647974842547,0.0791029781103134
"41996",115.963329464601,-19.4647974842547,0.0768885463476181
"41997",116.0456458277,-19.4647974842547,0.0746250301599503
"41998",116.1279621908,-19.4647974842547,0.072331391274929
"41999",116.210278553899,-19.4647974842547,0.0701397731900215
"42000",116.292594916998,-19.4647974842547,0.0679857954382896
"42001",116.374911280097,-19.4647974842547,0.0658766701817513
"42002",116.457227643197,-19.4647974842547,0.0639413669705391
"42003",116.539544006296,-19.4647974842547,0.0620991550385952
"42004",116.621860369395,-19.4647974842547,0.0604357048869133
"42005",116.704176732495,-19.4647974842547,0.0587561503052711
"42006",116.786493095594,-19.4647974842547,0.0571623630821705
"42007",116.868809458693,-19.4647974842547,0.0556289032101631
"42008",116.951125821792,-19.4647974842547,0.0540883727371693
"42009",117.033442184892,-19.4647974842547,0.0523769967257977
"42010",117.115758547991,-19.4647974842547,0.0505301803350449
"42011",117.19807491109,-19.4647974842547,0.0485571883618832
"42012",117.28039127419,-19.4647974842547,0.0463770665228367
"42013",117.362707637289,-19.4647974842547,0.043987762182951
"42014",117.445024000388,-19.4647974842547,0.0414566770195961
"42015",117.527340363487,-19.4647974842547,0.0389082469046116
"42016",117.609656726587,-19.4647974842547,0.0361375845968723
"42017",117.691973089686,-19.4647974842547,0.0334058478474617
"42018",117.774289452785,-19.4647974842547,0.0307941231876612
"42019",117.856605815885,-19.4647974842547,0.0283575896173716
"42020",117.938922178984,-19.4647974842547,0.0262291133403778
"42021",118.021238542083,-19.4647974842547,0.0245114881545305
"42022",118.103554905182,-19.4647974842547,0.0233271978795528
"42023",118.185871268282,-19.4647974842547,0.0225432831794024
"42024",118.268187631381,-19.4647974842547,0.0222538467496634
"42025",118.35050399448,-19.4647974842547,0.0225469581782818
"42026",118.43282035758,-19.4647974842547,0.0233749356120825
"42027",118.515136720679,-19.4647974842547,0.0246964637190104
"42028",118.597453083778,-19.4647974842547,0.0265298131853342
"42029",118.679769446877,-19.4647974842547,0.0288492068648338
"42030",118.762085809977,-19.4647974842547,0.0316079817712307
"42031",118.844402173076,-19.4647974842547,0.0347795560956001
"42032",118.926718536175,-19.4647974842547,0.0383477210998535
"42033",119.009034899275,-19.4647974842547,0.0423082001507282
"42034",119.091351262374,-19.4647974842547,0.0466446317732334
"42035",119.173667625473,-19.4647974842547,0.0513381659984589
"42036",119.255983988572,-19.4647974842547,0.0563318319618702
"42037",119.338300351672,-19.4647974842547,0.0615441799163818
"42038",119.420616714771,-19.4647974842547,0.0670348331332207
"42039",119.50293307787,-19.4647974842547,0.0727337524294853
"42040",119.58524944097,-19.4647974842547,0.0787821933627129
"42041",119.667565804069,-19.4647974842547,0.0861858502030373
"42042",119.749882167168,-19.4647974842547,0.0966760739684105
"42043",119.832198530267,-19.4647974842547,0.111510381102562
"42044",119.914514893367,-19.4647974842547,0.127536877989769
"42045",119.996831256466,-19.4647974842547,0.139618009328842
"42046",120.079147619565,-19.4647974842547,0.144947588443756
"42047",120.161463982665,-19.4647974842547,0.144255295395851
"42048",120.243780345764,-19.4647974842547,0.139628574252129
"42049",120.326096708863,-19.4647974842547,0.13272961974144
"42050",120.408413071962,-19.4647974842547,0.124373808503151
"42051",120.490729435062,-19.4647974842547,0.115842968225479
"42052",120.573045798161,-19.4647974842547,0.107540667057037
"42053",120.65536216126,-19.4647974842547,0.0995895266532898
"42054",120.73767852436,-19.4647974842547,0.0919489711523056
"42055",120.819994887459,-19.4647974842547,0.0848872512578964
"42056",120.902311250558,-19.4647974842547,0.0781805813312531
"42057",120.984627613657,-19.4647974842547,0.0718784183263779
"42058",121.066943976757,-19.4647974842547,0.065999299287796
"42059",121.149260339856,-19.4647974842547,0.0604372769594193
"42060",121.231576702955,-19.4647974842547,0.0551394559442997
"42061",121.313893066055,-19.4647974842547,0.0501517504453659
"42273",115.304798559807,-19.547113847354,0.089410588145256
"42274",115.387114922906,-19.547113847354,0.0884437263011932
"42275",115.469431286005,-19.547113847354,0.0870304107666016
"42276",115.551747649105,-19.547113847354,0.0854604244232178
"42277",115.634064012204,-19.547113847354,0.0837831422686577
"42278",115.716380375303,-19.547113847354,0.0820109099149704
"42279",115.798696738402,-19.547113847354,0.0800491198897362
"42280",115.881013101502,-19.547113847354,0.077963575720787
"42281",115.963329464601,-19.547113847354,0.0758069455623627
"42282",116.0456458277,-19.547113847354,0.0735896527767181
"42283",116.1279621908,-19.547113847354,0.0713258013129234
"42284",116.210278553899,-19.547113847354,0.0691146552562714
"42285",116.292594916998,-19.547113847354,0.0670196339488029
"42286",116.374911280097,-19.547113847354,0.0650045424699783
"42287",116.457227643197,-19.547113847354,0.0631520673632622
"42288",116.539544006296,-19.547113847354,0.0614410787820816
"42289",116.621860369395,-19.547113847354,0.0598888136446476
"42290",116.704176732495,-19.547113847354,0.0584562346339226
"42291",116.786493095594,-19.547113847354,0.057088814675808
"42292",116.868809458693,-19.547113847354,0.0557056926190853
"42293",116.951125821792,-19.547113847354,0.0543557815253735
"42294",117.033442184892,-19.547113847354,0.0527710542082787
"42295",117.115758547991,-19.547113847354,0.0510786063969135
"42296",117.19807491109,-19.547113847354,0.0492327138781548
"42297",117.28039127419,-19.547113847354,0.0470939464867115
"42298",117.362707637289,-19.547113847354,0.0446586310863495
"42299",117.445024000388,-19.547113847354,0.0420531146228313
"42300",117.527340363487,-19.547113847354,0.0392241887748241
"42301",117.609656726587,-19.547113847354,0.0362414345145226
"42302",117.691973089686,-19.547113847354,0.0331753455102444
"42303",117.774289452785,-19.547113847354,0.0302517209202051
"42304",117.856605815885,-19.547113847354,0.0274818036705256
"42305",117.938922178984,-19.547113847354,0.0250542350113392
"42306",118.021238542083,-19.547113847354,0.0230570323765278
"42307",118.103554905182,-19.547113847354,0.0216637775301933
"42308",118.185871268282,-19.547113847354,0.0207724701613188
"42309",118.268187631381,-19.547113847354,0.0204736404120922
"42310",118.35050399448,-19.547113847354,0.0207513701170683
"42311",118.43282035758,-19.547113847354,0.0216332990676165
"42312",118.515136720679,-19.547113847354,0.0230759512633085
"42313",118.597453083778,-19.547113847354,0.0250535421073437
"42314",118.679769446877,-19.547113847354,0.0275988653302193
"42315",118.762085809977,-19.547113847354,0.0306640360504389
"42316",118.844402173076,-19.547113847354,0.0341590046882629
"42317",118.926718536175,-19.547113847354,0.0381403751671314
"42318",119.009034899275,-19.547113847354,0.042642880231142
"42319",119.091351262374,-19.547113847354,0.0476323030889034
"42320",119.173667625473,-19.547113847354,0.0531465709209442
"42321",119.255983988572,-19.547113847354,0.0592079572379589
"42322",119.338300351672,-19.547113847354,0.0657803416252136
"42323",119.420616714771,-19.547113847354,0.0728871002793312
"42324",119.50293307787,-19.547113847354,0.0804396942257881
"42325",119.58524944097,-19.547113847354,0.0879587605595589
"42326",119.667565804069,-19.547113847354,0.0960110500454903
"42327",119.749882167168,-19.547113847354,0.106315083801746
"42328",119.832198530267,-19.547113847354,0.120685152709484
"42329",119.914514893367,-19.547113847354,0.136546760797501
"42330",119.996831256466,-19.547113847354,0.146810844540596
"42331",120.079147619565,-19.547113847354,0.147749349474907
"42332",120.161463982665,-19.547113847354,0.142002865672112
"42333",120.243780345764,-19.547113847354,0.133289590477943
"42334",120.326096708863,-19.547113847354,0.123342357575893
"42335",120.408413071962,-19.547113847354,0.113050639629364
"42336",120.490729435062,-19.547113847354,0.103371195495129
"42337",120.573045798161,-19.547113847354,0.0944299101829529
"42338",120.65536216126,-19.547113847354,0.0861132070422173
"42339",120.73767852436,-19.547113847354,0.0784411281347275
"42340",120.819994887459,-19.547113847354,0.0713140591979027
"42341",120.902311250558,-19.547113847354,0.0647130832076073
"42342",120.984627613657,-19.547113847354,0.0585744120180607
"42343",121.066943976757,-19.547113847354,0.0528799146413803
"42344",121.149260339856,-19.547113847354,0.0474870130419731
"42556",115.140165833608,-19.6294302104533,0.0892195776104927
"42557",115.222482196707,-19.6294302104533,0.0890485197305679
"42558",115.304798559807,-19.6294302104533,0.0880726724863052
"42559",115.387114922906,-19.6294302104533,0.0869008675217628
"42560",115.469431286005,-19.6294302104533,0.0856351405382156
"42561",115.551747649105,-19.6294302104533,0.0842205435037613
"42562",115.634064012204,-19.6294302104533,0.0827066749334335
"42563",115.716380375303,-19.6294302104533,0.0810353010892868
"42564",115.798696738402,-19.6294302104533,0.0791277885437012
"42565",115.881013101502,-19.6294302104533,0.077073760330677
"42566",115.963329464601,-19.6294302104533,0.0749741792678833
"42567",116.0456458277,-19.6294302104533,0.0727909058332443
"42568",116.1279621908,-19.6294302104533,0.0705206990242004
"42569",116.210278553899,-19.6294302104533,0.0683224350214005
"42570",116.292594916998,-19.6294302104533,0.0662523359060287
"42571",116.374911280097,-19.6294302104533,0.0642916932702065
"42572",116.457227643197,-19.6294302104533,0.0625481233000755
"42573",116.539544006296,-19.6294302104533,0.0610450357198715
"42574",116.621860369395,-19.6294302104533,0.0596658438444138
"42575",116.704176732495,-19.6294302104533,0.058390948921442
"42576",116.786493095594,-19.6294302104533,0.057283990085125
"42577",116.868809458693,-19.6294302104533,0.0561965554952621
"42578",116.951125821792,-19.6294302104533,0.0550461038947105
"42579",117.033442184892,-19.6294302104533,0.0536943264305592
"42580",117.115758547991,-19.6294302104533,0.0521543137729168
"42581",117.19807491109,-19.6294302104533,0.0503968074917793
"42582",117.28039127419,-19.6294302104533,0.04829391092062
"42583",117.362707637289,-19.6294302104533,0.0458343327045441
"42584",117.445024000388,-19.6294302104533,0.0430509112775326
"42585",117.527340363487,-19.6294302104533,0.0400187037885189
"42586",117.609656726587,-19.6294302104533,0.0367811024188995
"42587",117.691973089686,-19.6294302104533,0.033351443707943
"42588",117.774289452785,-19.6294302104533,0.0299927908927202
"42589",117.856605815885,-19.6294302104533,0.0267712622880936
"42590",117.938922178984,-19.6294302104533,0.0239716768264771
"42591",118.021238542083,-19.6294302104533,0.0216658841818571
"42592",118.103554905182,-19.6294302104533,0.0200220514088869
"42593",118.185871268282,-19.6294302104533,0.0189067851752043
"42594",118.268187631381,-19.6294302104533,0.0185192786157131
"42595",118.35050399448,-19.6294302104533,0.0187403820455074
"42596",118.43282035758,-19.6294302104533,0.0196572989225388
"42597",118.515136720679,-19.6294302104533,0.0210879147052765
"42598",118.597453083778,-19.6294302104533,0.0230692196637392
"42599",118.679769446877,-19.6294302104533,0.0257477555423975
"42600",118.762085809977,-19.6294302104533,0.0289493408054113
"42601",118.844402173076,-19.6294302104533,0.032649889588356
"42602",118.926718536175,-19.6294302104533,0.0368501469492912
"42603",119.009034899275,-19.6294302104533,0.0416686609387398
"42604",119.091351262374,-19.6294302104533,0.0471089743077755
"42605",119.173667625473,-19.6294302104533,0.0531786680221558
"42606",119.255983988572,-19.6294302104533,0.0599369704723358
"42607",119.338300351672,-19.6294302104533,0.0674974024295807
"42608",119.420616714771,-19.6294302104533,0.0758540257811546
"42609",119.50293307787,-19.6294302104533,0.0850362181663513
"42610",119.58524944097,-19.6294302104533,0.0935077369213104
"42611",119.667565804069,-19.6294302104533,0.100290864706039
"42612",119.749882167168,-19.6294302104533,0.107197277247906
"42613",119.832198530267,-19.6294302104533,0.120042271912098
"42614",119.914514893367,-19.6294302104533,0.137363642454147
"42615",119.996831256466,-19.6294302104533,0.146093919873238
"42616",120.079147619565,-19.6294302104533,0.140949204564095
"42617",120.161463982665,-19.6294302104533,0.129982516169548
"42618",120.243780345764,-19.6294302104533,0.11816094070673
"42619",120.326096708863,-19.6294302104533,0.106498055160046
"42620",120.408413071962,-19.6294302104533,0.0956356525421143
"42621",120.490729435062,-19.6294302104533,0.0859272256493568
"42622",120.573045798161,-19.6294302104533,0.0772028863430023
"42623",120.65536216126,-19.6294302104533,0.0692231059074402
"42624",120.73767852436,-19.6294302104533,0.0620445571839809
"42625",120.819994887459,-19.6294302104533,0.0553090050816536
"42626",120.902311250558,-19.6294302104533,0.0491330586373806
"42627",120.984627613657,-19.6294302104533,0.0436538755893707
"42628",121.066943976757,-19.6294302104533,0.0392722114920616
"42841",115.140165833608,-19.7117465735526,0.0881626904010773
"42842",115.222482196707,-19.7117465735526,0.0873651057481766
"42843",115.304798559807,-19.7117465735526,0.0864938944578171
"42844",115.387114922906,-19.7117465735526,0.0854584723711014
"42845",115.469431286005,-19.7117465735526,0.0844170749187469
"42846",115.551747649105,-19.7117465735526,0.0831157192587852
"42847",115.634064012204,-19.7117465735526,0.0817487835884094
"42848",115.716380375303,-19.7117465735526,0.0801835507154465
"42849",115.798696738402,-19.7117465735526,0.0784412249922752
"42850",115.881013101502,-19.7117465735526,0.0764918476343155
"42851",115.963329464601,-19.7117465735526,0.0744217038154602
"42852",116.0456458277,-19.7117465735526,0.0722293630242348
"42853",116.1279621908,-19.7117465735526,0.0700085610151291
"42854",116.210278553899,-19.7117465735526,0.0678199157118797
"42855",116.292594916998,-19.7117465735526,0.0657656937837601
"42856",116.374911280097,-19.7117465735526,0.0638282522559166
"42857",116.457227643197,-19.7117465735526,0.0621892474591732
"42858",116.539544006296,-19.7117465735526,0.0608456917107105
"42859",116.621860369395,-19.7117465735526,0.0597350895404816
"42860",116.704176732495,-19.7117465735526,0.058776929974556
"42861",116.786493095594,-19.7117465735526,0.0579250864684582
"42862",116.868809458693,-19.7117465735526,0.0571136735379696
"42863",116.951125821792,-19.7117465735526,0.0562129616737366
"42864",117.033442184892,-19.7117465735526,0.0551189854741096
"42865",117.115758547991,-19.7117465735526,0.053761713206768
"42866",117.19807491109,-19.7117465735526,0.0521187745034695
"42867",117.28039127419,-19.7117465735526,0.0500879995524883
"42868",117.362707637289,-19.7117465735526,0.0476130433380604
"42869",117.445024000388,-19.7117465735526,0.0447460226714611
"42870",117.527340363487,-19.7117465735526,0.0414242520928383
"42871",117.609656726587,-19.7117465735526,0.0378132052719593
"42872",117.691973089686,-19.7117465735526,0.0339499711990356
"42873",117.774289452785,-19.7117465735526,0.0300546064972878
"42874",117.856605815885,-19.7117465735526,0.0263026710599661
"42875",117.938922178984,-19.7117465735526,0.0229934919625521
"42876",118.021238542083,-19.7117465735526,0.0202951561659575
"42877",118.103554905182,-19.7117465735526,0.0182795003056526
"42878",118.185871268282,-19.7117465735526,0.0170058906078339
"42879",118.268187631381,-19.7117465735526,0.0164073761552572
"42880",118.35050399448,-19.7117465735526,0.0164861790835857
"42881",118.43282035758,-19.7117465735526,0.0172678083181381
"42882",118.515136720679,-19.7117465735526,0.0186118930578232
"42883",118.597453083778,-19.7117465735526,0.0206122733652592
"42884",118.679769446877,-19.7117465735526,0.0232562385499477
"42885",118.762085809977,-19.7117465735526,0.0264017693698406
"42886",118.844402173076,-19.7117465735526,0.0300347208976746
"42887",118.926718536175,-19.7117465735526,0.0342596806585789
"42888",119.009034899275,-19.7117465735526,0.0391012355685234
"42889",119.091351262374,-19.7117465735526,0.0445735454559326
"42890",119.173667625473,-19.7117465735526,0.0507765635848045
"42891",119.255983988572,-19.7117465735526,0.0576412156224251
"42892",119.338300351672,-19.7117465735526,0.0653564780950546
"42893",119.420616714771,-19.7117465735526,0.0739812776446342
"42894",119.50293307787,-19.7117465735526,0.0834397971630096
"42895",119.58524944097,-19.7117465735526,0.0928206667304039
"42896",119.667565804069,-19.7117465735526,0.0968522354960442
"42897",119.749882167168,-19.7117465735526,0.0957756340503693
"42898",119.832198530267,-19.7117465735526,0.102604307234287
"42899",119.914514893367,-19.7117465735526,0.122133687138557
"42900",119.996831256466,-19.7117465735526,0.128093346953392
"42901",120.079147619565,-19.7117465735526,0.116461463272572
"42902",120.161463982665,-19.7117465735526,0.103650487959385
"42903",120.243780345764,-19.7117465735526,0.0920582041144371
"42904",120.326096708863,-19.7117465735526,0.0814054235816002
"42905",120.408413071962,-19.7117465735526,0.0719418376684189
"42906",120.490729435062,-19.7117465735526,0.0635863766074181
"42907",120.573045798161,-19.7117465735526,0.0560419075191021
"42908",120.65536216126,-19.7117465735526,0.0491471625864506
"42909",120.73767852436,-19.7117465735526,0.0428629443049431
"42910",120.819994887459,-19.7117465735526,0.0385127402842045
"42911",120.902311250558,-19.7117465735526,0.0358692407608032
"42912",120.984627613657,-19.7117465735526,0.0301412101835012
"43126",115.140165833608,-19.7940629366518,0.0862927362322807
"43127",115.222482196707,-19.7940629366518,0.0856630727648735
"43128",115.304798559807,-19.7940629366518,0.0849365442991257
"43129",115.387114922906,-19.7940629366518,0.0841451361775398
"43130",115.469431286005,-19.7940629366518,0.083225205540657
"43131",115.551747649105,-19.7940629366518,0.0822180882096291
"43132",115.634064012204,-19.7940629366518,0.0809540599584579
"43133",115.716380375303,-19.7940629366518,0.0795429274439812
"43134",115.798696738402,-19.7940629366518,0.0779861807823181
"43135",115.881013101502,-19.7940629366518,0.0761467516422272
"43136",115.963329464601,-19.7940629366518,0.0740901976823807
"43137",116.0456458277,-19.7940629366518,0.0719419419765472
"43138",116.1279621908,-19.7940629366518,0.0696734860539436
"43139",116.210278553899,-19.7940629366518,0.0674833282828331
"43140",116.292594916998,-19.7940629366518,0.0654427036643028
"43141",116.374911280097,-19.7940629366518,0.063580647110939
"43142",116.457227643197,-19.7940629366518,0.0620487369596958
"43143",116.539544006296,-19.7940629366518,0.0608836747705936
"43144",116.621860369395,-19.7940629366518,0.0600008964538574
"43145",116.704176732495,-19.7940629366518,0.0593637116253376
"43146",116.786493095594,-19.7940629366518,0.0588925778865814
"43147",116.868809458693,-19.7940629366518,0.0584029294550419
"43148",116.951125821792,-19.7940629366518,0.057803563773632
"43149",117.033442184892,-19.7940629366518,0.0569950714707375
"43150",117.115758547991,-19.7940629366518,0.0558931939303875
"43151",117.19807491109,-19.7940629366518,0.0544123612344265
"43152",117.28039127419,-19.7940629366518,0.052462425082922
"43153",117.362707637289,-19.7940629366518,0.0500034391880035
"43154",117.445024000388,-19.7940629366518,0.0470684841275215
"43155",117.527340363487,-19.7940629366518,0.0435185916721821
"43156",117.609656726587,-19.7940629366518,0.0394282005727291
"43157",117.691973089686,-19.7940629366518,0.034996286034584
"43158",117.774289452785,-19.7940629366518,0.0304627865552902
"43159",117.856605815885,-19.7940629366518,0.026077089831233
"43160",117.938922178984,-19.7940629366518,0.0221674293279648
"43161",118.021238542083,-19.7940629366518,0.0189915895462036
"43162",118.103554905182,-19.7940629366518,0.0165862236171961
"43163",118.185871268282,-19.7940629366518,0.0150122549384832
"43164",118.268187631381,-19.7940629366518,0.0141865275800228
"43165",118.35050399448,-19.7940629366518,0.0140743348747492
"43166",118.43282035758,-19.7940629366518,0.0145876109600067
"43167",118.515136720679,-19.7940629366518,0.015772944316268
"43168",118.597453083778,-19.7940629366518,0.0175963100045919
"43169",118.679769446877,-19.7940629366518,0.0199553165584803
"43170",118.762085809977,-19.7940629366518,0.0227696038782597
"43171",118.844402173076,-19.7940629366518,0.026251595467329
"43172",118.926718536175,-19.7940629366518,0.0301641132682562
"43173",119.009034899275,-19.7940629366518,0.0346946343779564
"43174",119.091351262374,-19.7940629366518,0.0397349745035172
"43175",119.173667625473,-19.7940629366518,0.0454181097447872
"43176",119.255983988572,-19.7940629366518,0.0517361536622047
"43177",119.338300351672,-19.7940629366518,0.0585971660912037
"43178",119.420616714771,-19.7940629366518,0.066063329577446
"43179",119.50293307787,-19.7940629366518,0.0737864673137665
"43180",119.58524944097,-19.7940629366518,0.0813602060079575
"43181",119.667565804069,-19.7940629366518,0.0816072896122932
"43182",119.749882167168,-19.7940629366518,0.0728646293282509
"43183",119.832198530267,-19.7940629366518,0.0695432871580124
"43184",119.914514893367,-19.7940629366518,0.0793526172637939
"43185",119.996831256466,-19.7940629366518,0.0795975029468536
"43186",120.079147619565,-19.7940629366518,0.0701849162578583
"43187",120.161463982665,-19.7940629366518,0.0629673898220062
"43188",120.243780345764,-19.7940629366518,0.0562700107693672
"43189",120.326096708863,-19.7940629366518,0.0495216995477676
"43190",120.408413071962,-19.7940629366518,0.043180625885725
"43191",120.490729435062,-19.7940629366518,0.037242978811264
"43192",120.573045798161,-19.7940629366518,0.0316358357667923
"43193",120.65536216126,-19.7940629366518,0.030296104028821
"43194",120.73767852436,-19.7940629366518,0.0306132882833481
"43195",120.819994887459,-19.7940629366518,0.0257463064044714
"43410",115.057849470509,-19.8763792997511,0.0844376757740974
"43411",115.140165833608,-19.8763792997511,0.0844252407550812
"43412",115.222482196707,-19.8763792997511,0.0839913114905357
"43413",115.304798559807,-19.8763792997511,0.0834409818053246
"43414",115.387114922906,-19.8763792997511,0.0828723013401031
"43415",115.469431286005,-19.8763792997511,0.0821625888347626
"43416",115.551747649105,-19.8763792997511,0.0813056379556656
"43417",115.634064012204,-19.8763792997511,0.0802711099386215
"43418",115.716380375303,-19.8763792997511,0.0790681764483452
"43419",115.798696738402,-19.8763792997511,0.0776959806680679
"43420",115.881013101502,-19.8763792997511,0.0759978219866753
"43421",115.963329464601,-19.8763792997511,0.0740591287612915
"43422",116.0456458277,-19.8763792997511,0.071886770427227
"43423",116.1279621908,-19.8763792997511,0.0696652233600616
"43424",116.210278553899,-19.8763792997511,0.067457415163517
"43425",116.292594916998,-19.8763792997511,0.0652952268719673
"43426",116.374911280097,-19.8763792997511,0.063521109521389
"43427",116.457227643197,-19.8763792997511,0.0621094182133675
"43428",116.539544006296,-19.8763792997511,0.0611611045897007
"43429",116.621860369395,-19.8763792997511,0.0606335289776325
"43430",116.704176732495,-19.8763792997511,0.0604315996170044
"43431",116.786493095594,-19.8763792997511,0.0602915324270725
"43432",116.868809458693,-19.8763792997511,0.0601591430604458
"43433",116.951125821792,-19.8763792997511,0.0598689951002598
"43434",117.033442184892,-19.8763792997511,0.0593170262873173
"43435",117.115758547991,-19.8763792997511,0.058497529476881
"43436",117.19807491109,-19.8763792997511,0.0572349578142166
"43437",117.28039127419,-19.8763792997511,0.0554491430521011
"43438",117.362707637289,-19.8763792997511,0.0530924610793591
"43439",117.445024000388,-19.8763792997511,0.0500998944044113
"43440",117.527340363487,-19.8763792997511,0.0462680198252201
"43441",117.609656726587,-19.8763792997511,0.041697409003973
"43442",117.691973089686,-19.8763792997511,0.0365953035652637
"43443",117.774289452785,-19.8763792997511,0.0312733799219131
"43444",117.856605815885,-19.8763792997511,0.026136115193367
"43445",117.938922178984,-19.8763792997511,0.021538894623518
"43446",118.021238542083,-19.8763792997511,0.0177824515849352
"43447",118.103554905182,-19.8763792997511,0.014945849776268
"43448",118.185871268282,-19.8763792997511,0.0130051355808973
"43449",118.268187631381,-19.8763792997511,0.0118812415748835
"43450",118.35050399448,-19.8763792997511,0.0114748487249017
"43451",118.43282035758,-19.8763792997511,0.0117155853658915
"43452",118.515136720679,-19.8763792997511,0.0125411320477724
"43453",118.597453083778,-19.8763792997511,0.0139146531000733
"43454",118.679769446877,-19.8763792997511,0.0158324167132378
"43455",118.762085809977,-19.8763792997511,0.0182731635868549
"43456",118.844402173076,-19.8763792997511,0.0211620237678289
"43457",118.926718536175,-19.8763792997511,0.0245015472173691
"43458",119.009034899275,-19.8763792997511,0.0283059384673834
"43459",119.091351262374,-19.8763792997511,0.0325509682297707
"43460",119.173667625473,-19.8763792997511,0.037167564034462
"43461",119.255983988572,-19.8763792997511,0.0421506352722645
"43462",119.338300351672,-19.8763792997511,0.0472709573805332
"43463",119.420616714771,-19.8763792997511,0.0523536019027233
"43464",119.50293307787,-19.8763792997511,0.0566190667450428
"43465",119.58524944097,-19.8763792997511,0.0587877817451954
"43466",119.667565804069,-19.8763792997511,0.0542133338749409
"43467",119.749882167168,-19.8763792997511,0.0417525246739388
"43468",119.832198530267,-19.8763792997511,0.0300793275237083
"43469",119.914514893367,-19.8763792997511,0.0240363739430904
"43470",119.996831256466,-19.8763792997511,0.0214681476354599
"43471",120.079147619565,-19.8763792997511,0.0206497944891453
"43472",120.161463982665,-19.8763792997511,0.0192695055156946
"43473",120.243780345764,-19.8763792997511,0.0162811502814293
"43474",120.326096708863,-19.8763792997511,0.0143136214464903
"43475",120.408413071962,-19.8763792997511,0.0116520561277866
"43693",114.89321674431,-19.9586956628504,0.0829508230090141
"43694",114.97553310741,-19.9586956628504,0.0829141139984131
"43695",115.057849470509,-19.9586956628504,0.0828233435750008
"43696",115.140165833608,-19.9586956628504,0.0825665071606636
"43697",115.222482196707,-19.9586956628504,0.08230160176754
"43698",115.304798559807,-19.9586956628504,0.0820131525397301
"43699",115.387114922906,-19.9586956628504,0.0816459953784943
"43700",115.469431286005,-19.9586956628504,0.0811282247304916
"43701",115.551747649105,-19.9586956628504,0.0805050134658813
"43702",115.634064012204,-19.9586956628504,0.079708032310009
"43703",115.716380375303,-19.9586956628504,0.078717328608036
"43704",115.798696738402,-19.9586956628504,0.0775353088974953
"43705",115.881013101502,-19.9586956628504,0.0760516300797462
"43706",115.963329464601,-19.9586956628504,0.0742414519190788
"43707",116.0456458277,-19.9586956628504,0.0721865743398666
"43708",116.1279621908,-19.9586956628504,0.0700683370232582
"43709",116.210278553899,-19.9586956628504,0.0677194744348526
"43710",116.292594916998,-19.9586956628504,0.0655365362763405
"43711",116.374911280097,-19.9586956628504,0.063758596777916
"43712",116.457227643197,-19.9586956628504,0.0624844878911972
"43713",116.539544006296,-19.9586956628504,0.0618090890347958
"43714",116.621860369395,-19.9586956628504,0.0616551525890827
"43715",116.704176732495,-19.9586956628504,0.06186917796731
"43716",116.786493095594,-19.9586956628504,0.0620980188250542
"43717",116.868809458693,-19.9586956628504,0.0623778887093067
"43718",116.951125821792,-19.9586956628504,0.0624020211398602
"43719",117.033442184892,-19.9586956628504,0.0621284507215023
"43720",117.115758547991,-19.9586956628504,0.0615744404494762
"43721",117.19807491109,-19.9586956628504,0.0605157017707825
"43722",117.28039127419,-19.9586956628504,0.0590290054678917
"43723",117.362707637289,-19.9586956628504,0.0569275468587875
"43724",117.445024000388,-19.9586956628504,0.0539323389530182
"43725",117.527340363487,-19.9586956628504,0.0498501658439636
"43726",117.609656726587,-19.9586956628504,0.0447411388158798
"43727",117.691973089686,-19.9586956628504,0.0388367064297199
"43728",117.774289452785,-19.9586956628504,0.0325564071536064
"43729",117.856605815885,-19.9586956628504,0.0264900699257851
"43730",117.938922178984,-19.9586956628504,0.0210772044956684
"43731",118.021238542083,-19.9586956628504,0.0166776347905397
"43732",118.103554905182,-19.9586956628504,0.0133912600576878
"43733",118.185871268282,-19.9586956628504,0.0110623715445399
"43734",118.268187631381,-19.9586956628504,0.00957146193832159
"43735",118.35050399448,-19.9586956628504,0.00875082239508629
"43736",118.43282035758,-19.9586956628504,0.00852814596146345
"43737",118.515136720679,-19.9586956628504,0.00886762794107199
"43738",118.597453083778,-19.9586956628504,0.00975254736840725
"43739",118.679769446877,-19.9586956628504,0.0110836699604988
"43740",118.762085809977,-19.9586956628504,0.0128293447196484
"43741",118.844402173076,-19.9586956628504,0.0148949772119522
"43742",118.926718536175,-19.9586956628504,0.0173772312700748
"43743",119.009034899275,-19.9586956628504,0.0201490018516779
"43744",119.091351262374,-19.9586956628504,0.023176146671176
"43745",119.173667625473,-19.9586956628504,0.0263192858546972
"43746",119.255983988572,-19.9586956628504,0.0293761603534222
"43747",119.338300351672,-19.9586956628504,0.0321737118065357
"43748",119.420616714771,-19.9586956628504,0.0341184847056866
"43749",119.50293307787,-19.9586956628504,0.0343157835304737
"43750",119.58524944097,-19.9586956628504,0.0313102938234806
"43751",119.667565804069,-19.9586956628504,0.0228407960385084
"43752",119.749882167168,-19.9586956628504,0.0115537671372294
"43753",119.832198530267,-19.9586956628504,0.00464442186057568
"43754",119.914514893367,-19.9586956628504,0.000631254049949348
"43755",119.996831256466,-19.9586956628504,0
"43756",120.079147619565,-19.9586956628504,0
"43757",120.161463982665,-19.9586956628504,0
"43978",114.89321674431,-20.0410120259497,0.0809774771332741
"43979",114.97553310741,-20.0410120259497,0.0808895528316498
"43980",115.057849470509,-20.0410120259497,0.0807979851961136
"43981",115.140165833608,-20.0410120259497,0.0806992277503014
"43982",115.222482196707,-20.0410120259497,0.0805699378252029
"43983",115.304798559807,-20.0410120259497,0.0804331451654434
"43984",115.387114922906,-20.0410120259497,0.0802569091320038
"43985",115.469431286005,-20.0410120259497,0.0799969956278801
"43986",115.551747649105,-20.0410120259497,0.0796752497553825
"43987",115.634064012204,-20.0410120259497,0.0791623219847679
"43988",115.716380375303,-20.0410120259497,0.0784129202365875
"43989",115.798696738402,-20.0410120259497,0.0774551704525948
"43990",115.881013101502,-20.0410120259497,0.0762254744768143
"43991",115.963329464601,-20.0410120259497,0.0746672824025154
"43992",116.0456458277,-20.0410120259497,0.0727831572294235
"43993",116.1279621908,-20.0410120259497,0.0706678405404091
"43994",116.210278553899,-20.0410120259497,0.0684159025549889
"43995",116.292594916998,-20.0410120259497,0.0662093013525009
"43996",116.374911280097,-20.0410120259497,0.0643981173634529
"43997",116.457227643197,-20.0410120259497,0.0632136315107346
"43998",116.539544006296,-20.0410120259497,0.0628077834844589
"43999",116.621860369395,-20.0410120259497,0.063042975962162
"44000",116.704176732495,-20.0410120259497,0.0636706501245499
"44001",116.786493095594,-20.0410120259497,0.0643816888332367
"44002",116.868809458693,-20.0410120259497,0.065034493803978
"44003",116.951125821792,-20.0410120259497,0.065380297601223
"44004",117.033442184892,-20.0410120259497,0.0653635710477829
"44005",117.115758547991,-20.0410120259497,0.0649658516049385
"44006",117.19807491109,-20.0410120259497,0.0641444250941277
"44007",117.28039127419,-20.0410120259497,0.0630111694335938
"44008",117.362707637289,-20.0410120259497,0.0612832196056843
"44009",117.445024000388,-20.0410120259497,0.0585116446018219
"44010",117.527340363487,-20.0410120259497,0.0543435737490654
"44011",117.609656726587,-20.0410120259497,0.0486744754016399
"44012",117.691973089686,-20.0410120259497,0.0418067388236523
"44013",117.774289452785,-20.0410120259497,0.034425538033247
"44014",117.856605815885,-20.0410120259497,0.0272408407181501
"44015",117.938922178984,-20.0410120259497,0.0209234990179539
"44016",118.021238542083,-20.0410120259497,0.0159117411822081
"44017",118.103554905182,-20.0410120259497,0.0121545800939202
"44018",118.185871268282,-20.0410120259497,0.00934755057096481
"44019",118.268187631381,-20.0410120259497,0.00734998751431704
"44020",118.35050399448,-20.0410120259497,0.00599878747016191
"44021",118.43282035758,-20.0410120259497,0.00520130526274443
"44022",118.515136720679,-20.0410120259497,0.00490852724760771
"44023",118.597453083778,-20.0410120259497,0.00506672961637378
"44024",118.679769446877,-20.0410120259497,0.00562060391530395
"44025",118.762085809977,-20.0410120259497,0.0064973896369338
"44026",118.844402173076,-20.0410120259497,0.0076815839856863
"44027",118.926718536175,-20.0410120259497,0.00905945338308811
"44028",119.009034899275,-20.0410120259497,0.0105514638125896
"44029",119.091351262374,-20.0410120259497,0.0130050936713815
"44030",119.173667625473,-20.0410120259497,0.0182226970791817
"44031",119.255983988572,-20.0410120259497,0.0180943794548512
"44032",119.338300351672,-20.0410120259497,0.0167721975594759
"44033",119.420616714771,-20.0410120259497,0.0136188082396984
"44034",119.50293307787,-20.0410120259497,0.00984210055321455
"44035",119.58524944097,-20.0410120259497,0.00487520126625896
"44036",119.667565804069,-20.0410120259497,0.00378101412206888
"44037",119.749882167168,-20.0410120259497,0
"44038",119.832198530267,-20.0410120259497,0
"44039",119.914514893367,-20.0410120259497,0
"44040",119.996831256466,-20.0410120259497,0
"44041",120.079147619565,-20.0410120259497,0
"44262",114.810900381211,-20.123328389049,0.0788432359695435
"44263",114.89321674431,-20.123328389049,0.078702412545681
"44264",114.97553310741,-20.123328389049,0.0786794200539589
"44265",115.057849470509,-20.123328389049,0.0786668062210083
"44266",115.140165833608,-20.123328389049,0.0787062495946884
"44267",115.222482196707,-20.123328389049,0.0787506178021431
"44268",115.304798559807,-20.123328389049,0.078789509832859
"44269",115.387114922906,-20.123328389049,0.0788450390100479
"44270",115.469431286005,-20.123328389049,0.0788295194506645
"44271",115.551747649105,-20.123328389049,0.0787188112735748
"44272",115.634064012204,-20.123328389049,0.0784643590450287
"44273",115.716380375303,-20.123328389049,0.078039787709713
"44274",115.798696738402,-20.123328389049,0.0774125158786774
"44275",115.881013101502,-20.123328389049,0.0764773786067963
"44276",115.963329464601,-20.123328389049,0.0751670747995377
"44277",116.0456458277,-20.123328389049,0.0735404565930367
"44278",116.1279621908,-20.123328389049,0.0715953707695007
"44279",116.210278553899,-20.123328389049,0.0694230943918228
"44280",116.292594916998,-20.123328389049,0.0672811344265938
"44281",116.374911280097,-20.123328389049,0.0654716268181801
"44282",116.457227643197,-20.123328389049,0.064399316906929
"44283",116.539544006296,-20.123328389049,0.0643300041556358
"44284",116.621860369395,-20.123328389049,0.0649416372179985
"44285",116.704176732495,-20.123328389049,0.0659417286515236
"44286",116.786493095594,-20.123328389049,0.067064493894577
"44287",116.868809458693,-20.123328389049,0.068033829331398
"44288",116.951125821792,-20.123328389049,0.068649634718895
"44289",117.033442184892,-20.123328389049,0.0688789561390877
"44290",117.115758547991,-20.123328389049,0.0685758143663406
"44291",117.19807491109,-20.123328389049,0.0679321885108948
"44292",117.28039127419,-20.123328389049,0.067100778222084
"44293",117.362707637289,-20.123328389049,0.0661324188113213
"44294",117.445024000388,-20.123328389049,0.0639941245317459
"44295",117.527340363487,-20.123328389049,0.0597110763192177
"44296",117.609656726587,-20.123328389049,0.0533797033131123
"44297",117.691973089686,-20.123328389049,0.045539129525423
"44298",117.774289452785,-20.123328389049,0.0370570980012417
"44299",117.856605815885,-20.123328389049,0.02860870026052
"44300",117.938922178984,-20.123328389049,0.0212332382798195
"44301",118.021238542083,-20.123328389049,0.015611601062119
"44302",118.103554905182,-20.123328389049,0.0113552426919341
"44303",118.185871268282,-20.123328389049,0.00795378442853689
"44304",118.268187631381,-20.123328389049,0.00531712453812361
"44305",118.35050399448,-20.123328389049,0.00328449672088027
"44306",118.43282035758,-20.123328389049,0.00203397125005722
"44307",118.515136720679,-20.123328389049,0.00124778167810291
"44308",118.597453083778,-20.123328389049,0.000534677819814533
"44309",118.679769446877,-20.123328389049,9.41346152103506e-05
"44310",118.762085809977,-20.123328389049,0.000667735235765576
"44311",118.844402173076,-20.123328389049,0.0013804966583848
"44312",118.926718536175,-20.123328389049,0.00209332816302776
"44313",119.009034899275,-20.123328389049,0.00347123085521162
"44314",119.091351262374,-20.123328389049,0.00579528184607625
"44546",114.728584018112,-20.2056447521483,0.0763821303844452
"44547",114.810900381211,-20.2056447521483,0.0763242691755295
"44548",114.89321674431,-20.2056447521483,0.0763169080018997
"44549",114.97553310741,-20.2056447521483,0.0763840302824974
"44550",115.057849470509,-20.2056447521483,0.0764598846435547
"44551",115.140165833608,-20.2056447521483,0.0766225382685661
"44552",115.222482196707,-20.2056447521483,0.0767612159252167
"44553",115.304798559807,-20.2056447521483,0.0770047679543495
"44554",115.387114922906,-20.2056447521483,0.0771960318088531
"44555",115.469431286005,-20.2056447521483,0.077411487698555
"44556",115.551747649105,-20.2056447521483,0.0775044932961464
"44557",115.634064012204,-20.2056447521483,0.0775270909070969
"44558",115.716380375303,-20.2056447521483,0.0774157270789146
"44559",115.798696738402,-20.2056447521483,0.0771109014749527
"44560",115.881013101502,-20.2056447521483,0.0765093341469765
"44561",115.963329464601,-20.2056447521483,0.0756187811493874
"44562",116.0456458277,-20.2056447521483,0.0743473172187805
"44563",116.1279621908,-20.2056447521483,0.0727560222148895
"44564",116.210278553899,-20.2056447521483,0.0708913877606392
"44565",116.292594916998,-20.2056447521483,0.0689551383256912
"44566",116.374911280097,-20.2056447521483,0.0672497972846031
"44567",116.457227643197,-20.2056447521483,0.0663681477308273
"44568",116.539544006296,-20.2056447521483,0.0665858685970306
"44569",116.621860369395,-20.2056447521483,0.0675194337964058
"44570",116.704176732495,-20.2056447521483,0.0688022300601006
"44571",116.786493095594,-20.2056447521483,0.0701238662004471
"44572",116.868809458693,-20.2056447521483,0.0712790787220001
"44573",116.951125821792,-20.2056447521483,0.0721364244818687
"44574",117.033442184892,-20.2056447521483,0.0725939273834229
"44575",117.115758547991,-20.2056447521483,0.0723582431674004
"44576",117.19807491109,-20.2056447521483,0.0717180222272873
"44577",117.28039127419,-20.2056447521483,0.0713337436318398
"44578",117.362707637289,-20.2056447521483,0.0712652057409286
"44579",117.445024000388,-20.2056447521483,0.0699708834290504
"44580",117.527340363487,-20.2056447521483,0.0655377954244614
"44581",117.609656726587,-20.2056447521483,0.0584592670202255
"44582",117.691973089686,-20.2056447521483,0.0497579947113991
"44583",117.774289452785,-20.2056447521483,0.0403581224381924
"44584",117.856605815885,-20.2056447521483,0.0309793297201395
"44585",117.938922178984,-20.2056447521483,0.0227992124855518
"44586",118.021238542083,-20.2056447521483,0.0163722243160009
"44587",118.103554905182,-20.2056447521483,0.0112773533910513
"44588",118.185871268282,-20.2056447521483,0.00705887749791145
"44589",118.268187631381,-20.2056447521483,0.00356274424120784
"44590",118.35050399448,-20.2056447521483,0.00113627582322806
"44591",118.43282035758,-20.2056447521483,0.000180222414201126
"44592",118.515136720679,-20.2056447521483,0
"44593",118.597453083778,-20.2056447521483,0
"44594",118.679769446877,-20.2056447521483,1.29381317037769e-06
"44595",118.762085809977,-20.2056447521483,0
"44596",118.844402173076,-20.2056447521483,0
"44829",114.563951291913,-20.2879611152476,0.0740267410874367
"44830",114.646267655012,-20.2879611152476,0.0738480240106583
"44831",114.728584018112,-20.2879611152476,0.0737934932112694
"44832",114.810900381211,-20.2879611152476,0.0737723186612129
"44833",114.89321674431,-20.2879611152476,0.0738617107272148
"44834",114.97553310741,-20.2879611152476,0.0740286260843277
"44835",115.057849470509,-20.2879611152476,0.0742235705256462
"44836",115.140165833608,-20.2879611152476,0.0744975507259369
"44837",115.222482196707,-20.2879611152476,0.0747284516692162
"44838",115.304798559807,-20.2879611152476,0.0751322656869888
"44839",115.387114922906,-20.2879611152476,0.0753909572958946
"44840",115.469431286005,-20.2879611152476,0.0756644979119301
"44841",115.551747649105,-20.2879611152476,0.0759252831339836
"44842",115.634064012204,-20.2879611152476,0.07619359344244
"44843",115.716380375303,-20.2879611152476,0.076323926448822
"44844",115.798696738402,-20.2879611152476,0.0763381272554398
"44845",115.881013101502,-20.2879611152476,0.0760809779167175
"44846",115.963329464601,-20.2879611152476,0.0757220387458801
"44847",116.0456458277,-20.2879611152476,0.0749725252389908
"44848",116.1279621908,-20.2879611152476,0.0739216953516006
"44849",116.210278553899,-20.2879611152476,0.0726453214883804
"44850",116.292594916998,-20.2879611152476,0.0712517276406288
"44851",116.374911280097,-20.2879611152476,0.0699603110551834
"44852",116.457227643197,-20.2879611152476,0.0694042146205902
"44853",116.539544006296,-20.2879611152476,0.0697416067123413
"44854",116.621860369395,-20.2879611152476,0.0706874579191208
"44855",116.704176732495,-20.2879611152476,0.071994312107563
"44856",116.786493095594,-20.2879611152476,0.0733578279614449
"44857",116.868809458693,-20.2879611152476,0.0745764896273613
"44858",116.951125821792,-20.2879611152476,0.0755468308925629
"44859",117.033442184892,-20.2879611152476,0.0761009529232979
"44860",117.115758547991,-20.2879611152476,0.075971856713295
"44861",117.19807491109,-20.2879611152476,0.0753265991806984
"44862",117.28039127419,-20.2879611152476,0.0752887576818466
"44863",117.362707637289,-20.2879611152476,0.0765327140688896
"44864",117.445024000388,-20.2879611152476,0.0760730728507042
"44865",117.527340363487,-20.2879611152476,0.0708662196993828
"44866",117.609656726587,-20.2879611152476,0.0630398467183113
"44867",117.691973089686,-20.2879611152476,0.0537097044289112
"44868",117.774289452785,-20.2879611152476,0.0437991097569466
"44869",117.856605815885,-20.2879611152476,0.0340766049921513
"44870",117.938922178984,-20.2879611152476,0.0252849012613297
"44871",118.021238542083,-20.2879611152476,0.0177902933210135
"44872",118.103554905182,-20.2879611152476,0.0116364732384682
"44873",118.185871268282,-20.2879611152476,0.00646940106526017
"44874",118.268187631381,-20.2879611152476,0.00202853535301983
"44875",118.35050399448,-20.2879611152476,0.000189724087249488
"44876",118.43282035758,-20.2879611152476,0
"44877",118.515136720679,-20.2879611152476,0
"44878",118.597453083778,-20.2879611152476,0
"44879",118.679769446877,-20.2879611152476,0
"44880",118.762085809977,-20.2879611152476,0
"45112",114.399318565715,-20.3702774783468,0.0706078335642815
"45113",114.481634928814,-20.3702774783468,0.071136012673378
"45114",114.563951291913,-20.3702774783468,0.0713675171136856
"45115",114.646267655012,-20.3702774783468,0.0712457299232483
"45116",114.728584018112,-20.3702774783468,0.0712124332785606
"45117",114.810900381211,-20.3702774783468,0.0712929889559746
"45118",114.89321674431,-20.3702774783468,0.0714264661073685
"45119",114.97553310741,-20.3702774783468,0.0716008394956589
"45120",115.057849470509,-20.3702774783468,0.0718918293714523
"45121",115.140165833608,-20.3702774783468,0.0722331032156944
"45122",115.222482196707,-20.3702774783468,0.0725588798522949
"45123",115.304798559807,-20.3702774783468,0.0729515105485916
"45124",115.387114922906,-20.3702774783468,0.0733468756079674
"45125",115.469431286005,-20.3702774783468,0.0736596435308456
"45126",115.551747649105,-20.3702774783468,0.0740117654204369
"45127",115.634064012204,-20.3702774783468,0.0743341967463493
"45128",115.716380375303,-20.3702774783468,0.0745882838964462
"45129",115.798696738402,-20.3702774783468,0.0747423470020294
"45130",115.881013101502,-20.3702774783468,0.074828989803791
"45131",115.963329464601,-20.3702774783468,0.0749243274331093
"45132",116.0456458277,-20.3702774783468,0.0747329145669937
"45133",116.1279621908,-20.3702774783468,0.0744649767875671
"45134",116.210278553899,-20.3702774783468,0.0741822570562363
"45135",116.292594916998,-20.3702774783468,0.0736179277300835
"45136",116.374911280097,-20.3702774783468,0.073033444583416
"45137",116.457227643197,-20.3702774783468,0.0728291496634483
"45138",116.539544006296,-20.3702774783468,0.0732666105031967
"45139",116.621860369395,-20.3702774783468,0.0741224959492683
"45140",116.704176732495,-20.3702774783468,0.0752490535378456
"45141",116.786493095594,-20.3702774783468,0.0764717683196068
"45142",116.868809458693,-20.3702774783468,0.0775811821222305
"45143",116.951125821792,-20.3702774783468,0.0784957557916641
"45144",117.033442184892,-20.3702774783468,0.0790430530905724
"45145",117.115758547991,-20.3702774783468,0.0790615603327751
"45146",117.19807491109,-20.3702774783468,0.0788385644555092
"45147",117.28039127419,-20.3702774783468,0.0796443521976471
"45148",117.362707637289,-20.3702774783468,0.0810433551669121
"45149",117.445024000388,-20.3702774783468,0.0798468664288521
"45150",117.527340363487,-20.3702774783468,0.0742717757821083
"45151",117.609656726587,-20.3702774783468,0.0661642625927925
"45152",117.691973089686,-20.3702774783468,0.0566992163658142
"45153",117.774289452785,-20.3702774783468,0.0466621890664101
"45154",117.856605815885,-20.3702774783468,0.0367557965219021
"45155",117.938922178984,-20.3702774783468,0.0275654327124357
"45156",118.021238542083,-20.3702774783468,0.0193076021969318
"45157",118.103554905182,-20.3702774783468,0.0121523486450315
"45158",118.185871268282,-20.3702774783468,0.0059252493083477
"45159",118.268187631381,-20.3702774783468,0.000733656459487975
"45160",118.35050399448,-20.3702774783468,0
"45161",118.43282035758,-20.3702774783468,0
"45162",118.515136720679,-20.3702774783468,0
"45163",118.597453083778,-20.3702774783468,0
"45395",114.234685839516,-20.4525938414461,0.0695142149925232
"45396",114.317002202615,-20.4525938414461,0.068768322467804
"45397",114.399318565715,-20.4525938414461,0.0689228400588036
"45398",114.481634928814,-20.4525938414461,0.0688386932015419
"45399",114.563951291913,-20.4525938414461,0.0686746016144753
"45400",114.646267655012,-20.4525938414461,0.0685818567872047
"45401",114.728584018112,-20.4525938414461,0.0685994401574135
"45402",114.810900381211,-20.4525938414461,0.0687159597873688
"45403",114.89321674431,-20.4525938414461,0.0689006596803665
"45404",114.97553310741,-20.4525938414461,0.0691469609737396
"45405",115.057849470509,-20.4525938414461,0.0694822669029236
"45406",115.140165833608,-20.4525938414461,0.0698433369398117
"45407",115.222482196707,-20.4525938414461,0.0702014267444611
"45408",115.304798559807,-20.4525938414461,0.0706160962581635
"45409",115.387114922906,-20.4525938414461,0.0710433050990105
"45410",115.469431286005,-20.4525938414461,0.0714150592684746
"45411",115.551747649105,-20.4525938414461,0.0717469900846481
"45412",115.634064012204,-20.4525938414461,0.0719782263040543
"45413",115.716380375303,-20.4525938414461,0.0721431076526642
"45414",115.798696738402,-20.4525938414461,0.0722201466560364
"45415",115.881013101502,-20.4525938414461,0.072267197072506
"45416",115.963329464601,-20.4525938414461,0.0726124793291092
"45417",116.0456458277,-20.4525938414461,0.0727240517735481
"45418",116.1279621908,-20.4525938414461,0.0735633000731468
"45419",116.210278553899,-20.4525938414461,0.074902132153511
"45420",116.292594916998,-20.4525938414461,0.0753655508160591
"45421",116.374911280097,-20.4525938414461,0.0755946338176727
"45422",116.457227643197,-20.4525938414461,0.075878769159317
"45423",116.539544006296,-20.4525938414461,0.0764395669102669
"45424",116.621860369395,-20.4525938414461,0.0771950259804726
"45425",116.704176732495,-20.4525938414461,0.0780967324972153
"45426",116.786493095594,-20.4525938414461,0.0791305750608444
"45427",116.868809458693,-20.4525938414461,0.0800377056002617
"45428",116.951125821792,-20.4525938414461,0.0807719528675079
"45429",117.033442184892,-20.4525938414461,0.0811730176210403
"45430",117.115758547991,-20.4525938414461,0.081191323697567
"45431",117.19807491109,-20.4525938414461,0.0811827108263969
"45432",117.28039127419,-20.4525938414461,0.0816216617822647
"45433",117.362707637289,-20.4525938414461,0.0819893851876259
"45434",117.445024000388,-20.4525938414461,0.0802091583609581
"45435",117.527340363487,-20.4525938414461,0.075010783970356
"45436",117.609656726587,-20.4525938414461,0.0672913789749146
"45437",117.691973089686,-20.4525938414461,0.0581419691443443
"45438",117.774289452785,-20.4525938414461,0.0482907816767693
"45439",117.856605815885,-20.4525938414461,0.0384216792881489
"45440",117.938922178984,-20.4525938414461,0.0289987493306398
"45441",118.021238542083,-20.4525938414461,0.0202368292957544
"45442",118.103554905182,-20.4525938414461,0.0135469613596797
"45444",118.268187631381,-20.4525938414461,0.00028032559202984
"45445",118.35050399448,-20.4525938414461,0
"45446",118.43282035758,-20.4525938414461,0
"45680",114.234685839516,-20.5349102045454,0.0671136155724525
"45681",114.317002202615,-20.5349102045454,0.0667543411254883
"45682",114.399318565715,-20.5349102045454,0.0664143040776253
"45683",114.481634928814,-20.5349102045454,0.0662446245551109
"45684",114.563951291913,-20.5349102045454,0.0660084635019302
"45685",114.646267655012,-20.5349102045454,0.0659826099872589
"45686",114.728584018112,-20.5349102045454,0.0661021396517754
"45687",114.810900381211,-20.5349102045454,0.0661690086126328
"45688",114.89321674431,-20.5349102045454,0.0663722008466721
"45689",114.97553310741,-20.5349102045454,0.0666544064879417
"45690",115.057849470509,-20.5349102045454,0.0669975131750107
"45691",115.140165833608,-20.5349102045454,0.0673803389072418
"45692",115.222482196707,-20.5349102045454,0.0677677690982819
"45693",115.304798559807,-20.5349102045454,0.0682032704353333
"45694",115.387114922906,-20.5349102045454,0.0686289519071579
"45695",115.469431286005,-20.5349102045454,0.0689769014716148
"45696",115.551747649105,-20.5349102045454,0.0692383199930191
"45697",115.634064012204,-20.5349102045454,0.0693300664424896
"45698",115.716380375303,-20.5349102045454,0.0692640841007233
"45699",115.798696738402,-20.5349102045454,0.0690244659781456
"45700",115.881013101502,-20.5349102045454,0.0684799477458
"45701",115.963329464601,-20.5349102045454,0.0676816925406456
"45702",116.0456458277,-20.5349102045454,0.0678257942199707
"45703",116.1279621908,-20.5349102045454,0.070857435464859
"45704",116.210278553899,-20.5349102045454,0.0741987377405167
"45705",116.292594916998,-20.5349102045454,0.075839526951313
"45706",116.374911280097,-20.5349102045454,0.0770256295800209
"45707",116.457227643197,-20.5349102045454,0.0779993310570717
"45708",116.539544006296,-20.5349102045454,0.0788348019123077
"45709",116.621860369395,-20.5349102045454,0.0796188190579414
"45710",116.704176732495,-20.5349102045454,0.0803775936365128
"45711",116.786493095594,-20.5349102045454,0.0811062231659889
"45712",116.868809458693,-20.5349102045454,0.0817766487598419
"45713",116.951125821792,-20.5349102045454,0.0822945982217789
"45714",117.033442184892,-20.5349102045454,0.0825070068240166
"45715",117.115758547991,-20.5349102045454,0.0824688747525215
"45716",117.19807491109,-20.5349102045454,0.0822755470871925
"45717",117.28039127419,-20.5349102045454,0.0819855630397797
"45718",117.362707637289,-20.5349102045454,0.0811756476759911
"45719",117.445024000388,-20.5349102045454,0.0787123888731003
"45720",117.527340363487,-20.5349102045454,0.0737351253628731
"45721",117.609656726587,-20.5349102045454,0.0665922537446022
"45722",117.691973089686,-20.5349102045454,0.0579707249999046
"45723",117.774289452785,-20.5349102045454,0.0485294088721275
"45724",117.856605815885,-20.5349102045454,0.0388806276023388
"45725",117.938922178984,-20.5349102045454,0.0293845105916262
"45726",118.021238542083,-20.5349102045454,0.0229774545878172
"45964",114.152369476417,-20.6172265676447,0.0650067180395126
"45965",114.234685839516,-20.6172265676447,0.0645759850740433
"45966",114.317002202615,-20.6172265676447,0.0642032399773598
"45967",114.399318565715,-20.6172265676447,0.0638431459665298
"45968",114.481634928814,-20.6172265676447,0.0636535435914993
"45969",114.563951291913,-20.6172265676447,0.0634698420763016
"45970",114.646267655012,-20.6172265676447,0.0634743422269821
"45971",114.728584018112,-20.6172265676447,0.0634628459811211
"45972",114.810900381211,-20.6172265676447,0.063618004322052
"45973",114.89321674431,-20.6172265676447,0.0638452023267746
"45974",114.97553310741,-20.6172265676447,0.0641380250453949
"45975",115.057849470509,-20.6172265676447,0.0645060166716576
"45976",115.140165833608,-20.6172265676447,0.0649341642856598
"45977",115.222482196707,-20.6172265676447,0.0653159841895103
"45978",115.304798559807,-20.6172265676447,0.0657526031136513
"45979",115.387114922906,-20.6172265676447,0.0661544129252434
"45980",115.469431286005,-20.6172265676447,0.0665055513381958
"45981",115.551747649105,-20.6172265676447,0.06673663854599
"45982",115.634064012204,-20.6172265676447,0.0667411610484123
"45983",115.716380375303,-20.6172265676447,0.0665545091032982
"45984",115.798696738402,-20.6172265676447,0.0660816431045532
"45985",115.881013101502,-20.6172265676447,0.065121129155159
"45986",115.963329464601,-20.6172265676447,0.0640907436609268
"45987",116.0456458277,-20.6172265676447,0.0647916346788406
"45988",116.1279621908,-20.6172265676447,0.0679887607693672
"45989",116.210278553899,-20.6172265676447,0.0717047303915024
"45990",116.292594916998,-20.6172265676447,0.0746158957481384
"45991",116.374911280097,-20.6172265676447,0.0771760791540146
"45992",116.457227643197,-20.6172265676447,0.0789633840322495
"45993",116.539544006296,-20.6172265676447,0.0801434591412544
"45994",116.621860369395,-20.6172265676447,0.0809962153434753
"45995",116.704176732495,-20.6172265676447,0.0816690251231194
"45996",116.786493095594,-20.6172265676447,0.0822585895657539
"45997",116.868809458693,-20.6172265676447,0.0827615559101105
"45998",116.951125821792,-20.6172265676447,0.0830297395586967
"45999",117.033442184892,-20.6172265676447,0.0829738602042198
"46000",117.115758547991,-20.6172265676447,0.0827696621417999
"46001",117.19807491109,-20.6172265676447,0.0821876600384712
"46002",117.28039127419,-20.6172265676447,0.0812321156263351
"46003",117.362707637289,-20.6172265676447,0.0794799774885178
"46004",117.445024000388,-20.6172265676447,0.0763681977987289
"46005",117.527340363487,-20.6172265676447,0.0713573396205902
"46006",117.609656726587,-20.6172265676447,0.0646002143621445
"46007",117.691973089686,-20.6172265676447,0.0564907416701317
"46008",117.774289452785,-20.6172265676447,0.0475063696503639
"46009",117.856605815885,-20.6172265676447,0.0382557511329651
"46248",114.070053113317,-20.699542930744,0.0630753859877586
"46249",114.152369476417,-20.699542930744,0.0625077709555626
"46250",114.234685839516,-20.699542930744,0.0620618090033531
"46251",114.317002202615,-20.699542930744,0.0616651065647602
"46252",114.399318565715,-20.699542930744,0.0613166354596615
"46253",114.481634928814,-20.699542930744,0.0611139088869095
"46254",114.563951291913,-20.699542930744,0.0609884634613991
"46255",114.646267655012,-20.699542930744,0.0608920343220234
"46256",114.728584018112,-20.699542930744,0.0609241090714931
"46257",114.810900381211,-20.699542930744,0.0611148327589035
"46258",114.89321674431,-20.699542930744,0.0613525696098804
"46259",114.97553310741,-20.699542930744,0.0616790652275085
"46260",115.057849470509,-20.699542930744,0.0620246157050133
"46261",115.140165833608,-20.699542930744,0.0624787658452988
"46262",115.222482196707,-20.699542930744,0.0629330649971962
"46263",115.304798559807,-20.699542930744,0.0634132698178291
"46264",115.387114922906,-20.699542930744,0.0637921094894409
"46265",115.469431286005,-20.699542930744,0.0641260594129562
"46266",115.551747649105,-20.699542930744,0.0643715411424637
"46267",115.634064012204,-20.699542930744,0.0644633695483208
"46268",115.716380375303,-20.699542930744,0.0643715485930443
"46269",115.798696738402,-20.699542930744,0.064085066318512
"46270",115.881013101502,-20.699542930744,0.06373181194067
"46271",115.963329464601,-20.699542930744,0.0637989342212677
"46272",116.0456458277,-20.699542930744,0.0649016052484512
"46273",116.1279621908,-20.699542930744,0.066183865070343
"46274",116.210278553899,-20.699542930744,0.0681089907884598
"46275",116.292594916998,-20.699542930744,0.0720439255237579
"46276",116.374911280097,-20.699542930744,0.0762288495898247
"46277",116.457227643197,-20.699542930744,0.0787688195705414
"46278",116.539544006296,-20.699542930744,0.0803706720471382
"46279",116.621860369395,-20.699542930744,0.0813050493597984
"46280",116.704176732495,-20.699542930744,0.0819843411445618
"46281",116.786493095594,-20.699542930744,0.0824913680553436
"46282",116.868809458693,-20.699542930744,0.0828081741929054
"46283",116.951125821792,-20.699542930744,0.0828803852200508
"46284",117.033442184892,-20.699542930744,0.0827855914831161
"46285",117.115758547991,-20.699542930744,0.0821705684065819
"46286",117.19807491109,-20.699542930744,0.0810364186763763
"46287",117.28039127419,-20.699542930744,0.0795105919241905
"46288",117.362707637289,-20.699542930744,0.0770861059427261
"46289",117.445024000388,-20.699542930744,0.0734477564692497
"46290",117.527340363487,-20.699542930744,0.0683105662465096
"46291",117.609656726587,-20.699542930744,0.061768464744091
"46292",117.691973089686,-20.699542930744,0.0540195405483246
"46293",117.774289452785,-20.699542930744,0.0458498559892178
"46532",113.987736750218,-20.7818592938433,0.0608533024787903
"46533",114.070053113317,-20.7818592938433,0.0606555081903934
"46534",114.152369476417,-20.7818592938433,0.0601385794579983
"46535",114.234685839516,-20.7818592938433,0.0596581734716892
"46536",114.317002202615,-20.7818592938433,0.0592521950602531
"46537",114.399318565715,-20.7818592938433,0.0589126013219357
"46538",114.481634928814,-20.7818592938433,0.0586716383695602
"46539",114.563951291913,-20.7818592938433,0.058546781539917
"46540",114.646267655012,-20.7818592938433,0.0584890432655811
"46541",114.728584018112,-20.7818592938433,0.0585069432854652
"46542",114.810900381211,-20.7818592938433,0.0586842559278011
"46543",114.89321674431,-20.7818592938433,0.0589198917150497
"46544",114.97553310741,-20.7818592938433,0.0592491142451763
"46545",115.057849470509,-20.7818592938433,0.0596330724656582
"46546",115.140165833608,-20.7818592938433,0.0601231604814529
"46547",115.222482196707,-20.7818592938433,0.0606192834675312
"46548",115.304798559807,-20.7818592938433,0.0610818527638912
"46549",115.387114922906,-20.7818592938433,0.0615392737090588
"46550",115.469431286005,-20.7818592938433,0.0619499497115612
"46551",115.551747649105,-20.7818592938433,0.0622947290539742
"46552",115.634064012204,-20.7818592938433,0.0625391975045204
"46553",115.716380375303,-20.7818592938433,0.0626514628529549
"46554",115.798696738402,-20.7818592938433,0.0627569332718849
"46555",115.881013101502,-20.7818592938433,0.0631294399499893
"46556",115.963329464601,-20.7818592938433,0.0638572797179222
"46557",116.0456458277,-20.7818592938433,0.0648520812392235
"46558",116.1279621908,-20.7818592938433,0.0647494494915009
"46559",116.210278553899,-20.7818592938433,0.0649527236819267
"46560",116.292594916998,-20.7818592938433,0.0692761242389679
"46561",116.374911280097,-20.7818592938433,0.074391134083271
"46562",116.457227643197,-20.7818592938433,0.077485203742981
"46563",116.539544006296,-20.7818592938433,0.0794160589575768
"46564",116.621860369395,-20.7818592938433,0.0803725048899651
"46567",116.868809458693,-20.7818592938433,0.082542285323143
"46568",116.951125821792,-20.7818592938433,0.08246099203825
"46573",117.362707637289,-20.7818592938433,0.0742686316370964
"46575",117.527340363487,-20.7818592938433,0.0662076845765114
"46576",117.609656726587,-20.7818592938433,0.0593927502632141
"46577",117.691973089686,-20.7818592938433,0.0514609403908253
"46816",113.905420387119,-20.8641756569425,0.0595719926059246
"46817",113.987736750218,-20.8641756569425,0.0590423382818699
"46818",114.070053113317,-20.8641756569425,0.0584149844944477
"46819",114.152369476417,-20.8641756569425,0.0578667633235455
"46820",114.234685839516,-20.8641756569425,0.0573633052408695
"46821",114.317002202615,-20.8641756569425,0.0569362938404083
"46822",114.399318565715,-20.8641756569425,0.0565966702997684
"46823",114.481634928814,-20.8641756569425,0.0563556775450706
"46824",114.563951291913,-20.8641756569425,0.0562334433197975
"46825",114.646267655012,-20.8641756569425,0.0561750940978527
"46826",114.728584018112,-20.8641756569425,0.0561648271977901
"46827",114.810900381211,-20.8641756569425,0.0563160106539726
"46828",114.89321674431,-20.8641756569425,0.0565849430859089
"46829",114.97553310741,-20.8641756569425,0.0569260790944099
"46830",115.057849470509,-20.8641756569425,0.0573780536651611
"46831",115.140165833608,-20.8641756569425,0.0578446425497532
"46832",115.222482196707,-20.8641756569425,0.0583612397313118
"46833",115.304798559807,-20.8641756569425,0.0589186511933804
"46834",115.387114922906,-20.8641756569425,0.0594517439603806
"46835",115.469431286005,-20.8641756569425,0.0599570535123348
"46836",115.551747649105,-20.8641756569425,0.0604231245815754
"46837",115.634064012204,-20.8641756569425,0.0608461648225784
"46838",115.716380375303,-20.8641756569425,0.0612176731228828
"46839",115.798696738402,-20.8641756569425,0.0617091320455074
"46840",115.881013101502,-20.8641756569425,0.062394417822361
"46841",115.963329464601,-20.8641756569425,0.0632077753543854
"46842",116.0456458277,-20.8641756569425,0.0639282613992691
"46843",116.1279621908,-20.8641756569425,0.0639151930809021
"46844",116.210278553899,-20.8641756569425,0.0640461519360542
"46845",116.292594916998,-20.8641756569425,0.0676683485507965
"46846",116.374911280097,-20.8641756569425,0.0722680389881134
"46847",116.457227643197,-20.8641756569425,0.0756259560585022
"47100",113.82310402402,-20.9464920200418,0.0573297776281834
"47101",113.905420387119,-20.9464920200418,0.0575515851378441
"47102",113.987736750218,-20.9464920200418,0.0568606741726398
"47103",114.070053113317,-20.9464920200418,0.0563003420829773
"47104",114.152369476417,-20.9464920200418,0.0557604692876339
"47105",114.234685839516,-20.9464920200418,0.0552448928356171
"47106",114.317002202615,-20.9464920200418,0.0547871924936771
"47107",114.399318565715,-20.9464920200418,0.0544522926211357
"47108",114.481634928814,-20.9464920200418,0.0541819557547569
"47109",114.563951291913,-20.9464920200418,0.054017748683691
"47110",114.646267655012,-20.9464920200418,0.0539173521101475
"47111",114.728584018112,-20.9464920200418,0.0539351068437099
"47112",114.810900381211,-20.9464920200418,0.0540903061628342
"47113",114.89321674431,-20.9464920200418,0.0543580316007137
"47114",114.97553310741,-20.9464920200418,0.0547280125319958
"47115",115.057849470509,-20.9464920200418,0.0551989488303661
"47116",115.140165833608,-20.9464920200418,0.0557191222906113
"47117",115.222482196707,-20.9464920200418,0.0562819465994835
"47118",115.304798559807,-20.9464920200418,0.0568794086575508
"47119",115.387114922906,-20.9464920200418,0.057526171207428
"47120",115.469431286005,-20.9464920200418,0.0581577233970165
"47121",115.551747649105,-20.9464920200418,0.0587324015796185
"47122",115.634064012204,-20.9464920200418,0.0593048557639122
"47123",115.716380375303,-20.9464920200418,0.0598958767950535
"47124",115.798696738402,-20.9464920200418,0.0605856217443943
"47125",115.881013101502,-20.9464920200418,0.0613379962742329
"47126",115.963329464601,-20.9464920200418,0.0621698908507824
"47127",116.0456458277,-20.9464920200418,0.0628636181354523
"47128",116.1279621908,-20.9464920200418,0.0634280294179916
"47129",116.210278553899,-20.9464920200418,0.0645136833190918
"47130",116.292594916998,-20.9464920200418,0.0672566220164299
"47385",113.82310402402,-21.0288083831411,0.0562217272818089
"47386",113.905420387119,-21.0288083831411,0.0555626042187214
"47387",113.987736750218,-21.0288083831411,0.0549023672938347
"47388",114.070053113317,-21.0288083831411,0.0543091483414173
"47389",114.152369476417,-21.0288083831411,0.0537679046392441
"47390",114.234685839516,-21.0288083831411,0.0533308573067188
"47391",114.317002202615,-21.0288083831411,0.0528778769075871
"47392",114.399318565715,-21.0288083831411,0.0525066815316677
"47393",114.481634928814,-21.0288083831411,0.0521644987165928
"47394",114.563951291913,-21.0288083831411,0.0519739277660847
"47395",114.646267655012,-21.0288083831411,0.051846906542778
"47396",114.728584018112,-21.0288083831411,0.0517798401415348
"47397",114.810900381211,-21.0288083831411,0.0519341938197613
"47398",114.89321674431,-21.0288083831411,0.052221417427063
"47399",114.97553310741,-21.0288083831411,0.0526344701647758
"47400",115.057849470509,-21.0288083831411,0.0531244389712811
"47401",115.140165833608,-21.0288083831411,0.0536990240216255
"47402",115.222482196707,-21.0288083831411,0.0543434806168079
"47403",115.304798559807,-21.0288083831411,0.0550755932927132
"47404",115.387114922906,-21.0288083831411,0.0557878650724888
"47405",115.469431286005,-21.0288083831411,0.0564639121294022
"47406",115.551747649105,-21.0288083831411,0.0571716167032719
"47407",115.634064012204,-21.0288083831411,0.057901669293642
"47408",115.716380375303,-21.0288083831411,0.0586559027433395
"47409",115.798696738402,-21.0288083831411,0.059456504881382
"47410",115.881013101502,-21.0288083831411,0.0602536723017693
"47411",115.963329464601,-21.0288083831411,0.06111716106534
"47412",116.0456458277,-21.0288083831411,0.0618761889636517
"47414",116.210278553899,-21.0288083831411,0.0644663795828819
"47669",113.74078766092,-21.1111247462404,0.0547234714031219
"47670",113.82310402402,-21.1111247462404,0.0543808303773403
"47671",113.905420387119,-21.1111247462404,0.0537352561950684
"47672",113.987736750218,-21.1111247462404,0.0530853383243084
"47673",114.070053113317,-21.1111247462404,0.0524621084332466
"47674",114.152369476417,-21.1111247462404,0.0520349591970444
"47675",114.234685839516,-21.1111247462404,0.0515717826783657
"47676",114.317002202615,-21.1111247462404,0.0511281825602055
"47677",114.399318565715,-21.1111247462404,0.0507277511060238
"47678",114.481634928814,-21.1111247462404,0.0503518879413605
"47679",114.563951291913,-21.1111247462404,0.0500864759087563
"47680",114.646267655012,-21.1111247462404,0.0498773567378521
"47681",114.728584018112,-21.1111247462404,0.0498600862920284
"47682",114.810900381211,-21.1111247462404,0.0500101260840893
"47683",114.89321674431,-21.1111247462404,0.0502467453479767
"47684",114.97553310741,-21.1111247462404,0.0506814382970333
"47685",115.057849470509,-21.1111247462404,0.0512096621096134
"47686",115.140165833608,-21.1111247462404,0.0518947392702103
"47687",115.222482196707,-21.1111247462404,0.0526609122753143
"47688",115.304798559807,-21.1111247462404,0.0534075945615768
"47689",115.387114922906,-21.1111247462404,0.0541664399206638
"47690",115.469431286005,-21.1111247462404,0.0549627467989922
"47691",115.551747649105,-21.1111247462404,0.0557586550712585
"47692",115.634064012204,-21.1111247462404,0.0565752647817135
"47693",115.716380375303,-21.1111247462404,0.0574093237519264
"47694",115.798696738402,-21.1111247462404,0.0582400448620319
"47695",115.881013101502,-21.1111247462404,0.0591204911470413
"47696",115.963329464601,-21.1111247462404,0.0599683672189713
"47952",113.576154934722,-21.1934411093397,0.0544346161186695
"47953",113.658471297821,-21.1934411093397,0.0539300143718719
"47954",113.74078766092,-21.1934411093397,0.0533715784549713
"47955",113.82310402402,-21.1934411093397,0.0526693090796471
"47956",113.905420387119,-21.1934411093397,0.0520285293459892
"47957",113.987736750218,-21.1934411093397,0.0514658726751804
"47958",114.070053113317,-21.1934411093397,0.0509331151843071
"47959",114.152369476417,-21.1934411093397,0.0504336543381214
"47960",114.234685839516,-21.1934411093397,0.0500055775046349
"47961",114.317002202615,-21.1934411093397,0.0495857857167721
"47962",114.399318565715,-21.1934411093397,0.0491744354367256
"47963",114.481634928814,-21.1934411093397,0.0487514063715935
"47964",114.563951291913,-21.1934411093397,0.0484393872320652
"47965",114.646267655012,-21.1934411093397,0.0481954962015152
"47966",114.728584018112,-21.1934411093397,0.0480706579983234
"47967",114.810900381211,-21.1934411093397,0.0482036620378494
"47968",114.89321674431,-21.1934411093397,0.0484988354146481
"47969",114.97553310741,-21.1934411093397,0.0489324927330017
"47970",115.057849470509,-21.1934411093397,0.0495860390365124
"47971",115.140165833608,-21.1934411093397,0.0503215305507183
"47972",115.222482196707,-21.1934411093397,0.0510886274278164
"47973",115.304798559807,-21.1934411093397,0.0518699511885643
"47974",115.387114922906,-21.1934411093397,0.052714005112648
"47975",115.469431286005,-21.1934411093397,0.0536274574697018
"47976",115.551747649105,-21.1934411093397,0.0544812865555286
"47977",115.634064012204,-21.1934411093397,0.0553319528698921
"47978",115.716380375303,-21.1934411093397,0.0562178008258343
"47979",115.798696738402,-21.1934411093397,0.057084534317255
"47980",115.881013101502,-21.1934411093397,0.0579713918268681
"47981",115.963329464601,-21.1934411093397,0.0585523694753647
"48237",113.576154934722,-21.275757472439,0.0531478747725487
"48238",113.658471297821,-21.275757472439,0.0524695105850697
"48239",113.74078766092,-21.275757472439,0.05179088935256
"48240",113.82310402402,-21.275757472439,0.0511501207947731
"48241",113.905420387119,-21.275757472439,0.0505620166659355
"48242",113.987736750218,-21.275757472439,0.0500179119408131
"48243",114.070053113317,-21.275757472439,0.0495621562004089
"48244",114.152369476417,-21.275757472439,0.0491354092955589
"48245",114.234685839516,-21.275757472439,0.048692163079977
"48246",114.317002202615,-21.275757472439,0.0482736974954605
"48247",114.399318565715,-21.275757472439,0.0478492826223373
"48248",114.481634928814,-21.275757472439,0.0474170222878456
"48249",114.563951291913,-21.275757472439,0.0470251366496086
"48250",114.646267655012,-21.275757472439,0.0467280484735966
"48251",114.728584018112,-21.275757472439,0.046587485820055
"48252",114.810900381211,-21.275757472439,0.046645063906908
"48253",114.89321674431,-21.275757472439,0.0470013581216335
"48254",114.97553310741,-21.275757472439,0.0474854223430157
"48255",115.057849470509,-21.275757472439,0.048159871250391
"48256",115.140165833608,-21.275757472439,0.048946388065815
"48257",115.222482196707,-21.275757472439,0.049752451479435
"48258",115.304798559807,-21.275757472439,0.0506130158901215
"48259",115.387114922906,-21.275757472439,0.0514717660844326
"48260",115.469431286005,-21.275757472439,0.0524010993540287
"48261",115.551747649105,-21.275757472439,0.0532924309372902
"48262",115.634064012204,-21.275757472439,0.0542019121348858
"48263",115.716380375303,-21.275757472439,0.0550519339740276
"48264",115.798696738402,-21.275757472439,0.0560197234153748
"48522",113.576154934722,-21.3580738355383,0.0518435798585415
"48523",113.658471297821,-21.3580738355383,0.0510152615606785
"48524",113.74078766092,-21.3580738355383,0.0503778122365475
"48525",113.82310402402,-21.3580738355383,0.0498143881559372
"48526",113.905420387119,-21.3580738355383,0.0492933839559555
"48527",113.987736750218,-21.3580738355383,0.0487390756607056
"48528",114.070053113317,-21.3580738355383,0.0483414642512798
"48529",114.152369476417,-21.3580738355383,0.0480229146778584
"48530",114.234685839516,-21.3580738355383,0.0476252622902393
"48531",114.317002202615,-21.3580738355383,0.0472308807075024
"48532",114.399318565715,-21.3580738355383,0.0468436703085899
"48533",114.481634928814,-21.3580738355383,0.0464226603507996
"48534",114.563951291913,-21.3580738355383,0.0459578968584538
"48535",114.646267655012,-21.3580738355383,0.045512929558754
"48536",114.728584018112,-21.3580738355383,0.0452764891088009
"48537",114.810900381211,-21.3580738355383,0.0453744195401669
"48538",114.89321674431,-21.3580738355383,0.0457812026143074
"48539",114.97553310741,-21.3580738355383,0.0463283769786358
"48540",115.057849470509,-21.3580738355383,0.0470272526144981
"48541",115.140165833608,-21.3580738355383,0.0478376746177673
"48542",115.222482196707,-21.3580738355383,0.0486594475805759
"48543",115.304798559807,-21.3580738355383,0.0495555475354195
"48544",115.387114922906,-21.3580738355383,0.0504070147871971
"48545",115.469431286005,-21.3580738355383,0.0513282939791679
"48546",115.551747649105,-21.3580738355383,0.052201047539711
"48547",115.634064012204,-21.3580738355383,0.0534171387553215
"48548",115.716380375303,-21.3580738355383,0.0541415102779865
"48807",113.576154934722,-21.4403901986375,0.0504548884928226
"48808",113.658471297821,-21.4403901986375,0.0497514009475708
"48809",113.74078766092,-21.4403901986375,0.0490986034274101
"48810",113.82310402402,-21.4403901986375,0.0485896058380604
"48811",113.905420387119,-21.4403901986375,0.0481651686131954
"48812",113.987736750218,-21.4403901986375,0.0477807708084583
"48813",114.070053113317,-21.4403901986375,0.047391165047884
"48814",114.152369476417,-21.4403901986375,0.0470884628593922
"48815",114.234685839516,-21.4403901986375,0.0467676483094692
"48816",114.317002202615,-21.4403901986375,0.0464587323367596
"48817",114.399318565715,-21.4403901986375,0.0461704842746258
"48818",114.481634928814,-21.4403901986375,0.0457757562398911
"48819",114.563951291913,-21.4403901986375,0.0452261231839657
"48820",114.646267655012,-21.4403901986375,0.0446084961295128
"48821",114.728584018112,-21.4403901986375,0.0442083291709423
"48822",114.810900381211,-21.4403901986375,0.0444180257618427
"48823",114.89321674431,-21.4403901986375,0.0449669137597084
"48824",114.97553310741,-21.4403901986375,0.0455385819077492
"48825",115.057849470509,-21.4403901986375,0.0462278872728348
"48826",115.140165833608,-21.4403901986375,0.0470426864922047
"48827",115.222482196707,-21.4403901986375,0.0478509590029716
"48828",115.304798559807,-21.4403901986375,0.0487177930772305
"48829",115.387114922906,-21.4403901986375,0.0495382808148861
"48830",115.469431286005,-21.4403901986375,0.0504403151571751
"48831",115.551747649105,-21.4403901986375,0.0511974357068539
"49092",113.576154934722,-21.5227065617368,0.0493179745972157
"49093",113.658471297821,-21.5227065617368,0.0486688427627087
"49094",113.74078766092,-21.5227065617368,0.0480694361031055
"49095",113.82310402402,-21.5227065617368,0.0476076789200306
"49096",113.905420387119,-21.5227065617368,0.0472302064299583
"49097",113.987736750218,-21.5227065617368,0.0468558855354786
"49098",114.070053113317,-21.5227065617368,0.0466062501072884
"49099",114.152369476417,-21.5227065617368,0.046423003077507
"49100",114.234685839516,-21.5227065617368,0.0461837090551853
"49101",114.317002202615,-21.5227065617368,0.0459363535046577
"49102",114.399318565715,-21.5227065617368,0.0457973554730415
"49103",114.481634928814,-21.5227065617368,0.0455399602651596
"49104",114.563951291913,-21.5227065617368,0.045186672359705
"49105",114.646267655012,-21.5227065617368,0.0446805916726589
"49106",114.728584018112,-21.5227065617368,0.0443594641983509
"49107",114.810900381211,-21.5227065617368,0.0444103665649891
"49108",114.89321674431,-21.5227065617368,0.0447449423372746
"49109",114.97553310741,-21.5227065617368,0.0452048890292645
"49110",115.057849470509,-21.5227065617368,0.0458156801760197
"49111",115.140165833608,-21.5227065617368,0.0465418957173824
"49112",115.222482196707,-21.5227065617368,0.0472838543355465
"49113",115.304798559807,-21.5227065617368,0.0480790697038174
"49114",115.387114922906,-21.5227065617368,0.0489227809011936
"49115",115.469431286005,-21.5227065617368,0.0497305281460285
"49116",115.551747649105,-21.5227065617368,0.0506449155509472
"49379",113.74078766092,-21.6050229248361,0.0472089312970638
"49380",113.82310402402,-21.6050229248361,0.0467866994440556
"49381",113.905420387119,-21.6050229248361,0.0464845709502697
"49382",113.987736750218,-21.6050229248361,0.0462267249822617
"49383",114.070053113317,-21.6050229248361,0.0460661165416241
"49384",114.152369476417,-21.6050229248361,0.045905239880085
"49385",114.234685839516,-21.6050229248361,0.0457970686256886
"49386",114.317002202615,-21.6050229248361,0.0456066690385342
"49387",114.399318565715,-21.6050229248361,0.0455003567039967
"49388",114.481634928814,-21.6050229248361,0.0454990975558758
"49389",114.563951291913,-21.6050229248361,0.0455598831176758
"49390",114.646267655012,-21.6050229248361,0.0455701351165771
"49391",114.728584018112,-21.6050229248361,0.0452114120125771
"49392",114.810900381211,-21.6050229248361,0.0448821522295475
"49393",114.89321674431,-21.6050229248361,0.0449698306620121
"49394",114.97553310741,-21.6050229248361,0.0452712439000607
"49395",115.057849470509,-21.6050229248361,0.0457311272621155
"49396",115.140165833608,-21.6050229248361,0.0463432446122169
"49397",115.222482196707,-21.6050229248361,0.0470009818673134
"49400",115.469431286005,-21.6050229248361,0.0491568855941296
"49663",113.658471297821,-21.6873392879354,0.0467117130756378
"49664",113.74078766092,-21.6873392879354,0.0464966520667076
"49665",113.82310402402,-21.6873392879354,0.0461429692804813
"49666",113.905420387119,-21.6873392879354,0.0458879396319389
"49667",113.987736750218,-21.6873392879354,0.045750517398119
"49668",114.070053113317,-21.6873392879354,0.0456804372370243
"49669",114.152369476417,-21.6873392879354,0.0456285923719406
"49670",114.234685839516,-21.6873392879354,0.0455761440098286
"49671",114.317002202615,-21.6873392879354,0.045398123562336
"49672",114.399318565715,-21.6873392879354,0.0452911369502544
"49673",114.481634928814,-21.6873392879354,0.0453541874885559
"49674",114.563951291913,-21.6873392879354,0.0455274842679501
"49675",114.646267655012,-21.6873392879354,0.0455571301281452
"49676",114.728584018112,-21.6873392879354,0.0453199632465839
"49677",114.810900381211,-21.6873392879354,0.0451271384954453
"49678",114.89321674431,-21.6873392879354,0.0452743954956532
"49679",114.97553310741,-21.6873392879354,0.0455158278346062
"49680",115.057849470509,-21.6873392879354,0.0458588674664497
"49681",115.140165833608,-21.6873392879354,0.0463894791901112
"49682",115.222482196707,-21.6873392879354,0.0469525828957558
"49948",113.658471297821,-21.7696556510347,0.0462274700403214
"49949",113.74078766092,-21.7696556510347,0.0459468401968479
"49950",113.82310402402,-21.7696556510347,0.0456406474113464
"49951",113.905420387119,-21.7696556510347,0.045431699603796
"49952",113.987736750218,-21.7696556510347,0.0453938543796539
"49953",114.070053113317,-21.7696556510347,0.0454758107662201
"49954",114.152369476417,-21.7696556510347,0.0455232784152031
"49955",114.234685839516,-21.7696556510347,0.0454452186822891
"49956",114.317002202615,-21.7696556510347,0.0452283583581448
"49957",114.399318565715,-21.7696556510347,0.0451040118932724
"49958",114.481634928814,-21.7696556510347,0.0451954752206802
"49959",114.563951291913,-21.7696556510347,0.0453725382685661
"49960",114.646267655012,-21.7696556510347,0.0455036647617817
"49961",114.728584018112,-21.7696556510347,0.0455117337405682
"49962",114.810900381211,-21.7696556510347,0.0454654768109322
"49963",114.89321674431,-21.7696556510347,0.0454978011548519
"49964",114.97553310741,-21.7696556510347,0.0457560531795025
"50233",113.658471297821,-21.851972014134,0.0459333769977093
"50234",113.74078766092,-21.851972014134,0.0455709919333458
"50235",113.82310402402,-21.851972014134,0.0453788265585899
"50236",113.905420387119,-21.851972014134,0.045297734439373
"50237",113.987736750218,-21.851972014134,0.0453167371451855
"50238",114.070053113317,-21.851972014134,0.0455707795917988
"50239",114.152369476417,-21.851972014134,0.0457535646855831
"50240",114.234685839516,-21.851972014134,0.0455297343432903
"50241",114.317002202615,-21.851972014134,0.0451197363436222
"50242",114.399318565715,-21.851972014134,0.0450096651911736
"50243",114.481634928814,-21.851972014134,0.0452353395521641
"50244",114.563951291913,-21.851972014134,0.0456015914678574
"50245",114.646267655012,-21.851972014134,0.0459159538149834
"50246",114.728584018112,-21.851972014134,0.0459711514413357
"50247",114.810900381211,-21.851972014134,0.0457029230892658
"50517",113.576154934722,-21.9342883772333,0.0461757928133011
"50518",113.658471297821,-21.9342883772333,0.0458205714821815
"50519",113.74078766092,-21.9342883772333,0.0455010533332825
"50520",113.82310402402,-21.9342883772333,0.0453955084085464
"50521",113.905420387119,-21.9342883772333,0.0453968122601509
"50522",113.987736750218,-21.9342883772333,0.0456605441868305
"50523",114.070053113317,-21.9342883772333,0.0462192669510841
"50524",114.152369476417,-21.9342883772333,0.0468844510614872
"50525",114.234685839516,-21.9342883772333,0.0461060777306557
"50526",114.317002202615,-21.9342883772333,0.0450677797198296
"50527",114.399318565715,-21.9342883772333,0.0452106297016144
"50528",114.481634928814,-21.9342883772333,0.0457906536757946
"50529",114.563951291913,-21.9342883772333,0.046421654522419
"50802",113.576154934722,-22.0166047403325,0.0462392158806324
"50803",113.658471297821,-22.0166047403325,0.0459322221577168
"50804",113.74078766092,-22.0166047403325,0.0456978976726532
"50805",113.82310402402,-22.0166047403325,0.0456709824502468
"50806",113.905420387119,-22.0166047403325,0.0458399280905724
"50807",113.987736750218,-22.0166047403325,0.046302393078804
"50808",114.070053113317,-22.0166047403325,0.047383975237608
"50809",114.152369476417,-22.0166047403325,0.0491113401949406
"50810",114.234685839516,-22.0166047403325,0.0462749339640141
"50811",114.317002202615,-22.0166047403325,0.0453563444316387
"50812",114.399318565715,-22.0166047403325,0.0463132597506046
"50813",114.481634928814,-22.0166047403325,0.0472847037017345
"50814",114.563951291913,-22.0166047403325,0.0480126142501831
"51086",113.493838571622,-22.0989211034318,0.0465757623314857
"51087",113.576154934722,-22.0989211034318,0.0464012809097767
"51088",113.658471297821,-22.0989211034318,0.04620461165905
"51089",113.74078766092,-22.0989211034318,0.046133179217577
"51090",113.82310402402,-22.0989211034318,0.046191718429327
"51091",113.905420387119,-22.0989211034318,0.0464169606566429
"51092",113.987736750218,-22.0989211034318,0.04696936160326
"51093",114.070053113317,-22.0989211034318,0.047861997038126
"51094",114.152369476417,-22.0989211034318,0.0487134791910648
"51095",114.234685839516,-22.0989211034318,0.0470311418175697
"51096",114.317002202615,-22.0989211034318,0.0478245764970779
"51097",114.399318565715,-22.0989211034318,0.0491570718586445
"51098",114.481634928814,-22.0989211034318,0.0498320646584034
"51099",114.563951291913,-22.0989211034318,0.050262950360775
"51371",113.493838571622,-22.1812374665311,0.046887245029211
"51372",113.576154934722,-22.1812374665311,0.0467364825308323
"51373",113.658471297821,-22.1812374665311,0.0466664433479309
"51374",113.74078766092,-22.1812374665311,0.0467459000647068
"51375",113.82310402402,-22.1812374665311,0.0469100177288055
"51376",113.905420387119,-22.1812374665311,0.0472469739615917
"51377",113.987736750218,-22.1812374665311,0.0474659577012062
"51379",114.152369476417,-22.1812374665311,0.0491547398269176
"51380",114.234685839516,-22.1812374665311,0.0500805228948593
"51381",114.317002202615,-22.1812374665311,0.0519145503640175
"51382",114.399318565715,-22.1812374665311,0.052602507174015
"51383",114.481634928814,-22.1812374665311,0.0527126714587212
"51656",113.493838571622,-22.2635538296304,0.0473205149173737
"51657",113.576154934722,-22.2635538296304,0.0472304597496986
"51658",113.658471297821,-22.2635538296304,0.0472499281167984
"51659",113.74078766092,-22.2635538296304,0.0474651157855988
"51660",113.82310402402,-22.2635538296304,0.0477287247776985
"51663",114.070053113317,-22.2635538296304,0.050503458827734
"51664",114.152369476417,-22.2635538296304,0.0511070936918259
"51665",114.234685839516,-22.2635538296304,0.052602656185627
"51666",114.317002202615,-22.2635538296304,0.0540245585143566
"51667",114.399318565715,-22.2635538296304,0.054698646068573
"51668",114.481634928814,-22.2635538296304,0.0547285526990891
"51669",114.563951291913,-22.2635538296304,0.0547988563776016
"51941",113.493838571622,-22.3458701927297,0.0477395504713058
"51942",113.576154934722,-22.3458701927297,0.0477791018784046
"51943",113.658471297821,-22.3458701927297,0.0478774383664131
"51944",113.74078766092,-22.3458701927297,0.0482169911265373
"51945",113.82310402402,-22.3458701927297,0.0486793406307697
"51948",114.070053113317,-22.3458701927297,0.0517144277691841
"51949",114.152369476417,-22.3458701927297,0.0526716783642769
"51950",114.234685839516,-22.3458701927297,0.0540972463786602
"51951",114.317002202615,-22.3458701927297,0.0552723370492458
"51952",114.399318565715,-22.3458701927297,0.0559192784130573
"51953",114.481634928814,-22.3458701927297,0.0559353604912758
"51954",114.563951291913,-22.3458701927297,0.0557015612721443
"52225",113.411522208523,-22.428186555829,0.0482310727238655
"52226",113.493838571622,-22.428186555829,0.0482052899897099
"52227",113.576154934722,-22.428186555829,0.0483589991927147
"52228",113.658471297821,-22.428186555829,0.0486177764832973
"52229",113.74078766092,-22.428186555829,0.0490056723356247
"52233",114.070053113317,-22.428186555829,0.0526813827455044
"52234",114.152369476417,-22.428186555829,0.0537621267139912
"52235",114.234685839516,-22.428186555829,0.0549927055835724
"52236",114.317002202615,-22.428186555829,0.0559882894158363
"52237",114.399318565715,-22.428186555829,0.056568305939436
"52508",113.246889482325,-22.5105029189282,0.0485815927386284
"52509",113.329205845424,-22.5105029189282,0.0485638678073883
"52510",113.411522208523,-22.5105029189282,0.0485639348626137
"52511",113.493838571622,-22.5105029189282,0.0487016178667545
"52512",113.576154934722,-22.5105029189282,0.0489632003009319
"52513",113.658471297821,-22.5105029189282,0.0493500083684921
"52514",113.74078766092,-22.5105029189282,0.049745999276638
"52519",114.152369476417,-22.5105029189282,0.0544563382863998
"52520",114.234685839516,-22.5105029189282,0.0555457100272179
"52521",114.317002202615,-22.5105029189282,0.0564127936959267
"52793",113.246889482325,-22.5928192820275,0.048772294074297
"52794",113.329205845424,-22.5928192820275,0.0487779341638088
"52795",113.411522208523,-22.5928192820275,0.0489388778805733
"52796",113.493838571622,-22.5928192820275,0.0491667278110981
"52797",113.576154934722,-22.5928192820275,0.0494932010769844
"52798",113.658471297821,-22.5928192820275,0.0499247126281261
"52799",113.74078766092,-22.5928192820275,0.0504933744668961
"52800",113.82310402402,-22.5928192820275,0.0508876740932465
"52804",114.152369476417,-22.5928192820275,0.0548152551054955
"52805",114.234685839516,-22.5928192820275,0.0557666160166264
"53075",112.999940393027,-22.6751356451268,0.0492563284933567
"53076",113.082256756126,-22.6751356451268,0.0491255931556225
"53077",113.164573119225,-22.6751356451268,0.0489883348345757
"53078",113.246889482325,-22.6751356451268,0.0489860847592354
"53079",113.329205845424,-22.6751356451268,0.049084410071373
"53080",113.411522208523,-22.6751356451268,0.0493077486753464
"53081",113.493838571622,-22.6751356451268,0.0495325140655041
"53082",113.576154934722,-22.6751356451268,0.0499010048806667
"53083",113.658471297821,-22.6751356451268,0.0503702238202095
"53084",113.74078766092,-22.6751356451268,0.0510216578841209
"53359",112.917624029927,-22.7574520082261,0.0493118837475777
"53360",112.999940393027,-22.7574520082261,0.04916687682271
"53361",113.082256756126,-22.7574520082261,0.0490473620593548
"53362",113.164573119225,-22.7574520082261,0.0490338727831841
"53363",113.246889482325,-22.7574520082261,0.0490672700107098
"53364",113.329205845424,-22.7574520082261,0.049286849796772
"53365",113.411522208523,-22.7574520082261,0.0495321378111839
"53366",113.493838571622,-22.7574520082261,0.0497664920985699
"53367",113.576154934722,-22.7574520082261,0.0502338260412216
"53368",113.658471297821,-22.7574520082261,0.0507284998893738
"53369",113.74078766092,-22.7574520082261,0.0513419434428215
"53643",112.835307666828,-22.8397683713254,0.0493157729506493
"53644",112.917624029927,-22.8397683713254,0.0492076352238655
"53645",112.999940393027,-22.8397683713254,0.0490469373762608
"53646",113.082256756126,-22.8397683713254,0.049010306596756
"53647",113.164573119225,-22.8397683713254,0.0490529425442219
"53648",113.246889482325,-22.8397683713254,0.0491162650287151
"53649",113.329205845424,-22.8397683713254,0.0493185110390186
"53650",113.411522208523,-22.8397683713254,0.0495810024440289
"53651",113.493838571622,-22.8397683713254,0.0499222837388515
"53652",113.576154934722,-22.8397683713254,0.0503996945917606
"53653",113.658471297821,-22.8397683713254,0.0510004684329033
"53654",113.74078766092,-22.8397683713254,0.0515409484505653
"53655",113.82310402402,-22.8397683713254,0.0521609410643578
"53928",112.835307666828,-22.9220847344247,0.0491019114851952
"53929",112.917624029927,-22.9220847344247,0.0489891842007637
"53930",112.999940393027,-22.9220847344247,0.0488960668444633
"53931",113.082256756126,-22.9220847344247,0.0489067137241364
"53932",113.164573119225,-22.9220847344247,0.0489498674869537
"53933",113.246889482325,-22.9220847344247,0.0490950457751751
"53934",113.329205845424,-22.9220847344247,0.0493590719997883
"53935",113.411522208523,-22.9220847344247,0.0496482402086258
"53936",113.493838571622,-22.9220847344247,0.0500265508890152
"53937",113.576154934722,-22.9220847344247,0.0504704676568508
"53938",113.658471297821,-22.9220847344247,0.0510013252496719
"53939",113.74078766092,-22.9220847344247,0.0515701323747635
"53940",113.82310402402,-22.9220847344247,0.0521924309432507
"54213",112.835307666828,-23.004401097524,0.0488585866987705
"54214",112.917624029927,-23.004401097524,0.0487620830535889
"54215",112.999940393027,-23.004401097524,0.048691637814045
"54216",113.082256756126,-23.004401097524,0.0487708002328873
"54217",113.164573119225,-23.004401097524,0.0489034466445446
"54218",113.246889482325,-23.004401097524,0.0490679517388344
"54219",113.329205845424,-23.004401097524,0.0492834821343422
"54220",113.411522208523,-23.004401097524,0.0496018156409264
"54221",113.493838571622,-23.004401097524,0.0500152409076691
"54222",113.576154934722,-23.004401097524,0.0504596792161465
"54223",113.658471297821,-23.004401097524,0.0509352907538414
"54224",113.74078766092,-23.004401097524,0.0515020787715912
"54225",113.82310402402,-23.004401097524,0.0519571788609028
"54497",112.752991303729,-23.0867174606232,0.0485401526093483
"54498",112.835307666828,-23.0867174606232,0.0485351905226707
"54499",112.917624029927,-23.0867174606232,0.0484799668192863
"54500",112.999940393027,-23.0867174606232,0.0484373494982719
"54501",113.082256756126,-23.0867174606232,0.0485719814896584
"54502",113.164573119225,-23.0867174606232,0.0486749932169914
"54503",113.246889482325,-23.0867174606232,0.0488454438745975
"54504",113.329205845424,-23.0867174606232,0.0490931272506714
"54505",113.411522208523,-23.0867174606232,0.0494419671595097
"54506",113.493838571622,-23.0867174606232,0.0498539172112942
"54507",113.576154934722,-23.0867174606232,0.0502723306417465
"54508",113.658471297821,-23.0867174606232,0.0507021099328995
"54509",113.74078766092,-23.0867174606232,0.0511860437691212
"54510",113.82310402402,-23.0867174606232,0.051544975489378
"54781",112.67067494063,-23.1690338237225,0.0483117662370205
"54782",112.752991303729,-23.1690338237225,0.0481955520808697
"54783",112.835307666828,-23.1690338237225,0.0481298603117466
"54784",112.917624029927,-23.1690338237225,0.0480939261615276
"54785",112.999940393027,-23.1690338237225,0.0481739789247513
"54786",113.082256756126,-23.1690338237225,0.0482268482446671
"54787",113.164573119225,-23.1690338237225,0.0483776591718197
"54788",113.246889482325,-23.1690338237225,0.048579353839159
"54789",113.329205845424,-23.1690338237225,0.0488765239715576
"54790",113.411522208523,-23.1690338237225,0.0491938292980194
"54791",113.493838571622,-23.1690338237225,0.0495650805532932
"54792",113.576154934722,-23.1690338237225,0.0499557927250862
"54793",113.658471297821,-23.1690338237225,0.0503902956843376
"54794",113.74078766092,-23.1690338237225,0.0508424751460552
"54795",113.82310402402,-23.1690338237225,0.0511976033449173
"54796",113.905420387119,-23.1690338237225,0.0513310246169567
"55065",112.58835857753,-23.2513501868218,0.0479144677519798
"55066",112.67067494063,-23.2513501868218,0.0478423833847046
"55067",112.752991303729,-23.2513501868218,0.047729566693306
"55068",112.835307666828,-23.2513501868218,0.0476869381964207
"55069",112.917624029927,-23.2513501868218,0.0476740300655365
"55070",112.999940393027,-23.2513501868218,0.0477641448378563
"55071",113.082256756126,-23.2513501868218,0.0478827320039272
"55072",113.164573119225,-23.2513501868218,0.0480293184518814
"55073",113.246889482325,-23.2513501868218,0.0481934435665607
"55074",113.329205845424,-23.2513501868218,0.0485127605497837
"55075",113.411522208523,-23.2513501868218,0.0488296858966351
"55076",113.493838571622,-23.2513501868218,0.0492162629961967
"55077",113.576154934722,-23.2513501868218,0.0495753400027752
"55078",113.658471297821,-23.2513501868218,0.0499954931437969
"55079",113.74078766092,-23.2513501868218,0.0503188222646713
"55080",113.82310402402,-23.2513501868218,0.0507025495171547
"55350",112.58835857753,-23.3336665499211,0.0473481081426144
"55351",112.67067494063,-23.3336665499211,0.0472738668322563
"55352",112.752991303729,-23.3336665499211,0.0471808575093746
"55353",112.835307666828,-23.3336665499211,0.0471839010715485
"55354",112.917624029927,-23.3336665499211,0.0471947565674782
"55355",112.999940393027,-23.3336665499211,0.0472478494048119
"55356",113.082256756126,-23.3336665499211,0.0474221035838127
"55357",113.164573119225,-23.3336665499211,0.0476389303803444
"55358",113.246889482325,-23.3336665499211,0.0478267632424831
"55359",113.329205845424,-23.3336665499211,0.0480443798005581
"55360",113.411522208523,-23.3336665499211,0.0483901463449001
"55361",113.493838571622,-23.3336665499211,0.0487641170620918
"55362",113.576154934722,-23.3336665499211,0.0490018762648106
"55363",113.658471297821,-23.3336665499211,0.0493021942675114
"55364",113.74078766092,-23.3336665499211,0.0496850498020649
"55365",113.82310402402,-23.3336665499211,0.0500659197568893
"55634",112.506042214431,-23.4159829130204,0.0470307357609272
"55635",112.58835857753,-23.4159829130204,0.0467616133391857
"55636",112.67067494063,-23.4159829130204,0.04667978733778
"55637",112.752991303729,-23.4159829130204,0.0466038770973682
"55638",112.835307666828,-23.4159829130204,0.0465894713997841
"55639",112.917624029927,-23.4159829130204,0.0466584637761116
"55640",112.999940393027,-23.4159829130204,0.0467430949211121
"55641",113.082256756126,-23.4159829130204,0.0468811392784119
"55642",113.164573119225,-23.4159829130204,0.047083642333746
"55643",113.246889482325,-23.4159829130204,0.0473088473081589
"55644",113.329205845424,-23.4159829130204,0.047530472278595
"55645",113.411522208523,-23.4159829130204,0.0478063337504864
"55646",113.493838571622,-23.4159829130204,0.0481154322624207
"55647",113.576154934722,-23.4159829130204,0.0484594218432903
"55648",113.658471297821,-23.4159829130204,0.0487598292529583
"55649",113.74078766092,-23.4159829130204,0.0490702688694
"55650",113.82310402402,-23.4159829130204,0.0493486970663071
"55917",112.341409488233,-23.4982992761197,0.0467972531914711
"55918",112.423725851332,-23.4982992761197,0.0465090088546276
"55919",112.506042214431,-23.4982992761197,0.0463003776967525
"55920",112.58835857753,-23.4982992761197,0.0461719706654549
"55921",112.67067494063,-23.4982992761197,0.0460224747657776
"55922",112.752991303729,-23.4982992761197,0.0459784753620625
"55923",112.835307666828,-23.4982992761197,0.0459666810929775
"55924",112.917624029927,-23.4982992761197,0.0460044108331203
"55925",112.999940393027,-23.4982992761197,0.0461382456123829
"55926",113.082256756126,-23.4982992761197,0.046282060444355
"55927",113.164573119225,-23.4982992761197,0.0464928150177002
"55928",113.246889482325,-23.4982992761197,0.0466816648840904
"55929",113.329205845424,-23.4982992761197,0.0468898713588715
"55930",113.411522208523,-23.4982992761197,0.0471294447779655
"55931",113.493838571622,-23.4982992761197,0.047409150749445
"55932",113.576154934722,-23.4982992761197,0.047701321542263
"55933",113.658471297821,-23.4982992761197,0.0479792878031731
"55934",113.74078766092,-23.4982992761197,0.0482446700334549
"55935",113.82310402402,-23.4982992761197,0.0484871082007885
"56200",112.176776762034,-23.5806156392189,0.0462138392031193
"56201",112.259093125133,-23.5806156392189,0.0461392179131508
"56202",112.341409488233,-23.5806156392189,0.0460219234228134
"56203",112.423725851332,-23.5806156392189,0.0457719564437866
"56204",112.506042214431,-23.5806156392189,0.0455865114927292
"56205",112.58835857753,-23.5806156392189,0.0454597845673561
"56206",112.67067494063,-23.5806156392189,0.0453428477048874
"56207",112.752991303729,-23.5806156392189,0.0452910996973515
"56208",112.835307666828,-23.5806156392189,0.045321449637413
"56209",112.917624029927,-23.5806156392189,0.0452898219227791
"56210",112.999940393027,-23.5806156392189,0.0454642660915852
"56211",113.082256756126,-23.5806156392189,0.0455424413084984
"56212",113.164573119225,-23.5806156392189,0.0457271337509155
"56213",113.246889482325,-23.5806156392189,0.0459349378943443
"56214",113.329205845424,-23.5806156392189,0.0461420938372612
"56215",113.411522208523,-23.5806156392189,0.0463895983994007
"56216",113.493838571622,-23.5806156392189,0.0466835126280785
"56217",113.576154934722,-23.5806156392189,0.046932265162468
"56218",113.658471297821,-23.5806156392189,0.0471567995846272
"56219",113.74078766092,-23.5806156392189,0.0473907552659512
"56220",113.82310402402,-23.5806156392189,0.0475900694727898
"56485",112.176776762034,-23.6629320023182,0.0457052774727345
"56486",112.259093125133,-23.6629320023182,0.0454479567706585
"56487",112.341409488233,-23.6629320023182,0.0451930686831474
"56488",112.423725851332,-23.6629320023182,0.0449673943221569
"56489",112.506042214431,-23.6629320023182,0.0448056273162365
"56490",112.58835857753,-23.6629320023182,0.0446684211492538
"56491",112.67067494063,-23.6629320023182,0.044554777443409
"56492",112.752991303729,-23.6629320023182,0.0445200577378273
"56493",112.835307666828,-23.6629320023182,0.0445501655340195
"56494",112.917624029927,-23.6629320023182,0.0445684194564819
"56495",112.999940393027,-23.6629320023182,0.0446892268955708
"56496",113.082256756126,-23.6629320023182,0.0448511727154255
"56497",113.164573119225,-23.6629320023182,0.0449852757155895
"56498",113.246889482325,-23.6629320023182,0.0451677888631821
"56499",113.329205845424,-23.6629320023182,0.0453303568065166
"56500",113.411522208523,-23.6629320023182,0.0455633327364922
"56501",113.493838571622,-23.6629320023182,0.0458646006882191
"56502",113.576154934722,-23.6629320023182,0.0460254512727261
"56503",113.658471297821,-23.6629320023182,0.046237338334322
"56769",112.094460398935,-23.7452483654175,0.0449789203703403
"56770",112.176776762034,-23.7452483654175,0.0448796302080154
"56771",112.259093125133,-23.7452483654175,0.0445321723818779
"56772",112.341409488233,-23.7452483654175,0.0442981794476509
"56773",112.423725851332,-23.7452483654175,0.0440885238349438
"56774",112.506042214431,-23.7452483654175,0.0439057983458042
"56775",112.58835857753,-23.7452483654175,0.0438127815723419
"56776",112.67067494063,-23.7452483654175,0.0437196753919125
"56777",112.752991303729,-23.7452483654175,0.0436877645552158
"56778",112.835307666828,-23.7452483654175,0.0437247008085251
"56779",112.917624029927,-23.7452483654175,0.0437669157981873
"56780",112.999940393027,-23.7452483654175,0.0438663735985756
"56781",113.082256756126,-23.7452483654175,0.0440197736024857
"56782",113.164573119225,-23.7452483654175,0.0441364757716656
"56783",113.246889482325,-23.7452483654175,0.0443154722452164
"56784",113.329205845424,-23.7452483654175,0.0444831326603889
"56785",113.411522208523,-23.7452483654175,0.0446950308978558
"56786",113.493838571622,-23.7452483654175,0.0449564084410667
"56787",113.576154934722,-23.7452483654175,0.0451059378683567
"57054",112.094460398935,-23.8275647285168,0.0442423336207867
"57055",112.176776762034,-23.8275647285168,0.043943427503109
"57056",112.259093125133,-23.8275647285168,0.0436368808150291
"57057",112.341409488233,-23.8275647285168,0.043350376188755
"57058",112.423725851332,-23.8275647285168,0.0432029254734516
"57059",112.506042214431,-23.8275647285168,0.0429835766553879
"57060",112.58835857753,-23.8275647285168,0.0429252646863461
"57061",112.67067494063,-23.8275647285168,0.042825736105442
"57062",112.752991303729,-23.8275647285168,0.042813166975975
"57063",112.835307666828,-23.8275647285168,0.0428386852145195
"57064",112.917624029927,-23.8275647285168,0.0428749583661556
"57065",112.999940393027,-23.8275647285168,0.0429593175649643
"57066",113.082256756126,-23.8275647285168,0.0430966913700104
"57067",113.164573119225,-23.8275647285168,0.0432507582008839
"57068",113.246889482325,-23.8275647285168,0.0434161722660065
"57069",113.329205845424,-23.8275647285168,0.0435638949275017
"57070",113.411522208523,-23.8275647285168,0.043777372688055
"57071",113.493838571622,-23.8275647285168,0.043951116502285
"57072",113.576154934722,-23.8275647285168,0.0440915003418922
"57337",111.929827672736,-23.9098810916161,0.043771255761385
"57338",112.012144035835,-23.9098810916161,0.0435335412621498
"57339",112.094460398935,-23.9098810916161,0.0432515814900398
"57340",112.176776762034,-23.9098810916161,0.0429418496787548
"57341",112.259093125133,-23.9098810916161,0.0426564291119576
"57342",112.341409488233,-23.9098810916161,0.0424114018678665
"57343",112.423725851332,-23.9098810916161,0.0422319322824478
"57344",112.506042214431,-23.9098810916161,0.0420413054525852
"57345",112.58835857753,-23.9098810916161,0.0419441424310207
"57346",112.67067494063,-23.9098810916161,0.0418764539062977
"57347",112.752991303729,-23.9098810916161,0.0418859571218491
"57348",112.835307666828,-23.9098810916161,0.0419090129435062
"57349",112.917624029927,-23.9098810916161,0.0419429801404476
"57350",112.999940393027,-23.9098810916161,0.042053047567606
"57351",113.082256756126,-23.9098810916161,0.0421461127698421
"57352",113.164573119225,-23.9098810916161,0.0422637388110161
"57353",113.246889482325,-23.9098810916161,0.0424072593450546
"57354",113.329205845424,-23.9098810916161,0.0425476431846619
"57355",113.411522208523,-23.9098810916161,0.0427156463265419
"57356",113.493838571622,-23.9098810916161,0.0429241769015789
"57357",113.576154934722,-23.9098810916161,0.0430155321955681
"57622",111.929827672736,-23.9921974547154,0.0428380854427814
"57623",112.012144035835,-23.9921974547154,0.0425842963159084
"57624",112.094460398935,-23.9921974547154,0.0422014370560646
"57625",112.176776762034,-23.9921974547154,0.0418856479227543
"57626",112.259093125133,-23.9921974547154,0.0416189506649971
"57627",112.341409488233,-23.9921974547154,0.0413905046880245
"57628",112.423725851332,-23.9921974547154,0.0411818288266659
"57629",112.506042214431,-23.9921974547154,0.0410452894866467
"57630",112.58835857753,-23.9921974547154,0.0409493781626225
"57631",112.67067494063,-23.9921974547154,0.0408891178667545
"57632",112.752991303729,-23.9921974547154,0.040875717997551
"57633",112.835307666828,-23.9921974547154,0.0409109517931938
"57634",112.917624029927,-23.9921974547154,0.0408996492624283
"57635",112.999940393027,-23.9921974547154,0.0409174151718616
"57636",113.082256756126,-23.9921974547154,0.0410729981958866
"57637",113.164573119225,-23.9921974547154,0.0411993935704231
"57638",113.246889482325,-23.9921974547154,0.0413077771663666
"57639",113.329205845424,-23.9921974547154,0.0414766445755959
"57640",113.411522208523,-23.9921974547154,0.0416005179286003
"57641",113.493838571622,-23.9921974547154,0.0416480749845505
"57906",111.847511309637,-24.0745138178147,0.0422873459756374
"57907",111.929827672736,-24.0745138178147,0.041913840919733
"57908",112.012144035835,-24.0745138178147,0.0415101684629917
"57909",112.094460398935,-24.0745138178147,0.0411189943552017
"57910",112.176776762034,-24.0745138178147,0.0408009216189384
"57911",112.259093125133,-24.0745138178147,0.0405117943882942
"57912",112.341409488233,-24.0745138178147,0.0402910672128201
"57913",112.423725851332,-24.0745138178147,0.0401275306940079
"57914",112.506042214431,-24.0745138178147,0.0400000438094139
"57915",112.58835857753,-24.0745138178147,0.0399083457887173
"57916",112.67067494063,-24.0745138178147,0.0398453325033188
"57917",112.752991303729,-24.0745138178147,0.0398278087377548
"57918",112.835307666828,-24.0745138178147,0.0398170351982117
"57919",112.917624029927,-24.0745138178147,0.0398917123675346
"57920",112.999940393027,-24.0745138178147,0.0399255640804768
"57921",113.082256756126,-24.0745138178147,0.040039848536253
"57922",113.164573119225,-24.0745138178147,0.0401549078524113
"57923",113.246889482325,-24.0745138178147,0.0401761382818222
"57924",113.329205845424,-24.0745138178147,0.0403339378535748
"57925",113.411522208523,-24.0745138178147,0.0404576286673546
"57926",113.493838571622,-24.0745138178147,0.0405672676861286
"58191",111.847511309637,-24.1568301809139,0.0412241667509079
"58192",111.929827672736,-24.1568301809139,0.0407836996018887
"58193",112.012144035835,-24.1568301809139,0.0403310395777225
"58194",112.094460398935,-24.1568301809139,0.0400018133223057
"58195",112.176776762034,-24.1568301809139,0.0396814048290253
"58196",112.259093125133,-24.1568301809139,0.039401326328516
"58197",112.341409488233,-24.1568301809139,0.0392163619399071
"58198",112.423725851332,-24.1568301809139,0.039004173129797
"58199",112.506042214431,-24.1568301809139,0.0388849154114723
"58200",112.58835857753,-24.1568301809139,0.0388042815029621
"58201",112.67067494063,-24.1568301809139,0.0387411825358868
"58202",112.752991303729,-24.1568301809139,0.0387007929384708
"58203",112.835307666828,-24.1568301809139,0.038693655282259
"58204",112.917624029927,-24.1568301809139,0.0387620441615582
"58205",112.999940393027,-24.1568301809139,0.0387594811618328
"58206",113.082256756126,-24.1568301809139,0.0388701669871807
"58207",113.164573119225,-24.1568301809139,0.0390186794102192
"58208",113.246889482325,-24.1568301809139,0.0389845632016659
"58209",113.329205845424,-24.1568301809139,0.0391415767371655
"58210",113.411522208523,-24.1568301809139,0.0391880199313164
"58211",113.493838571622,-24.1568301809139,0.0393026582896709
"58475",111.765194946538,-24.2391465440132,0.0405247695744038
"58476",111.847511309637,-24.2391465440132,0.0400400310754776
"58477",111.929827672736,-24.2391465440132,0.0396148078143597
"58478",112.012144035835,-24.2391465440132,0.0392088107764721
"58479",112.094460398935,-24.2391465440132,0.0388391055166721
"58480",112.176776762034,-24.2391465440132,0.0385210402309895
"58481",112.259093125133,-24.2391465440132,0.0382592044770718
"58482",112.341409488233,-24.2391465440132,0.0380713865160942
"58483",112.423725851332,-24.2391465440132,0.0378562994301319
"58484",112.506042214431,-24.2391465440132,0.037738773971796
"58485",112.58835857753,-24.2391465440132,0.0376602560281754
"58486",112.67067494063,-24.2391465440132,0.0375951714813709
"58487",112.752991303729,-24.2391465440132,0.0375220589339733
"58488",112.835307666828,-24.2391465440132,0.0374957360327244
"58489",112.917624029927,-24.2391465440132,0.0375563874840736
"58490",112.999940393027,-24.2391465440132,0.0376095250248909
"58491",113.082256756126,-24.2391465440132,0.0376589857041836
"58492",113.164573119225,-24.2391465440132,0.0377510376274586
"58493",113.246889482325,-24.2391465440132,0.0377733148634434
"58494",113.329205845424,-24.2391465440132,0.0378921888768673
"58495",113.411522208523,-24.2391465440132,0.0379893369972706
"58496",113.493838571622,-24.2391465440132,0.0379957184195518
"58759",111.682878583438,-24.3214629071125,0.0399315245449543
"58760",111.765194946538,-24.3214629071125,0.0393634885549545
"58761",111.847511309637,-24.3214629071125,0.0388219319283962
"58762",111.929827672736,-24.3214629071125,0.038379542529583
"58763",112.012144035835,-24.3214629071125,0.0380098223686218
"58764",112.094460398935,-24.3214629071125,0.0376508086919785
"58765",112.176776762034,-24.3214629071125,0.0373506881296635
"58766",112.259093125133,-24.3214629071125,0.0371129065752029
"58767",112.341409488233,-24.3214629071125,0.0368328988552094
"58768",112.423725851332,-24.3214629071125,0.0367141701281071
"58769",112.506042214431,-24.3214629071125,0.0365352407097816
"58770",112.58835857753,-24.3214629071125,0.0364442281424999
"58771",112.67067494063,-24.3214629071125,0.0363747626543045
"58772",112.752991303729,-24.3214629071125,0.0363368354737759
"58773",112.835307666828,-24.3214629071125,0.0363109260797501
"58774",112.917624029927,-24.3214629071125,0.0362918078899384
"58775",112.999940393027,-24.3214629071125,0.0363388359546661
"58776",113.082256756126,-24.3214629071125,0.0364005081355572
"58777",113.164573119225,-24.3214629071125,0.0364533104002476
"58778",113.246889482325,-24.3214629071125,0.0365178771317005
"58779",113.329205845424,-24.3214629071125,0.0365736037492752
"58780",113.411522208523,-24.3214629071125,0.0366787239909172
"59045",111.765194946538,-24.4037792702118,0.0378695465624332
"59046",111.847511309637,-24.4037792702118,0.0376125760376453
"59047",111.929827672736,-24.4037792702118,0.0371629819273949
"59048",112.012144035835,-24.4037792702118,0.036782369017601
"59049",112.094460398935,-24.4037792702118,0.0364391878247261
"59050",112.176776762034,-24.4037792702118,0.0361029393970966
"59051",112.259093125133,-24.4037792702118,0.0358202233910561
"59052",112.341409488233,-24.4037792702118,0.0356315746903419
"59053",112.423725851332,-24.4037792702118,0.0354200229048729
"59054",112.506042214431,-24.4037792702118,0.0352358594536781
"59055",112.58835857753,-24.4037792702118,0.0351462662220001
"59056",112.67067494063,-24.4037792702118,0.0350651443004608
"59057",112.752991303729,-24.4037792702118,0.0350303500890732
"59058",112.835307666828,-24.4037792702118,0.0350014120340347
"59059",112.917624029927,-24.4037792702118,0.0349956005811691
"59060",112.999940393027,-24.4037792702118,0.0349943786859512
"59061",113.082256756126,-24.4037792702118,0.0350858308374882
"59062",113.164573119225,-24.4037792702118,0.0351111032068729
"59063",113.246889482325,-24.4037792702118,0.035153716802597
"59064",113.329205845424,-24.4037792702118,0.0352034568786621
"59065",113.411522208523,-24.4037792702118,0.0352140069007874
"59329",111.682878583438,-24.4860956333111,0.0372708104550838
"59330",111.765194946538,-24.4860956333111,0.0367762632668018
"59331",111.847511309637,-24.4860956333111,0.0363480858504772
"59332",111.929827672736,-24.4860956333111,0.035896897315979
"59333",112.012144035835,-24.4860956333111,0.0355371683835983
"59334",112.094460398935,-24.4860956333111,0.0351855456829071
"59335",112.176776762034,-24.4860956333111,0.0348119214177132
"59336",112.259093125133,-24.4860956333111,0.034526489675045
"59337",112.341409488233,-24.4860956333111,0.0343375690281391
"59338",112.423725851332,-24.4860956333111,0.0341312065720558
"59339",112.506042214431,-24.4860956333111,0.0339386947453022
"59340",112.58835857753,-24.4860956333111,0.0338459461927414
"59341",112.67067494063,-24.4860956333111,0.033791545778513
"59342",112.752991303729,-24.4860956333111,0.0337186008691788
"59343",112.835307666828,-24.4860956333111,0.0336774252355099
"59344",112.917624029927,-24.4860956333111,0.0336642116308212
"59345",112.999940393027,-24.4860956333111,0.0336927883327007
"59346",113.082256756126,-24.4860956333111,0.0336940437555313
"59347",113.164573119225,-24.4860956333111,0.0337053202092648
"59348",113.246889482325,-24.4860956333111,0.0337507538497448
"59349",113.329205845424,-24.4860956333111,0.0337992683053017
"59350",113.411522208523,-24.4860956333111,0.0338548496365547
"59351",113.493838571622,-24.4860956333111,0.0338406339287758
"59614",111.682878583438,-24.5684119964104,0.0360029563307762
"59615",111.765194946538,-24.5684119964104,0.0354994274675846
"59616",111.847511309637,-24.5684119964104,0.03502531722188
"59617",111.929827672736,-24.5684119964104,0.0345938242971897
"59618",112.012144035835,-24.5684119964104,0.0342630185186863
"59619",112.094460398935,-24.5684119964104,0.0338985994458199
"59620",112.176776762034,-24.5684119964104,0.0335720516741276
"59621",112.259093125133,-24.5684119964104,0.033287800848484
"59622",112.341409488233,-24.5684119964104,0.0330039337277412
"59623",112.423725851332,-24.5684119964104,0.0327667370438576
"59624",112.506042214431,-24.5684119964104,0.0326243005692959
"59625",112.58835857753,-24.5684119964104,0.0325415246188641
"59626",112.67067494063,-24.5684119964104,0.0324700511991978
"59627",112.752991303729,-24.5684119964104,0.0323759391903877
"59628",112.835307666828,-24.5684119964104,0.0323109962046146
"59629",112.917624029927,-24.5684119964104,0.0322878360748291
"59630",112.999940393027,-24.5684119964104,0.0322702452540398
"59631",113.082256756126,-24.5684119964104,0.0322325155138969
"59632",113.164573119225,-24.5684119964104,0.0322888158261776
"59633",113.246889482325,-24.5684119964104,0.0323472730815411
"59634",113.329205845424,-24.5684119964104,0.0323603861033916
"59635",113.411522208523,-24.5684119964104,0.0323426201939583
"59636",113.493838571622,-24.5684119964104,0.0322840660810471
"59899",111.682878583438,-24.6507283595096,0.0347110405564308
"59900",111.765194946538,-24.6507283595096,0.0342025272548199
"59901",111.847511309637,-24.6507283595096,0.0337760969996452
"59902",111.929827672736,-24.6507283595096,0.0333071164786816
"59903",112.012144035835,-24.6507283595096,0.0329588130116463
"59904",112.094460398935,-24.6507283595096,0.0325355008244514
"59905",112.176776762034,-24.6507283595096,0.0322260856628418
"59906",112.259093125133,-24.6507283595096,0.0319090448319912
"59907",112.341409488233,-24.6507283595096,0.0316470116376877
"59908",112.423725851332,-24.6507283595096,0.0314258821308613
"59909",112.506042214431,-24.6507283595096,0.0312613695859909
"59910",112.58835857753,-24.6507283595096,0.0311352498829365
"59911",112.67067494063,-24.6507283595096,0.031029686331749
"59912",112.752991303729,-24.6507283595096,0.030951377004385
"59913",112.835307666828,-24.6507283595096,0.0308949686586857
"59914",112.917624029927,-24.6507283595096,0.030858438462019
"59915",112.999940393027,-24.6507283595096,0.0308454763144255
"59916",113.082256756126,-24.6507283595096,0.030791325494647
"59917",113.164573119225,-24.6507283595096,0.0308204237371683
"59918",113.246889482325,-24.6507283595096,0.0308393761515617
"59919",113.329205845424,-24.6507283595096,0.0308334492146969
"59920",113.411522208523,-24.6507283595096,0.0308991875499487
"59921",113.493838571622,-24.6507283595096,0.0308474469929934
"59922",113.576154934722,-24.6507283595096,0.0305847618728876
"60183",111.600562220339,-24.7330447226089,0.0337043665349483
"60184",111.682878583438,-24.7330447226089,0.0334227867424488
"60185",111.765194946538,-24.7330447226089,0.0328764319419861
"60186",111.847511309637,-24.7330447226089,0.0323830917477608
"60187",111.929827672736,-24.7330447226089,0.0319288298487663
"60188",112.012144035835,-24.7330447226089,0.0315413810312748
"60189",112.094460398935,-24.7330447226089,0.0311677325516939
"60190",112.176776762034,-24.7330447226089,0.0308421049267054
"60191",112.259093125133,-24.7330447226089,0.0305205043405294
"60192",112.341409488233,-24.7330447226089,0.0302211754024029
"60193",112.423725851332,-24.7330447226089,0.0300701428204775
"60194",112.506042214431,-24.7330447226089,0.0298413448035717
"60195",112.58835857753,-24.7330447226089,0.0296592302620411
"60196",112.67067494063,-24.7330447226089,0.0295539125800133
"60197",112.752991303729,-24.7330447226089,0.0294906292110682
"60198",112.835307666828,-24.7330447226089,0.0293782241642475
"60199",112.917624029927,-24.7330447226089,0.0293285753577948
"60200",112.999940393027,-24.7330447226089,0.029345003888011
"60201",113.082256756126,-24.7330447226089,0.0293157678097486
"60202",113.164573119225,-24.7330447226089,0.029301080852747
"60203",113.246889482325,-24.7330447226089,0.0293269213289022
"60204",113.329205845424,-24.7330447226089,0.029285604134202
"60205",113.411522208523,-24.7330447226089,0.0293489173054695
"60206",113.493838571622,-24.7330447226089,0.0293068159371614
"60207",113.576154934722,-24.7330447226089,0.0293113477528095
"60208",113.658471297821,-24.7330447226089,0.0288042705506086
"60468",111.600562220339,-24.8153610857082,0.0324630849063396
"60469",111.682878583438,-24.8153610857082,0.0320030711591244
"60470",111.765194946538,-24.8153610857082,0.0314675606787205
"60471",111.847511309637,-24.8153610857082,0.031009878963232
"60472",111.929827672736,-24.8153610857082,0.0305431168526411
"60473",112.012144035835,-24.8153610857082,0.0301031097769737
"60474",112.094460398935,-24.8153610857082,0.0297493860125542
"60475",112.176776762034,-24.8153610857082,0.0294491909444332
"60476",112.259093125133,-24.8153610857082,0.0291476156562567
"60477",112.341409488233,-24.8153610857082,0.0288617759943008
"60478",112.423725851332,-24.8153610857082,0.0286433342844248
"60479",112.506042214431,-24.8153610857082,0.0283859651535749
"60480",112.58835857753,-24.8153610857082,0.0281917061656713
"60481",112.67067494063,-24.8153610857082,0.0280547272413969
"60482",112.752991303729,-24.8153610857082,0.0280166696757078
"60483",112.835307666828,-24.8153610857082,0.027916369959712
"60484",112.917624029927,-24.8153610857082,0.0278329271823168
"60485",112.999940393027,-24.8153610857082,0.0277702622115612
"60486",113.082256756126,-24.8153610857082,0.02773692086339
"60487",113.164573119225,-24.8153610857082,0.027736347168684
"60488",113.246889482325,-24.8153610857082,0.027761897072196
"60489",113.329205845424,-24.8153610857082,0.0277792066335678
"60490",113.411522208523,-24.8153610857082,0.0277792047709227
"60491",113.493838571622,-24.8153610857082,0.02776013687253
"60492",113.576154934722,-24.8153610857082,0.0277197901159525
"60493",113.658471297821,-24.8153610857082,0.0276788007467985
"60753",111.600562220339,-24.8976774488075,0.0311943963170052
"60754",111.682878583438,-24.8976774488075,0.0306298714131117
"60755",111.765194946538,-24.8976774488075,0.0300822854042053
"60756",111.847511309637,-24.8976774488075,0.0295751597732306
"60757",111.929827672736,-24.8976774488075,0.0291306637227535
"60758",112.012144035835,-24.8976774488075,0.0286909714341164
"60759",112.094460398935,-24.8976774488075,0.0282903704792261
"60760",112.176776762034,-24.8976774488075,0.027965584769845
"60761",112.259093125133,-24.8976774488075,0.0276893526315689
"60762",112.341409488233,-24.8976774488075,0.0273897107690573
"60763",112.423725851332,-24.8976774488075,0.0271293390542269
"60764",112.506042214431,-24.8976774488075,0.0268813073635101
"60765",112.58835857753,-24.8976774488075,0.0267078075557947
"60766",112.67067494063,-24.8976774488075,0.0265819281339645
"60767",112.752991303729,-24.8976774488075,0.0264171976596117
"60768",112.835307666828,-24.8976774488075,0.0263654440641403
"60769",112.917624029927,-24.8976774488075,0.0262971241027117
"60770",112.999940393027,-24.8976774488075,0.0261904280632734
"60771",113.082256756126,-24.8976774488075,0.0261444896459579
"60772",113.164573119225,-24.8976774488075,0.0261262804269791
"60773",113.246889482325,-24.8976774488075,0.0261269938200712
"60774",113.329205845424,-24.8976774488075,0.0261071790009737
"60775",113.411522208523,-24.8976774488075,0.0260890778154135
"60776",113.493838571622,-24.8976774488075,0.0261077843606472
"60777",113.576154934722,-24.8976774488075,0.0260866824537516
"60778",113.658471297821,-24.8976774488075,0.025984289124608
"61038",111.600562220339,-24.9799938119068,0.0299247093498707
"61039",111.682878583438,-24.9799938119068,0.0292403884232044
"61040",111.765194946538,-24.9799938119068,0.0286820977926254
"61041",111.847511309637,-24.9799938119068,0.0281408745795488
"61042",111.929827672736,-24.9799938119068,0.02770134806633
"61043",112.012144035835,-24.9799938119068,0.0272545777261257
"61044",112.094460398935,-24.9799938119068,0.0268996749073267
"61045",112.176776762034,-24.9799938119068,0.0265243630856276
"61046",112.259093125133,-24.9799938119068,0.0261597223579884
"61047",112.341409488233,-24.9799938119068,0.0258654952049255
"61048",112.423725851332,-24.9799938119068,0.0256071984767914
"61049",112.506042214431,-24.9799938119068,0.0253513474017382
"61050",112.58835857753,-24.9799938119068,0.0251563396304846
"61051",112.67067494063,-24.9799938119068,0.0250473972409964
"61052",112.752991303729,-24.9799938119068,0.0248759556561708
"61053",112.835307666828,-24.9799938119068,0.0248156692832708
"61054",112.917624029927,-24.9799938119068,0.024663470685482
"61055",112.999940393027,-24.9799938119068,0.0245911628007889
"61056",113.082256756126,-24.9799938119068,0.024523152038455
"61057",113.164573119225,-24.9799938119068,0.0245002098381519
"61058",113.246889482325,-24.9799938119068,0.0245099253952503
"61059",113.329205845424,-24.9799938119068,0.024513503536582
"61060",113.411522208523,-24.9799938119068,0.0244814772158861
"61061",113.493838571622,-24.9799938119068,0.0244831703603268
"61062",113.576154934722,-24.9799938119068,0.024449085816741
"61063",113.658471297821,-24.9799938119068,0.0243476834148169
"61064",113.74078766092,-24.9799938119068,0.0243692845106125
"61324",111.682878583438,-25.0623101750061,0.0277573056519032
"61325",111.765194946538,-25.0623101750061,0.0272456146776676
"61326",111.847511309637,-25.0623101750061,0.026689026504755
"61327",111.929827672736,-25.0623101750061,0.0262316539883614
"61328",112.012144035835,-25.0623101750061,0.02578055113554
"61329",112.094460398935,-25.0623101750061,0.0253936238586903
"61330",112.176776762034,-25.0623101750061,0.0249867960810661
"61331",112.259093125133,-25.0623101750061,0.0246975813060999
"61332",112.341409488233,-25.0623101750061,0.0243576839566231
"61333",112.423725851332,-25.0623101750061,0.0240751747041941
"61334",112.506042214431,-25.0623101750061,0.0238153226673603
"61335",112.58835857753,-25.0623101750061,0.0236007459461689
"61336",112.67067494063,-25.0623101750061,0.023430535569787
"61337",112.752991303729,-25.0623101750061,0.0232571009546518
"61338",112.835307666828,-25.0623101750061,0.0230962876230478
"61339",112.917624029927,-25.0623101750061,0.0230076294392347
"61340",112.999940393027,-25.0623101750061,0.022950692102313
"61341",113.082256756126,-25.0623101750061,0.0228410437703133
"61342",113.164573119225,-25.0623101750061,0.022835411131382
"61343",113.246889482325,-25.0623101750061,0.0227868407964706
"61344",113.329205845424,-25.0623101750061,0.0228043086826801
"61345",113.411522208523,-25.0623101750061,0.0227919481694698
"61346",113.493838571622,-25.0623101750061,0.0227905753999949
"61347",113.576154934722,-25.0623101750061,0.0227669551968575
"61348",113.658471297821,-25.0623101750061,0.022673474624753
"61349",113.74078766092,-25.0623101750061,0.0224882271140814
"61608",111.600562220339,-25.1446265381054,0.0265285987406969
"61609",111.682878583438,-25.1446265381054,0.0263386964797974
"61610",111.765194946538,-25.1446265381054,0.0258058235049248
"61611",111.847511309637,-25.1446265381054,0.0252896603196859
"61612",111.929827672736,-25.1446265381054,0.0247709602117538
"61613",112.012144035835,-25.1446265381054,0.0243129637092352
"61614",112.094460398935,-25.1446265381054,0.0238997153937817
"61615",112.176776762034,-25.1446265381054,0.0235105529427528
"61616",112.259093125133,-25.1446265381054,0.0231347940862179
"61617",112.341409488233,-25.1446265381054,0.0228103995323181
"61618",112.423725851332,-25.1446265381054,0.0225330851972103
"61619",112.506042214431,-25.1446265381054,0.0222564451396465
"61620",112.58835857753,-25.1446265381054,0.0220117401331663
"61621",112.67067494063,-25.1446265381054,0.0217789486050606
"61622",112.752991303729,-25.1446265381054,0.0215939339250326
"61623",112.835307666828,-25.1446265381054,0.0214554332196712
"61624",112.917624029927,-25.1446265381054,0.0213300045579672
"61625",112.999940393027,-25.1446265381054,0.0212748106569052
"61626",113.082256756126,-25.1446265381054,0.0211862605065107
"61627",113.164573119225,-25.1446265381054,0.0211380030959845
"61628",113.246889482325,-25.1446265381054,0.0210825297981501
"61629",113.329205845424,-25.1446265381054,0.0210947822779417
"61630",113.411522208523,-25.1446265381054,0.0210773106664419
"61631",113.493838571622,-25.1446265381054,0.0210811328142881
"61632",113.576154934722,-25.1446265381054,0.0210435893386602
"61633",113.658471297821,-25.1446265381054,0.0209982767701149
"61634",113.74078766092,-25.1446265381054,0.0209208242595196
"61635",113.82310402402,-25.1446265381054,0.0208129063248634
"61636",113.905420387119,-25.1446265381054,0.0207329392433167
"61893",111.600562220339,-25.2269429012046,0.0252370405942202
"61894",111.682878583438,-25.2269429012046,0.0248639341443777
"61895",111.765194946538,-25.2269429012046,0.0243346933275461
"61896",111.847511309637,-25.2269429012046,0.0238180141896009
"61897",111.929827672736,-25.2269429012046,0.0232861135154963
"61898",112.012144035835,-25.2269429012046,0.0227874796837568
"61899",112.094460398935,-25.2269429012046,0.022373154759407
"61900",112.176776762034,-25.2269429012046,0.0219756178557873
"61901",112.259093125133,-25.2269429012046,0.0215777270495892
"61902",112.341409488233,-25.2269429012046,0.021175866946578
"61903",112.423725851332,-25.2269429012046,0.0209199152886868
"61904",112.506042214431,-25.2269429012046,0.0206669233739376
"61905",112.58835857753,-25.2269429012046,0.0203697234392166
"61906",112.67067494063,-25.2269429012046,0.0201467964798212
"61907",112.752991303729,-25.2269429012046,0.0199627410620451
"61908",112.835307666828,-25.2269429012046,0.0198064651340246
"61909",112.917624029927,-25.2269429012046,0.0196902863681316
"61910",112.999940393027,-25.2269429012046,0.0195850227028131
"61911",113.082256756126,-25.2269429012046,0.0194635558873415
"61912",113.164573119225,-25.2269429012046,0.0193834453821182
"61913",113.246889482325,-25.2269429012046,0.0193283800035715
"61914",113.329205845424,-25.2269429012046,0.0193565804511309
"61915",113.411522208523,-25.2269429012046,0.0193005781620741
"61916",113.493838571622,-25.2269429012046,0.0193204004317522
"61917",113.576154934722,-25.2269429012046,0.0192797612398863
"61918",113.658471297821,-25.2269429012046,0.0193227361887693
"61919",113.74078766092,-25.2269429012046,0.0192787516862154
"61920",113.82310402402,-25.2269429012046,0.019152482971549
"61921",113.905420387119,-25.2269429012046,0.0189348142594099
"61922",113.987736750218,-25.2269429012046,0.0186787471175194
"62178",111.600562220339,-25.3092592643039,0.0239841174334288
"62179",111.682878583438,-25.3092592643039,0.0234332829713821
"62180",111.765194946538,-25.3092592643039,0.0228473078459501
"62181",111.847511309637,-25.3092592643039,0.0222618766129017
"62182",111.929827672736,-25.3092592643039,0.0217669568955898
"62183",112.012144035835,-25.3092592643039,0.021308358758688
"62184",112.094460398935,-25.3092592643039,0.0208586826920509
"62185",112.176776762034,-25.3092592643039,0.0204291306436062
"62186",112.259093125133,-25.3092592643039,0.0199901182204485
"62187",112.341409488233,-25.3092592643039,0.0195907652378082
"62188",112.423725851332,-25.3092592643039,0.0192712899297476
"62189",112.506042214431,-25.3092592643039,0.0190035607665777
"62190",112.58835857753,-25.3092592643039,0.0187195986509323
"62191",112.67067494063,-25.3092592643039,0.0184156373143196
"62192",112.752991303729,-25.3092592643039,0.018277395516634
"62193",112.835307666828,-25.3092592643039,0.0181023776531219
"62194",112.917624029927,-25.3092592643039,0.0179402213543653
"62195",112.999940393027,-25.3092592643039,0.0178158227354288
"62196",113.082256756126,-25.3092592643039,0.0176978576928377
"62197",113.164573119225,-25.3092592643039,0.0176144298166037
"62198",113.246889482325,-25.3092592643039,0.0175606068223715
"62199",113.329205845424,-25.3092592643039,0.0175059121102095
"62200",113.411522208523,-25.3092592643039,0.0175505820661783
"62201",113.493838571622,-25.3092592643039,0.0175408888608217
"62202",113.576154934722,-25.3092592643039,0.0175217092037201
"62203",113.658471297821,-25.3092592643039,0.0175784323364496
"62204",113.74078766092,-25.3092592643039,0.0175315160304308
"62205",113.82310402402,-25.3092592643039,0.017477149143815
"62206",113.905420387119,-25.3092592643039,0.0173844844102859
"62463",111.600562220339,-25.3915756274032,0.0225954353809357
"62464",111.682878583438,-25.3915756274032,0.0219479911029339
"62465",111.765194946538,-25.3915756274032,0.0213667135685682
"62466",111.847511309637,-25.3915756274032,0.0207484252750874
"62467",111.929827672736,-25.3915756274032,0.0202405005693436
"62468",112.012144035835,-25.3915756274032,0.0197794940322638
"62469",112.094460398935,-25.3915756274032,0.0193213429301977
"62470",112.176776762034,-25.3915756274032,0.0188271105289459
"62471",112.259093125133,-25.3915756274032,0.0184091981500387
"62472",112.341409488233,-25.3915756274032,0.0180442817509174
"62473",112.423725851332,-25.3915756274032,0.0176632218062878
"62474",112.506042214431,-25.3915756274032,0.0173307303339243
"62475",112.58835857753,-25.3915756274032,0.017069211229682
"62476",112.67067494063,-25.3915756274032,0.0167966764420271
"62477",112.752991303729,-25.3915756274032,0.0165751297026873
"62478",112.835307666828,-25.3915756274032,0.0163722075521946
"62479",112.917624029927,-25.3915756274032,0.016174990683794
"62480",112.999940393027,-25.3915756274032,0.0160041730850935
"62481",113.082256756126,-25.3915756274032,0.0159146711230278
"62482",113.164573119225,-25.3915756274032,0.015817416831851
"62483",113.246889482325,-25.3915756274032,0.0157535802572966
"62484",113.329205845424,-25.3915756274032,0.0157326720654964
"62485",113.411522208523,-25.3915756274032,0.0157454144209623
"62486",113.493838571622,-25.3915756274032,0.0157644972205162
"62487",113.576154934722,-25.3915756274032,0.015788871794939
"62488",113.658471297821,-25.3915756274032,0.0158131867647171
"62489",113.74078766092,-25.3915756274032,0.0158300120383501
"62490",113.82310402402,-25.3915756274032,0.0157327931374311
"62491",113.905420387119,-25.3915756274032,0.0156892519444227
"62492",113.987736750218,-25.3915756274032,0.0152965681627393
"62749",111.682878583438,-25.4738919905025,0.020479841157794
"62750",111.765194946538,-25.4738919905025,0.0198409091681242
"62751",111.847511309637,-25.4738919905025,0.0192526299506426
"62752",111.929827672736,-25.4738919905025,0.0187188759446144
"62753",112.012144035835,-25.4738919905025,0.0182004012167454
"62754",112.094460398935,-25.4738919905025,0.0177442748099566
"62755",112.176776762034,-25.4738919905025,0.0172977112233639
"62756",112.259093125133,-25.4738919905025,0.0168509278446436
"62757",112.341409488233,-25.4738919905025,0.0164492726325989
"62758",112.423725851332,-25.4738919905025,0.0160642266273499
"62759",112.506042214431,-25.4738919905025,0.0156917683780193
"62760",112.58835857753,-25.4738919905025,0.0153646636754274
"62761",112.67067494063,-25.4738919905025,0.015063738450408
"62762",112.752991303729,-25.4738919905025,0.0148745561018586
"62763",112.835307666828,-25.4738919905025,0.0146304173395038
"62764",112.917624029927,-25.4738919905025,0.0144084021449089
"62765",112.999940393027,-25.4738919905025,0.0142374532297254
"62766",113.082256756126,-25.4738919905025,0.0141162890940905
"62767",113.164573119225,-25.4738919905025,0.0140174077823758
"62768",113.246889482325,-25.4738919905025,0.0139450477436185
"62769",113.329205845424,-25.4738919905025,0.0139173781499267
"62770",113.411522208523,-25.4738919905025,0.0138955879956484
"62771",113.493838571622,-25.4738919905025,0.0139245092868805
"62772",113.576154934722,-25.4738919905025,0.0139851756393909
"62773",113.658471297821,-25.4738919905025,0.0140089327469468
"62774",113.74078766092,-25.4738919905025,0.0140361823141575
"62775",113.82310402402,-25.4738919905025,0.0140669280663133
"62776",113.905420387119,-25.4738919905025,0.0140461623668671
"62777",113.987736750218,-25.4738919905025,0.0139732118695974
"62778",114.070053113317,-25.4738919905025,0.0133376326411963
"63034",111.682878583438,-25.5562083536018,0.0189388301223516
"63035",111.765194946538,-25.5562083536018,0.0183257348835468
"63036",111.847511309637,-25.5562083536018,0.0177235547453165
"63037",111.929827672736,-25.5562083536018,0.017163772135973
"63038",112.012144035835,-25.5562083536018,0.0166457798331976
"63039",112.094460398935,-25.5562083536018,0.016083562746644
"63040",112.176776762034,-25.5562083536018,0.0156715642660856
"63041",112.259093125133,-25.5562083536018,0.0152014410123229
"63042",112.341409488233,-25.5562083536018,0.0148240467533469
"63043",112.423725851332,-25.5562083536018,0.014429172500968
"63044",112.506042214431,-25.5562083536018,0.014062974601984
"63045",112.58835857753,-25.5562083536018,0.0137035762891173
"63046",112.67067494063,-25.5562083536018,0.0133790550753474
"63047",112.752991303729,-25.5562083536018,0.013108141720295
"63048",112.835307666828,-25.5562083536018,0.0128523325547576
"63049",112.917624029927,-25.5562083536018,0.012619087472558
"63050",112.999940393027,-25.5562083536018,0.012445411644876
"63051",113.082256756126,-25.5562083536018,0.0122348945587873
"63052",113.164573119225,-25.5562083536018,0.0121770333498716
"63053",113.246889482325,-25.5562083536018,0.0121168568730354
"63054",113.329205845424,-25.5562083536018,0.0120718544349074
"63055",113.411522208523,-25.5562083536018,0.0120506072416902
"63056",113.493838571622,-25.5562083536018,0.0120833972468972
"63057",113.576154934722,-25.5562083536018,0.0121494503691792
"63058",113.658471297821,-25.5562083536018,0.0122364433482289
"63059",113.74078766092,-25.5562083536018,0.0123140383511782
"63060",113.82310402402,-25.5562083536018,0.0123528419062495
"63061",113.905420387119,-25.5562083536018,0.0124029684811831
"63062",113.987736750218,-25.5562083536018,0.0123621663078666
"63063",114.070053113317,-25.5562083536018,0.0123108355328441
"63318",111.600562220339,-25.6385247167011,0.0176227129995823
"63319",111.682878583438,-25.6385247167011,0.0174042526632547
"63320",111.765194946538,-25.6385247167011,0.0168230757117271
"63321",111.847511309637,-25.6385247167011,0.0162031166255474
"63322",111.929827672736,-25.6385247167011,0.0156201077625155
"63323",112.012144035835,-25.6385247167011,0.0150762237608433
"63324",112.094460398935,-25.6385247167011,0.0145682850852609
"63325",112.176776762034,-25.6385247167011,0.0140343736857176
"63326",112.259093125133,-25.6385247167011,0.0136143267154694
"63327",112.341409488233,-25.6385247167011,0.0132267689332366
"63328",112.423725851332,-25.6385247167011,0.0127569315955043
"63329",112.506042214431,-25.6385247167011,0.0123762143775821
"63330",112.58835857753,-25.6385247167011,0.0120300324633718
"63331",112.67067494063,-25.6385247167011,0.0116852764040232
"63332",112.752991303729,-25.6385247167011,0.011372878216207
"63333",112.835307666828,-25.6385247167011,0.0111041851341724
"63334",112.917624029927,-25.6385247167011,0.0108454851433635
"63335",112.999940393027,-25.6385247167011,0.0106066903099418
"63336",113.082256756126,-25.6385247167011,0.0104716802015901
"63337",113.164573119225,-25.6385247167011,0.0103512527421117
"63338",113.246889482325,-25.6385247167011,0.0102583067491651
"63339",113.329205845424,-25.6385247167011,0.0101931979879737
"63340",113.411522208523,-25.6385247167011,0.0102088088169694
"63341",113.493838571622,-25.6385247167011,0.0102306734770536
"63342",113.576154934722,-25.6385247167011,0.0103307720273733
"63343",113.658471297821,-25.6385247167011,0.0104027269408107
"63344",113.74078766092,-25.6385247167011,0.0105200428515673
"63345",113.82310402402,-25.6385247167011,0.0106168733909726
"63346",113.905420387119,-25.6385247167011,0.01069959346205
"63347",113.987736750218,-25.6385247167011,0.0107675483450294
"63348",114.070053113317,-25.6385247167011,0.0107472576200962
"63349",114.152369476417,-25.6385247167011,0.0106642013415694
"63603",111.600562220339,-25.7208410798004,0.0163038317114115
"63604",111.682878583438,-25.7208410798004,0.0158759001642466
"63605",111.765194946538,-25.7208410798004,0.0152963297441602
"63606",111.847511309637,-25.7208410798004,0.0146836237981915
"63607",111.929827672736,-25.7208410798004,0.0140935089439154
"63608",112.012144035835,-25.7208410798004,0.0135477092117071
"63609",112.094460398935,-25.7208410798004,0.0130272451788187
"63610",112.176776762034,-25.7208410798004,0.0124745722860098
"63611",112.259093125133,-25.7208410798004,0.0119964797049761
"63612",112.341409488233,-25.7208410798004,0.0115831773728132
"63613",112.423725851332,-25.7208410798004,0.0111348573118448
"63614",112.506042214431,-25.7208410798004,0.0107207568362355
"63615",112.58835857753,-25.7208410798004,0.0103397713974118
"63616",112.67067494063,-25.7208410798004,0.00997453462332487
"63617",112.752991303729,-25.7208410798004,0.00964933913201094
"63618",112.835307666828,-25.7208410798004,0.00935284234583378
"63619",112.917624029927,-25.7208410798004,0.0090840132907033
"63620",112.999940393027,-25.7208410798004,0.008819037117064
"63621",113.082256756126,-25.7208410798004,0.00863719079643488
"63622",113.164573119225,-25.7208410798004,0.00853624846786261
"63623",113.246889482325,-25.7208410798004,0.00838857516646385
"63624",113.329205845424,-25.7208410798004,0.00834687054157257
"63625",113.411522208523,-25.7208410798004,0.00830092467367649
"63626",113.493838571622,-25.7208410798004,0.00833232421427965
"63627",113.576154934722,-25.7208410798004,0.00897372141480446
"63628",113.658471297821,-25.7208410798004,0.00861516874283552
"63629",113.74078766092,-25.7208410798004,0.00873382203280926
"63630",113.82310402402,-25.7208410798004,0.00892642606049776
"63631",113.905420387119,-25.7208410798004,0.00909836310893297
"63632",113.987736750218,-25.7208410798004,0.00922828540205956
"63633",114.070053113317,-25.7208410798004,0.0092510674148798
"63634",114.152369476417,-25.7208410798004,0.00913134030997753
"63888",111.600562220339,-25.8031574428996,0.015005761757493
"63889",111.682878583438,-25.8031574428996,0.0143651533871889
"63890",111.765194946538,-25.8031574428996,0.0137385409325361
"63891",111.847511309637,-25.8031574428996,0.0131178516894579
"63892",111.929827672736,-25.8031574428996,0.0125599270686507
"63893",112.012144035835,-25.8031574428996,0.0119983777403831
"63894",112.094460398935,-25.8031574428996,0.0114170722663403
"63895",112.176776762034,-25.8031574428996,0.0108805252239108
"63896",112.259093125133,-25.8031574428996,0.0103880362585187
"63897",112.341409488233,-25.8031574428996,0.00992455147206783
"63898",112.423725851332,-25.8031574428996,0.00948183797299862
"63899",112.506042214431,-25.8031574428996,0.00905649084597826
"63900",112.58835857753,-25.8031574428996,0.00861589144915342
"63901",112.67067494063,-25.8031574428996,0.00832519307732582
"63902",112.752991303729,-25.8031574428996,0.00794665701687336
"63903",112.835307666828,-25.8031574428996,0.00759479403495789
"63904",112.917624029927,-25.8031574428996,0.00732397614046931
"63905",112.999940393027,-25.8031574428996,0.00706667266786098
"63906",113.082256756126,-25.8031574428996,0.00685615465044975
"63907",113.164573119225,-25.8031574428996,0.00669390521943569
"63908",113.246889482325,-25.8031574428996,0.00655264593660831
"63909",113.329205845424,-25.8031574428996,0.00648514972999692
"63910",113.411522208523,-25.8031574428996,0.00642080884426832
"63911",113.493838571622,-25.8031574428996,0.00642414158210158
"63913",113.658471297821,-25.8031574428996,0.00669317599385977
"63914",113.74078766092,-25.8031574428996,0.00693751825019717
"63915",113.82310402402,-25.8031574428996,0.00722656818106771
"63916",113.905420387119,-25.8031574428996,0.00745703931897879
"63917",113.987736750218,-25.8031574428996,0.00765006709843874
"63918",114.070053113317,-25.8031574428996,0.00775815267115831
"63919",114.152369476417,-25.8031574428996,0.00773169612511992
"63920",114.234685839516,-25.8031574428996,0.00753514328971505
"63921",114.317002202615,-25.8031574428996,0.00732802785933018
"64174",111.682878583438,-25.8854738059989,0.0128911882638931
"64175",111.765194946538,-25.8854738059989,0.01219667121768
"64176",111.847511309637,-25.8854738059989,0.0115679046139121
"64177",111.929827672736,-25.8854738059989,0.0109720388427377
"64178",112.012144035835,-25.8854738059989,0.0103887747973204
"64179",112.094460398935,-25.8854738059989,0.00985847879201174
"64180",112.176776762034,-25.8854738059989,0.00932631362229586
"64181",112.259093125133,-25.8854738059989,0.00878846924751997
"64182",112.341409488233,-25.8854738059989,0.00829216931015253
"64183",112.423725851332,-25.8854738059989,0.00785091612488031
"64184",112.506042214431,-25.8854738059989,0.00741448858752847
"64185",112.58835857753,-25.8854738059989,0.00697826081886888
"64186",112.67067494063,-25.8854738059989,0.00659767957404256
"64187",112.752991303729,-25.8854738059989,0.00623332383111119
"64188",112.835307666828,-25.8854738059989,0.00586575409397483
"64189",112.917624029927,-25.8854738059989,0.00555673846974969
"64190",112.999940393027,-25.8854738059989,0.00531985005363822
"64191",113.082256756126,-25.8854738059989,0.00506839901208878
"64192",113.164573119225,-25.8854738059989,0.00482234172523022
"64193",113.246889482325,-25.8854738059989,0.00467946054413915
"64194",113.329205845424,-25.8854738059989,0.004602394066751
"64195",113.411522208523,-25.8854738059989,0.00455437786877155
"64196",113.493838571622,-25.8854738059989,0.00457838037982583
"64197",113.576154934722,-25.8854738059989,0.00465761357918382
"64198",113.658471297821,-25.8854738059989,0.00486225681379437
"64199",113.74078766092,-25.8854738059989,0.00516799185425043
"64200",113.82310402402,-25.8854738059989,0.00546159828081727
"64201",113.905420387119,-25.8854738059989,0.00579131161794066
"64202",113.987736750218,-25.8854738059989,0.0061186421662569
"64203",114.070053113317,-25.8854738059989,0.00638456642627716
"64204",114.152369476417,-25.8854738059989,0.00646267365664244
"64205",114.234685839516,-25.8854738059989,0.0063084433786571
"64206",114.317002202615,-25.8854738059989,0.00586910732090473
"64207",114.399318565715,-25.8854738059989,0.00540936086326838
"64459",111.682878583438,-25.9677901690982,0.0113689694553614
"64460",111.765194946538,-25.9677901690982,0.0106971682980657
"64461",111.847511309637,-25.9677901690982,0.0100787896662951
"64462",111.929827672736,-25.9677901690982,0.00945188757032156
"64463",112.012144035835,-25.9677901690982,0.00881910230964422
"64464",112.094460398935,-25.9677901690982,0.00830548536032438
"64465",112.176776762034,-25.9677901690982,0.00773148611187935
"64466",112.259093125133,-25.9677901690982,0.00718612316995859
"64467",112.341409488233,-25.9677901690982,0.00668573938310146
"64468",112.423725851332,-25.9677901690982,0.00620528310537338
"64469",112.506042214431,-25.9677901690982,0.00574104348197579
"64470",112.58835857753,-25.9677901690982,0.00532317394390702
"64471",112.67067494063,-25.9677901690982,0.00490428600460291
"64472",112.752991303729,-25.9677901690982,0.00449351407587528
"64473",112.835307666828,-25.9677901690982,0.00412259483709931
"64474",112.917624029927,-25.9677901690982,0.00378935481421649
"64475",112.999940393027,-25.9677901690982,0.00349793932400644
"64476",113.082256756126,-25.9677901690982,0.00319842877797782
"64477",113.164573119225,-25.9677901690982,0.00305673107504845
"64478",113.246889482325,-25.9677901690982,0.00284683238714933
"64479",113.329205845424,-25.9677901690982,0.00275187962688506
"64480",113.411522208523,-25.9677901690982,0.00270205410197377
"64481",113.493838571622,-25.9677901690982,0.00273076165467501
"64482",113.576154934722,-25.9677901690982,0.00284631876274943
"64483",113.658471297821,-25.9677901690982,0.00302977813407779
"64484",113.74078766092,-25.9677901690982,0.00334104103967547
"64485",113.82310402402,-25.9677901690982,0.0037146070972085
"64486",113.905420387119,-25.9677901690982,0.00425571296364069
"64487",113.987736750218,-25.9677901690982,0.00469743274152279
"64488",114.070053113317,-25.9677901690982,0.005114262457937
"64489",114.152369476417,-25.9677901690982,0.00524539733305573
"64490",114.234685839516,-25.9677901690982,0.00510861445218325
"64743",111.600562220339,-26.0501065321975,0.0100490637123585
"64744",111.682878583438,-26.0501065321975,0.00981378555297852
"64745",111.765194946538,-26.0501065321975,0.0091542461887002
"64746",111.847511309637,-26.0501065321975,0.00851279217749834
"64747",111.929827672736,-26.0501065321975,0.00789524056017399
"64748",112.012144035835,-26.0501065321975,0.00729845371097326
"64749",112.094460398935,-26.0501065321975,0.00667443592101336
"64750",112.176776762034,-26.0501065321975,0.00611665332689881
"64751",112.259093125133,-26.0501065321975,0.00562469242140651
"64752",112.341409488233,-26.0501065321975,0.00511833373457193
"64753",112.423725851332,-26.0501065321975,0.00464111054316163
"64754",112.506042214431,-26.0501065321975,0.00412162533029914
"64755",112.58835857753,-26.0501065321975,0.00363048352301121
"64756",112.67067494063,-26.0501065321975,0.0032116377260536
"64757",112.752991303729,-26.0501065321975,0.00281215272843838
"64758",112.835307666828,-26.0501065321975,0.00242901337333024
"64759",112.917624029927,-26.0501065321975,0.00206913123838603
"64760",112.999940393027,-26.0501065321975,0.00175251916516572
"64761",113.082256756126,-26.0501065321975,0.00149195187259465
"64762",113.164573119225,-26.0501065321975,0.0012470365036279
"64763",113.246889482325,-26.0501065321975,0.00105658499523997
"64764",113.329205845424,-26.0501065321975,0.000960470701102167
"64765",113.411522208523,-26.0501065321975,0.000943508872296661
"64766",113.493838571622,-26.0501065321975,0.000998786301352084
"64767",113.576154934722,-26.0501065321975,0.00107248034328222
"64768",113.658471297821,-26.0501065321975,0.00121972116176039
"64769",113.74078766092,-26.0501065321975,0.00155923678539693
"64770",113.82310402402,-26.0501065321975,0.00201316922903061
"64771",113.905420387119,-26.0501065321975,0.00264953728765249
"64772",113.987736750218,-26.0501065321975,0.00330680422484875
"64773",114.070053113317,-26.0501065321975,0.00390605209395289
"64774",114.152369476417,-26.0501065321975,0.00417743157595396
"64775",114.234685839516,-26.0501065321975,0.00402537686750293
"65028",111.600562220339,-26.1324228952968,0.00873567163944244
"65029",111.682878583438,-26.1324228952968,0.0082745747640729
"65030",111.765194946538,-26.1324228952968,0.00759879965335131
"65031",111.847511309637,-26.1324228952968,0.00694159977138042
"65032",111.929827672736,-26.1324228952968,0.00630613695830107
"65033",112.012144035835,-26.1324228952968,0.00573164504021406
"65034",112.094460398935,-26.1324228952968,0.00515812030062079
"65035",112.176776762034,-26.1324228952968,0.0045546661131084
"65036",112.259093125133,-26.1324228952968,0.00403128797188401
"65037",112.341409488233,-26.1324228952968,0.00349602685309947
"65038",112.423725851332,-26.1324228952968,0.00299465376883745
"65039",112.506042214431,-26.1324228952968,0.00250185444019735
"65040",112.58835857753,-26.1324228952968,0.00203694892115891
"65041",112.67067494063,-26.1324228952968,0.0015996863367036
"65042",112.752991303729,-26.1324228952968,0.0011905332794413
"65043",112.835307666828,-26.1324228952968,0.000882206368260086
"65044",112.917624029927,-26.1324228952968,0.000609057024121284
"65045",112.999940393027,-26.1324228952968,0.000279959349427372
"65046",113.082256756126,-26.1324228952968,0
"65047",113.164573119225,-26.1324228952968,0.000127919178339653
"65048",113.246889482325,-26.1324228952968,0.00015330984024331
"65049",113.329205845424,-26.1324228952968,8.41339933685958e-05
"65050",113.411522208523,-26.1324228952968,1.37728247864288e-05
"65051",113.493838571622,-26.1324228952968,0
"65052",113.576154934722,-26.1324228952968,0
"65053",113.658471297821,-26.1324228952968,0
"65054",113.74078766092,-26.1324228952968,0.000193649175344035
"65055",113.82310402402,-26.1324228952968,0.000474716245662421
"65056",113.905420387119,-26.1324228952968,0.00107991497498006
"65057",113.987736750218,-26.1324228952968,0.00200265343300998
"65058",114.070053113317,-26.1324228952968,0.00279912399128079
"65059",114.152369476417,-26.1324228952968,0.00317745259962976
"65060",114.234685839516,-26.1324228952968,0.0030863406136632
"65315",111.765194946538,-26.2147392583961,0.00607503158971667
"65316",111.847511309637,-26.2147392583961,0.00541398487985134
"65317",111.929827672736,-26.2147392583961,0.00475960550829768
"65318",112.012144035835,-26.2147392583961,0.00416413228958845
"65319",112.094460398935,-26.2147392583961,0.00358209386467934
"65320",112.176776762034,-26.2147392583961,0.00297736469656229
"65321",112.259093125133,-26.2147392583961,0.00241249636746943
"65322",112.341409488233,-26.2147392583961,0.00187651917804033
"65323",112.423725851332,-26.2147392583961,0.00145166355650872
"65324",112.506042214431,-26.2147392583961,0.000910782197024673
"65325",112.58835857753,-26.2147392583961,0.000435921974712983
"65326",112.67067494063,-26.2147392583961,0.000326453649904579
"65327",112.752991303729,-26.2147392583961,0.000195734290173277
"65328",112.835307666828,-26.2147392583961,5.56976156076416e-05
"65329",112.917624029927,-26.2147392583961,0
"65330",112.999940393027,-26.2147392583961,0
"65331",113.082256756126,-26.2147392583961,0
"65332",113.164573119225,-26.2147392583961,0
"65333",113.246889482325,-26.2147392583961,0
"65334",113.329205845424,-26.2147392583961,0
"65335",113.411522208523,-26.2147392583961,0
"65336",113.493838571622,-26.2147392583961,0
"65337",113.576154934722,-26.2147392583961,0
"65338",113.658471297821,-26.2147392583961,0
"65339",113.74078766092,-26.2147392583961,0
"65340",113.82310402402,-26.2147392583961,1.14392541945563e-05
"65341",113.905420387119,-26.2147392583961,0.000228606513701379
"65342",113.987736750218,-26.2147392583961,0.000962779449764639
"65343",114.070053113317,-26.2147392583961,0.00187403184827417
"65344",114.152369476417,-26.2147392583961,0.00227423757314682
"65345",114.234685839516,-26.2147392583961,0.00218326435424387
"65600",111.765194946538,-26.2970556214953,0.00443834159523249
"65601",111.847511309637,-26.2970556214953,0.00387809774838388
"65602",111.929827672736,-26.2970556214953,0.00320611032657325
"65603",112.012144035835,-26.2970556214953,0.00259888195432723
"65604",112.094460398935,-26.2970556214953,0.00199552136473358
"65605",112.176776762034,-26.2970556214953,0.00143415480852127
"65606",112.259093125133,-26.2970556214953,0.000948932836763561
"65607",112.341409488233,-26.2970556214953,0.000520667410455644
"65608",112.423725851332,-26.2970556214953,0.000177822759724222
"65609",112.506042214431,-26.2970556214953,3.54713074557367e-06
"65610",112.58835857753,-26.2970556214953,2.37026270042406e-05
"65611",112.67067494063,-26.2970556214953,1.34390586481459e-06
"65612",112.752991303729,-26.2970556214953,0
"65613",112.835307666828,-26.2970556214953,0
"65614",112.917624029927,-26.2970556214953,0
"65615",112.999940393027,-26.2970556214953,0
"65616",113.082256756126,-26.2970556214953,0
"65617",113.164573119225,-26.2970556214953,0
"65618",113.246889482325,-26.2970556214953,0
"65619",113.329205845424,-26.2970556214953,0
"65620",113.411522208523,-26.2970556214953,0
"65621",113.493838571622,-26.2970556214953,0
"65622",113.576154934722,-26.2970556214953,0
"65623",113.658471297821,-26.2970556214953,0
"65624",113.74078766092,-26.2970556214953,0
"65625",113.82310402402,-26.2970556214953,0
"65626",113.905420387119,-26.2970556214953,0
"65627",113.987736750218,-26.2970556214953,0.000330624083289877
"65628",114.070053113317,-26.2970556214953,0.00119045563042164
"65629",114.152369476417,-26.2970556214953,0.00152349716518074
"65630",114.234685839516,-26.2970556214953,0.000894974975381047
"65631",114.317002202615,-26.2970556214953,3.54632466041949e-05
"65885",111.765194946538,-26.3793719845946,0.00331259379163384
"65886",111.847511309637,-26.3793719845946,0.00231241970323026
"65887",111.929827672736,-26.3793719845946,0.00165683752857149
"65888",112.012144035835,-26.3793719845946,0.00106710277032107
"65889",112.094460398935,-26.3793719845946,0.000539593514986336
"65890",112.176776762034,-26.3793719845946,0.000316556717734784
"65891",112.259093125133,-26.3793719845946,0.000117881296318956
"65892",112.341409488233,-26.3793719845946,0
"65893",112.423725851332,-26.3793719845946,0
"65894",112.506042214431,-26.3793719845946,0
"65895",112.58835857753,-26.3793719845946,0
"65896",112.67067494063,-26.3793719845946,0
"65897",112.752991303729,-26.3793719845946,0
"65898",112.835307666828,-26.3793719845946,0
"65899",112.917624029927,-26.3793719845946,0
"65900",112.999940393027,-26.3793719845946,0
"65901",113.082256756126,-26.3793719845946,0
"65902",113.164573119225,-26.3793719845946,0
"65903",113.246889482325,-26.3793719845946,0
"65904",113.329205845424,-26.3793719845946,0
"65905",113.411522208523,-26.3793719845946,0
"65906",113.493838571622,-26.3793719845946,0
"65907",113.576154934722,-26.3793719845946,0
"65908",113.658471297821,-26.3793719845946,0
"65909",113.74078766092,-26.3793719845946,0
"65910",113.82310402402,-26.3793719845946,0
"65911",113.905420387119,-26.3793719845946,0
"65912",113.987736750218,-26.3793719845946,6.21700291958405e-06
"65913",114.070053113317,-26.3793719845946,0.000564756628591567
"65914",114.152369476417,-26.3793719845946,0.000405521888751537
"66171",111.847511309637,-26.4616883476939,0.000966845254879445
"66172",111.929827672736,-26.4616883476939,0.000170600658748299
"66173",112.012144035835,-26.4616883476939,0.000114470312837511
"66174",112.094460398935,-26.4616883476939,1.48850076584495e-05
"66175",112.176776762034,-26.4616883476939,0
"66176",112.259093125133,-26.4616883476939,0
"66177",112.341409488233,-26.4616883476939,0
"66178",112.423725851332,-26.4616883476939,0
"66179",112.506042214431,-26.4616883476939,0
"66180",112.58835857753,-26.4616883476939,0
"66181",112.67067494063,-26.4616883476939,0
"66182",112.752991303729,-26.4616883476939,0
"66183",112.835307666828,-26.4616883476939,0
"66184",112.917624029927,-26.4616883476939,0
"66185",112.999940393027,-26.4616883476939,0
"66186",113.082256756126,-26.4616883476939,0
"66187",113.164573119225,-26.4616883476939,0
"66188",113.246889482325,-26.4616883476939,0
"66189",113.329205845424,-26.4616883476939,0
"66190",113.411522208523,-26.4616883476939,0
"66191",113.493838571622,-26.4616883476939,0
"66192",113.576154934722,-26.4616883476939,0
"66193",113.658471297821,-26.4616883476939,0
"66194",113.74078766092,-26.4616883476939,0
"66195",113.82310402402,-26.4616883476939,0
"66196",113.905420387119,-26.4616883476939,0
"66197",113.987736750218,-26.4616883476939,0
"66198",114.070053113317,-26.4616883476939,0
"66461",112.259093125133,-26.5440047107932,0
"66462",112.341409488233,-26.5440047107932,0
"66463",112.423725851332,-26.5440047107932,0
"66464",112.506042214431,-26.5440047107932,0
"66465",112.58835857753,-26.5440047107932,0
"66466",112.67067494063,-26.5440047107932,0
"66467",112.752991303729,-26.5440047107932,0
"66468",112.835307666828,-26.5440047107932,0
"66469",112.917624029927,-26.5440047107932,0
"66470",112.999940393027,-26.5440047107932,0
"66471",113.082256756126,-26.5440047107932,0
"66472",113.164573119225,-26.5440047107932,0
"66473",113.246889482325,-26.5440047107932,0
"66474",113.329205845424,-26.5440047107932,0
"66475",113.411522208523,-26.5440047107932,0
"66476",113.493838571622,-26.5440047107932,0
"66477",113.576154934722,-26.5440047107932,0
"66478",113.658471297821,-26.5440047107932,0
"66479",113.74078766092,-26.5440047107932,0
"66480",113.82310402402,-26.5440047107932,0
"66481",113.905420387119,-26.5440047107932,0
"66483",114.070053113317,-26.5440047107932,0
"66747",112.341409488233,-26.6263210738925,0
"66752",112.752991303729,-26.6263210738925,0
"66753",112.835307666828,-26.6263210738925,0
"66754",112.917624029927,-26.6263210738925,0
"66755",112.999940393027,-26.6263210738925,0
"66756",113.082256756126,-26.6263210738925,0
"66757",113.164573119225,-26.6263210738925,0
"66758",113.246889482325,-26.6263210738925,0
"66759",113.329205845424,-26.6263210738925,0
"66760",113.411522208523,-26.6263210738925,0
"66761",113.493838571622,-26.6263210738925,0
"66762",113.576154934722,-26.6263210738925,0
"66763",113.658471297821,-26.6263210738925,0
"66764",113.74078766092,-26.6263210738925,0
"66765",113.82310402402,-26.6263210738925,0
"67038",112.835307666828,-26.7086374369918,0
"67039",112.917624029927,-26.7086374369918,0
"67040",112.999940393027,-26.7086374369918,0
"67041",113.082256756126,-26.7086374369918,0
"67042",113.164573119225,-26.7086374369918,0
"67043",113.246889482325,-26.7086374369918,0
"67044",113.329205845424,-26.7086374369918,0
"67045",113.411522208523,-26.7086374369918,0
"67046",113.493838571622,-26.7086374369918,0
"67047",113.576154934722,-26.7086374369918,0
"67048",113.658471297821,-26.7086374369918,0
"67049",113.74078766092,-26.7086374369918,0
"67328",113.246889482325,-26.7909538000911,0
