"","x","y","K1"
"8242",129.216263923586,-9.66915027543981,0.927503705024719
"8243",129.298580286685,-9.66915027543981,0.940829277038574
"8244",129.380896649784,-9.66915027543981,0.954137086868286
"8245",129.463213012884,-9.66915027543981,0.967324256896973
"8246",129.545529375983,-9.66915027543981,0.980385482311249
"8247",129.627845739082,-9.66915027543981,0.993329703807831
"8248",129.710162102182,-9.66915027543981,0.999935865402222
"8249",129.792478465281,-9.66915027543981,1
"8250",129.87479482838,-9.66915027543981,1
"8523",128.886998471189,-9.7514666385391,0.887392163276672
"8524",128.969314834288,-9.7514666385391,0.899743795394897
"8525",129.051631197387,-9.7514666385391,0.913046360015869
"8526",129.133947560487,-9.7514666385391,0.926055371761322
"8527",129.216263923586,-9.7514666385391,0.939062774181366
"8528",129.298580286685,-9.7514666385391,0.952015101909637
"8529",129.380896649784,-9.7514666385391,0.964872658252716
"8530",129.463213012884,-9.7514666385391,0.977603614330292
"8531",129.545529375983,-9.7514666385391,0.990250647068024
"8532",129.627845739082,-9.7514666385391,0.998366177082062
"8533",129.710162102182,-9.7514666385391,0.99998813867569
"8534",129.792478465281,-9.7514666385391,1
"8535",129.87479482838,-9.7514666385391,1
"8801",128.310783929494,-9.83378300163838,0.814340531826019
"8802",128.393100292593,-9.83378300163838,0.820183873176575
"8803",128.475416655692,-9.83378300163838,0.830355525016785
"8804",128.557733018792,-9.83378300163838,0.844145476818085
"8805",128.640049381891,-9.83378300163838,0.857856631278992
"8806",128.72236574499,-9.83378300163838,0.871434926986694
"8807",128.804682108089,-9.83378300163838,0.884924411773682
"8808",128.886998471189,-9.83378300163838,0.898296058177948
"8809",128.969314834288,-9.83378300163838,0.911590814590454
"8810",129.051631197387,-9.83378300163838,0.924772262573242
"8811",129.133947560487,-9.83378300163838,0.937851130962372
"8812",129.216263923586,-9.83378300163838,0.950859904289246
"8813",129.298580286685,-9.83378300163838,0.963746011257172
"8814",129.380896649784,-9.83378300163838,0.976558089256287
"8815",129.463213012884,-9.83378300163838,0.98931086063385
"8816",129.545529375983,-9.83378300163838,0.99791944026947
"8817",129.627845739082,-9.83378300163838,0.999905228614807
"8818",129.710162102182,-9.83378300163838,1
"8819",129.792478465281,-9.83378300163838,1
"8820",129.87479482838,-9.83378300163838,1
"9068",126.829089393707,-9.91609936473767,0.545472681522369
"9069",126.911405756806,-9.91609936473767,0.561152994632721
"9070",126.993722119905,-9.91609936473767,0.576769232749939
"9071",127.076038483004,-9.91609936473767,0.592306971549988
"9072",127.158354846104,-9.91609936473767,0.607760071754456
"9073",127.240671209203,-9.91609936473767,0.623163878917694
"9074",127.322987572302,-9.91609936473767,0.638467788696289
"9075",127.405303935402,-9.91609936473767,0.653631567955017
"9076",127.487620298501,-9.91609936473767,0.668836712837219
"9077",127.5699366616,-9.91609936473767,0.684114277362823
"9078",127.652253024699,-9.91609936473767,0.699601888656616
"9079",127.734569387799,-9.91609936473767,0.714984834194183
"9080",127.816885750898,-9.91609936473767,0.730255663394928
"9081",127.899202113997,-9.91609936473767,0.745439410209656
"9082",127.981518477097,-9.91609936473767,0.760476231575012
"9083",128.063834840196,-9.91609936473767,0.775450170040131
"9084",128.146151203295,-9.91609936473767,0.790304183959961
"9085",128.228467566394,-9.91609936473767,0.80504310131073
"9086",128.310783929494,-9.91609936473767,0.81789892911911
"9087",128.393100292593,-9.91609936473767,0.828494966030121
"9088",128.475416655692,-9.91609936473767,0.842337608337402
"9089",128.557733018792,-9.91609936473767,0.856130182743073
"9090",128.640049381891,-9.91609936473767,0.869833707809448
"9091",128.72236574499,-9.91609936473767,0.883413672447205
"9092",128.804682108089,-9.91609936473767,0.896846234798431
"9093",128.886998471189,-9.91609936473767,0.910233974456787
"9094",128.969314834288,-9.91609936473767,0.923454463481903
"9095",129.051631197387,-9.91609936473767,0.93666934967041
"9096",129.133947560487,-9.91609936473767,0.949713468551636
"9097",129.216263923586,-9.91609936473767,0.962675869464874
"9098",129.298580286685,-9.91609936473767,0.975556612014771
"9099",129.380896649784,-9.91609936473767,0.988369166851044
"9100",129.463213012884,-9.91609936473767,0.997465789318085
"9101",129.545529375983,-9.91609936473767,0.999893844127655
"9102",129.627845739082,-9.91609936473767,1
"9103",129.710162102182,-9.91609936473767,1
"9104",129.792478465281,-9.91609936473767,1
"9105",129.87479482838,-9.91609936473767,1
"9349",126.49982394131,-9.99841572783695,0.495624661445618
"9350",126.582140304409,-9.99841572783695,0.512262105941772
"9351",126.664456667508,-9.99841572783695,0.528867363929749
"9352",126.746773030607,-9.99841572783695,0.544923305511475
"9353",126.829089393707,-9.99841572783695,0.556732058525085
"9354",126.911405756806,-9.99841572783695,0.572523415088654
"9355",126.993722119905,-9.99841572783695,0.588255345821381
"9356",127.076038483004,-9.99841572783695,0.603886842727661
"9357",127.158354846104,-9.99841572783695,0.619402348995209
"9358",127.240671209203,-9.99841572783695,0.634882986545563
"9359",127.322987572302,-9.99841572783695,0.650287985801697
"9360",127.405303935402,-9.99841572783695,0.665542423725128
"9361",127.487620298501,-9.99841572783695,0.680712997913361
"9362",127.5699366616,-9.99841572783695,0.695769965648651
"9363",127.652253024699,-9.99841572783695,0.710693776607513
"9364",127.734569387799,-9.99841572783695,0.725549161434174
"9365",127.816885750898,-9.99841572783695,0.740315139293671
"9366",127.899202113997,-9.99841572783695,0.75494772195816
"9367",127.981518477097,-9.99841572783695,0.769509136676788
"9368",128.063834840196,-9.99841572783695,0.783930659294128
"9369",128.146151203295,-9.99841572783695,0.798259317874908
"9370",128.228467566394,-9.99841572783695,0.81248265504837
"9371",128.310783929494,-9.99841572783695,0.826580941677094
"9372",128.393100292593,-9.99841572783695,0.8405841588974
"9373",128.475416655692,-9.99841572783695,0.854449510574341
"9374",128.557733018792,-9.99841572783695,0.868243515491486
"9375",128.640049381891,-9.99841572783695,0.881874024868011
"9376",128.72236574499,-9.99841572783695,0.89543491601944
"9377",128.804682108089,-9.99841572783695,0.908880174160004
"9378",128.886998471189,-9.99841572783695,0.922211825847626
"9379",128.969314834288,-9.99841572783695,0.935460031032562
"9380",129.051631197387,-9.99841572783695,0.948615610599518
"9381",129.133947560487,-9.99841572783695,0.961669743061066
"9382",129.216263923586,-9.99841572783695,0.97458803653717
"9383",129.298580286685,-9.99841572783695,0.987320899963379
"9384",129.380896649784,-9.99841572783695,0.997021973133087
"9385",129.463213012884,-9.99841572783695,0.999954044818878
"9386",129.545529375983,-9.99841572783695,1
"9387",129.627845739082,-9.99841572783695,1
"9388",129.710162102182,-9.99841572783695,1
"9389",129.792478465281,-9.99841572783695,1
"9390",129.87479482838,-9.99841572783695,1
"9631",126.252874852012,-10.0807320909362,0.455972224473953
"9632",126.335191215111,-10.0807320909362,0.472803443670273
"9633",126.41750757821,-10.0807320909362,0.489739656448364
"9634",126.49982394131,-10.0807320909362,0.503995060920715
"9635",126.582140304409,-10.0807320909362,0.520115971565247
"9636",126.664456667508,-10.0807320909362,0.536226987838745
"9637",126.746773030607,-10.0807320909362,0.55226993560791
"9638",126.829089393707,-10.0807320909362,0.568233251571655
"9639",126.911405756806,-10.0807320909362,0.584120273590088
"9640",126.993722119905,-10.0807320909362,0.599931836128235
"9641",127.076038483004,-10.0807320909362,0.615621209144592
"9642",127.158354846104,-10.0807320909362,0.631264626979828
"9643",127.240671209203,-10.0807320909362,0.646790981292725
"9644",127.322987572302,-10.0807320909362,0.662199020385742
"9645",127.405303935402,-10.0807320909362,0.677516162395477
"9646",127.487620298501,-10.0807320909362,0.6927370429039
"9647",127.5699366616,-10.0807320909362,0.707820415496826
"9648",127.652253024699,-10.0807320909362,0.722890436649323
"9649",127.734569387799,-10.0807320909362,0.737776398658752
"9650",127.816885750898,-10.0807320909362,0.752525508403778
"9651",127.899202113997,-10.0807320909362,0.767188549041748
"9652",127.981518477097,-10.0807320909362,0.781733274459839
"9653",128.063834840196,-10.0807320909362,0.796156108379364
"9654",128.146151203295,-10.0807320909362,0.810482501983643
"9655",128.228467566394,-10.0807320909362,0.824690818786621
"9656",128.310783929494,-10.0807320909362,0.838789761066437
"9657",128.393100292593,-10.0807320909362,0.852802455425262
"9658",128.475416655692,-10.0807320909362,0.866641819477081
"9659",128.557733018792,-10.0807320909362,0.880398392677307
"9660",128.640049381891,-10.0807320909362,0.894037067890167
"9661",128.72236574499,-10.0807320909362,0.907601714134216
"9662",128.804682108089,-10.0807320909362,0.921008229255676
"9663",128.886998471189,-10.0807320909362,0.934310376644135
"9664",128.969314834288,-10.0807320909362,0.947546184062958
"9665",129.051631197387,-10.0807320909362,0.960664987564087
"9666",129.133947560487,-10.0807320909362,0.973678648471832
"9667",129.216263923586,-10.0807320909362,0.986395061016083
"9668",129.298580286685,-10.0807320909362,0.996424555778503
"9669",129.380896649784,-10.0807320909362,1
"9670",129.463213012884,-10.0807320909362,1
"9671",129.545529375983,-10.0807320909362,1
"9672",129.627845739082,-10.0807320909362,1
"9673",129.710162102182,-10.0807320909362,1
"9674",129.792478465281,-10.0807320909362,1
"9675",129.87479482838,-10.0807320909362,1
"9914",126.088242125813,-10.1630484540355,0.433200746774673
"9915",126.170558488912,-10.1630484540355,0.449634522199631
"9916",126.252874852012,-10.1630484540355,0.466062486171722
"9917",126.335191215111,-10.1630484540355,0.482483983039856
"9918",126.41750757821,-10.1630484540355,0.498846590518951
"9919",126.49982394131,-10.1630484540355,0.515201330184937
"9920",126.582140304409,-10.1630484540355,0.531483471393585
"9921",126.664456667508,-10.1630484540355,0.547694444656372
"9922",126.746773030607,-10.1630484540355,0.563857913017273
"9923",126.829089393707,-10.1630484540355,0.579939126968384
"9924",126.911405756806,-10.1630484540355,0.595880448818207
"9925",126.993722119905,-10.1630484540355,0.611768484115601
"9926",127.076038483004,-10.1630484540355,0.62758594751358
"9927",127.158354846104,-10.1630484540355,0.643283605575562
"9928",127.240671209203,-10.1630484540355,0.658855676651001
"9929",127.322987572302,-10.1630484540355,0.674349546432495
"9930",127.405303935402,-10.1630484540355,0.689703702926636
"9931",127.487620298501,-10.1630484540355,0.70500910282135
"9932",127.5699366616,-10.1630484540355,0.720117092132568
"9933",127.652253024699,-10.1630484540355,0.735153794288635
"9934",127.734569387799,-10.1630484540355,0.750045418739319
"9935",127.816885750898,-10.1630484540355,0.764843165874481
"9936",127.899202113997,-10.1630484540355,0.779532611370087
"9937",127.981518477097,-10.1630484540355,0.79407662153244
"9938",128.063834840196,-10.1630484540355,0.808510899543762
"9939",128.146151203295,-10.1630484540355,0.822843194007874
"9940",128.228467566394,-10.1630484540355,0.837076961994171
"9941",128.310783929494,-10.1630484540355,0.85113388299942
"9942",128.393100292593,-10.1630484540355,0.8651362657547
"9943",128.475416655692,-10.1630484540355,0.878949582576752
"9944",128.557733018792,-10.1630484540355,0.892685532569885
"9945",128.640049381891,-10.1630484540355,0.906331837177277
"9946",128.72236574499,-10.1630484540355,0.919872760772705
"9947",128.804682108089,-10.1630484540355,0.933195173740387
"9948",128.886998471189,-10.1630484540355,0.946551024913788
"9949",128.969314834288,-10.1630484540355,0.959720015525818
"9950",129.051631197387,-10.1630484540355,0.972784698009491
"9951",129.133947560487,-10.1630484540355,0.985560178756714
"9952",129.216263923586,-10.1630484540355,0.995911777019501
"9953",129.298580286685,-10.1630484540355,1
"9954",129.380896649784,-10.1630484540355,1
"9955",129.463213012884,-10.1630484540355,1
"9956",129.545529375983,-10.1630484540355,1
"9957",129.627845739082,-10.1630484540355,1
"9958",129.710162102182,-10.1630484540355,1
"9959",129.792478465281,-10.1630484540355,1
"9960",129.87479482838,-10.1630484540355,1
"10197",125.923609399615,-10.2453648171348,0.410574346780777
"10198",126.005925762714,-10.2453648171348,0.427188575267792
"10199",126.088242125813,-10.2453648171348,0.443767845630646
"10200",126.170558488912,-10.2453648171348,0.460447877645493
"10201",126.252874852012,-10.2453648171348,0.477032065391541
"10202",126.335191215111,-10.2453648171348,0.493598610162735
"10203",126.41750757821,-10.2453648171348,0.51012122631073
"10204",126.49982394131,-10.2453648171348,0.526614010334015
"10205",126.582140304409,-10.2453648171348,0.543036282062531
"10206",126.664456667508,-10.2453648171348,0.559365034103394
"10207",126.746773030607,-10.2453648171348,0.575636923313141
"10208",126.829089393707,-10.2453648171348,0.591827392578125
"10209",126.911405756806,-10.2453648171348,0.607848703861237
"10210",126.993722119905,-10.2453648171348,0.623855948448181
"10211",127.076038483004,-10.2453648171348,0.639743328094482
"10212",127.158354846104,-10.2453648171348,0.655474901199341
"10213",127.240671209203,-10.2453648171348,0.671100080013275
"10214",127.322987572302,-10.2453648171348,0.686674833297729
"10215",127.405303935402,-10.2453648171348,0.702028632164001
"10216",127.487620298501,-10.2453648171348,0.717348515987396
"10217",127.5699366616,-10.2453648171348,0.732531189918518
"10218",127.652253024699,-10.2453648171348,0.747572600841522
"10219",127.734569387799,-10.2453648171348,0.762500286102295
"10220",127.816885750898,-10.2453648171348,0.777332782745361
"10221",127.899202113997,-10.2453648171348,0.792026042938232
"10222",127.981518477097,-10.2453648171348,0.806592583656311
"10223",128.063834840196,-10.2453648171348,0.821015894412994
"10224",128.146151203295,-10.2453648171348,0.835309207439423
"10225",128.228467566394,-10.2453648171348,0.849533021450043
"10226",128.310783929494,-10.2453648171348,0.863575220108032
"10227",128.393100292593,-10.2453648171348,0.877539873123169
"10228",128.475416655692,-10.2453648171348,0.891373813152313
"10229",128.557733018792,-10.2453648171348,0.905104875564575
"10230",128.640049381891,-10.2453648171348,0.918691396713257
"10231",128.72236574499,-10.2453648171348,0.932188451290131
"10232",128.804682108089,-10.2453648171348,0.945548236370087
"10233",128.886998471189,-10.2453648171348,0.958831906318665
"10234",128.969314834288,-10.2453648171348,0.971982479095459
"10235",129.051631197387,-10.2453648171348,0.984795928001404
"10236",129.133947560487,-10.2453648171348,0.995465695858002
"10237",129.216263923586,-10.2453648171348,1
"10238",129.298580286685,-10.2453648171348,1
"10239",129.380896649784,-10.2453648171348,1
"10240",129.463213012884,-10.2453648171348,1
"10241",129.545529375983,-10.2453648171348,1
"10242",129.627845739082,-10.2453648171348,1
"10243",129.710162102182,-10.2453648171348,1
"10244",129.792478465281,-10.2453648171348,1
"10245",129.87479482838,-10.2453648171348,1
"10481",125.841293036515,-10.3276811802341,0.404167324304581
"10482",125.923609399615,-10.3276811802341,0.421003520488739
"10483",126.005925762714,-10.3276811802341,0.437834322452545
"10484",126.088242125813,-10.3276811802341,0.454597979784012
"10485",126.170558488912,-10.3276811802341,0.471419006586075
"10486",126.252874852012,-10.3276811802341,0.488205164670944
"10487",126.335191215111,-10.3276811802341,0.50498640537262
"10488",126.41750757821,-10.3276811802341,0.521645188331604
"10489",126.49982394131,-10.3276811802341,0.538256108760834
"10490",126.582140304409,-10.3276811802341,0.554805994033813
"10491",126.664456667508,-10.3276811802341,0.571269154548645
"10492",126.746773030607,-10.3276811802341,0.587638378143311
"10493",126.829089393707,-10.3276811802341,0.603893935680389
"10494",126.911405756806,-10.3276811802341,0.620054066181183
"10495",126.993722119905,-10.3276811802341,0.636100113391876
"10496",127.076038483004,-10.3276811802341,0.652071833610535
"10497",127.158354846104,-10.3276811802341,0.667862117290497
"10498",127.240671209203,-10.3276811802341,0.683539867401123
"10499",127.322987572302,-10.3276811802341,0.699185252189636
"10500",127.405303935402,-10.3276811802341,0.714572072029114
"10501",127.487620298501,-10.3276811802341,0.729891359806061
"10502",127.5699366616,-10.3276811802341,0.745073974132538
"10503",127.652253024699,-10.3276811802341,0.760173916816711
"10504",127.734569387799,-10.3276811802341,0.775129437446594
"10505",127.816885750898,-10.3276811802341,0.789919555187225
"10506",127.899202113997,-10.3276811802341,0.804586887359619
"10507",127.981518477097,-10.3276811802341,0.819175004959106
"10508",128.063834840196,-10.3276811802341,0.833613276481628
"10509",128.146151203295,-10.3276811802341,0.847887337207794
"10510",128.228467566394,-10.3276811802341,0.862085163593292
"10511",128.310783929494,-10.3276811802341,0.876142203807831
"10512",128.393100292593,-10.3276811802341,0.890087187290192
"10513",128.475416655692,-10.3276811802341,0.903896689414978
"10514",128.557733018792,-10.3276811802341,0.917602479457855
"10515",128.640049381891,-10.3276811802341,0.931142807006836
"10516",128.72236574499,-10.3276811802341,0.944614946842194
"10517",128.804682108089,-10.3276811802341,0.957938075065613
"10518",128.886998471189,-10.3276811802341,0.971207439899445
"10519",128.969314834288,-10.3276811802341,0.984189212322235
"10520",129.051631197387,-10.3276811802341,0.995132982730865
"10521",129.133947560487,-10.3276811802341,1
"10522",129.216263923586,-10.3276811802341,1
"10523",129.298580286685,-10.3276811802341,1
"10524",129.380896649784,-10.3276811802341,1
"10525",129.463213012884,-10.3276811802341,1
"10526",129.545529375983,-10.3276811802341,1
"10527",129.627845739082,-10.3276811802341,1
"10528",129.710162102182,-10.3276811802341,1
"10529",129.792478465281,-10.3276811802341,1
"10530",129.87479482838,-10.3276811802341,1
"10531",129.957111191479,-10.3276811802341,1
"10763",125.594343947217,-10.4099975433334,0.367986112833023
"10765",125.758976673416,-10.4099975433334,0.397594153881073
"10766",125.841293036515,-10.4099975433334,0.414633899927139
"10767",125.923609399615,-10.4099975433334,0.431660205125809
"10768",126.005925762714,-10.4099975433334,0.448693871498108
"10769",126.088242125813,-10.4099975433334,0.465651303529739
"10770",126.170558488912,-10.4099975433334,0.482684105634689
"10771",126.252874852012,-10.4099975433334,0.499613106250763
"10772",126.335191215111,-10.4099975433334,0.51651394367218
"10773",126.41750757821,-10.4099975433334,0.533368825912476
"10774",126.49982394131,-10.4099975433334,0.550155460834503
"10775",126.582140304409,-10.4099975433334,0.566811203956604
"10776",126.664456667508,-10.4099975433334,0.58336615562439
"10777",126.746773030607,-10.4099975433334,0.599833130836487
"10778",126.829089393707,-10.4099975433334,0.616178572177887
"10779",126.911405756806,-10.4099975433334,0.632422149181366
"10780",126.993722119905,-10.4099975433334,0.648558259010315
"10781",127.076038483004,-10.4099975433334,0.664588570594788
"10782",127.158354846104,-10.4099975433334,0.680443227291107
"10783",127.240671209203,-10.4099975433334,0.696146368980408
"10784",127.322987572302,-10.4099975433334,0.711811006069183
"10785",127.405303935402,-10.4099975433334,0.727278769016266
"10786",127.487620298501,-10.4099975433334,0.742656469345093
"10787",127.5699366616,-10.4099975433334,0.757846713066101
"10788",127.652253024699,-10.4099975433334,0.772948622703552
"10789",127.734569387799,-10.4099975433334,0.787878453731537
"10790",127.816885750898,-10.4099975433334,0.802634119987488
"10791",127.899202113997,-10.4099975433334,0.817311406135559
"10792",127.981518477097,-10.4099975433334,0.831869542598724
"10793",128.063834840196,-10.4099975433334,0.846308648586273
"10794",128.146151203295,-10.4099975433334,0.860639691352844
"10795",128.228467566394,-10.4099975433334,0.874806642532349
"10796",128.310783929494,-10.4099975433334,0.888876020908356
"10797",128.393100292593,-10.4099975433334,0.902776896953583
"10798",128.475416655692,-10.4099975433334,0.916522562503815
"10799",128.557733018792,-10.4099975433334,0.93015193939209
"10800",128.640049381891,-10.4099975433334,0.943711042404175
"10801",128.72236574499,-10.4099975433334,0.957130134105682
"10802",128.804682108089,-10.4099975433334,0.970424890518188
"10803",128.886998471189,-10.4099975433334,0.983602702617645
"10804",128.969314834288,-10.4099975433334,0.99488776922226
"10805",129.051631197387,-10.4099975433334,1
"10806",129.133947560487,-10.4099975433334,1
"10807",129.216263923586,-10.4099975433334,1
"10808",129.298580286685,-10.4099975433334,1
"10809",129.380896649784,-10.4099975433334,1
"10810",129.463213012884,-10.4099975433334,1
"10811",129.545529375983,-10.4099975433334,1
"10812",129.627845739082,-10.4099975433334,1
"10813",129.710162102182,-10.4099975433334,1
"10814",129.792478465281,-10.4099975433334,1
"10815",129.87479482838,-10.4099975433334,1
"10816",129.957111191479,-10.4099975433334,1
"11047",125.512027584118,-10.4923139064327,0.359833687543869
"11048",125.594343947217,-10.4923139064327,0.373716175556183
"11049",125.676660310317,-10.4923139064327,0.390891820192337
"11050",125.758976673416,-10.4923139064327,0.408081620931625
"11051",125.841293036515,-10.4923139064327,0.425348937511444
"11052",125.923609399615,-10.4923139064327,0.44256916642189
"11053",126.005925762714,-10.4923139064327,0.459827452898026
"11054",126.088242125813,-10.4923139064327,0.477037400007248
"11055",126.170558488912,-10.4923139064327,0.494215697050095
"11056",126.252874852012,-10.4923139064327,0.511326849460602
"11057",126.335191215111,-10.4923139064327,0.528343439102173
"11058",126.41750757821,-10.4923139064327,0.545310437679291
"11059",126.49982394131,-10.4923139064327,0.562251150608063
"11060",126.582140304409,-10.4923139064327,0.579007565975189
"11061",126.664456667508,-10.4923139064327,0.595677733421326
"11062",126.746773030607,-10.4923139064327,0.612268567085266
"11063",126.829089393707,-10.4923139064327,0.628710329532623
"11064",126.911405756806,-10.4923139064327,0.645018398761749
"11065",126.993722119905,-10.4923139064327,0.661243259906769
"11066",127.076038483004,-10.4923139064327,0.677293360233307
"11067",127.158354846104,-10.4923139064327,0.693228840827942
"11068",127.240671209203,-10.4923139064327,0.708978772163391
"11069",127.322987572302,-10.4923139064327,0.724663615226746
"11070",127.405303935402,-10.4923139064327,0.740163803100586
"11071",127.487620298501,-10.4923139064327,0.755542039871216
"11072",127.5699366616,-10.4923139064327,0.770739138126373
"11073",127.652253024699,-10.4923139064327,0.785828590393066
"11074",127.734569387799,-10.4923139064327,0.800796210765839
"11075",127.816885750898,-10.4923139064327,0.815597236156464
"11076",127.899202113997,-10.4923139064327,0.830285727977753
"11077",127.981518477097,-10.4923139064327,0.844810903072357
"11078",128.063834840196,-10.4923139064327,0.859213173389435
"11079",128.146151203295,-10.4923139064327,0.873494565486908
"11080",128.228467566394,-10.4923139064327,0.887643992900848
"11081",128.310783929494,-10.4923139064327,0.901651203632355
"11082",128.393100292593,-10.4923139064327,0.915544331073761
"11083",128.475416655692,-10.4923139064327,0.929256558418274
"11084",128.557733018792,-10.4923139064327,0.942834854125977
"11085",128.640049381891,-10.4923139064327,0.956371605396271
"11086",128.72236574499,-10.4923139064327,0.969713151454926
"11087",128.804682108089,-10.4923139064327,0.98298978805542
"11088",128.886998471189,-10.4923139064327,0.994615435600281
"11089",128.969314834288,-10.4923139064327,1
"11090",129.051631197387,-10.4923139064327,1
"11091",129.133947560487,-10.4923139064327,1
"11092",129.216263923586,-10.4923139064327,1
"11093",129.298580286685,-10.4923139064327,1
"11094",129.380896649784,-10.4923139064327,1
"11095",129.463213012884,-10.4923139064327,1
"11096",129.545529375983,-10.4923139064327,1
"11097",129.627845739082,-10.4923139064327,1
"11098",129.710162102182,-10.4923139064327,1
"11099",129.792478465281,-10.4923139064327,1
"11100",129.87479482838,-10.4923139064327,1
"11101",129.957111191479,-10.4923139064327,1
"11330",125.34739485792,-10.5746302695319,0.334533363580704
"11331",125.429711221019,-10.5746302695319,0.35173761844635
"11332",125.512027584118,-10.5746302695319,0.366575837135315
"11333",125.594343947217,-10.5746302695319,0.38391450047493
"11334",125.676660310317,-10.5746302695319,0.401343047618866
"11335",125.758976673416,-10.5746302695319,0.418813109397888
"11336",125.841293036515,-10.5746302695319,0.436303228139877
"11337",125.923609399615,-10.5746302695319,0.453760802745819
"11338",126.005925762714,-10.5746302695319,0.471226871013641
"11339",126.088242125813,-10.5746302695319,0.488639622926712
"11340",126.170558488912,-10.5746302695319,0.505973041057587
"11341",126.252874852012,-10.5746302695319,0.523266315460205
"11342",126.335191215111,-10.5746302695319,0.540432691574097
"11343",126.41750757821,-10.5746302695319,0.557529985904694
"11344",126.49982394131,-10.5746302695319,0.574582278728485
"11345",126.582140304409,-10.5746302695319,0.591498732566833
"11346",126.664456667508,-10.5746302695319,0.608272135257721
"11347",126.746773030607,-10.5746302695319,0.624952793121338
"11348",126.829089393707,-10.5746302695319,0.641484141349792
"11349",126.911405756806,-10.5746302695319,0.657883584499359
"11350",126.993722119905,-10.5746302695319,0.674121499061584
"11351",127.076038483004,-10.5746302695319,0.690203130245209
"11352",127.158354846104,-10.5746302695319,0.706179976463318
"11353",127.240671209203,-10.5746302695319,0.721991777420044
"11354",127.322987572302,-10.5746302695319,0.737707555294037
"11355",127.405303935402,-10.5746302695319,0.753220021724701
"11356",127.487620298501,-10.5746302695319,0.768605887889862
"11357",127.5699366616,-10.5746302695319,0.783818244934082
"11358",127.652253024699,-10.5746302695319,0.798872470855713
"11359",127.734569387799,-10.5746302695319,0.813799023628235
"11360",127.816885750898,-10.5746302695319,0.82862913608551
"11361",127.899202113997,-10.5746302695319,0.843359053134918
"11362",127.981518477097,-10.5746302695319,0.85783189535141
"11363",128.063834840196,-10.5746302695319,0.872210621833801
"11364",128.146151203295,-10.5746302695319,0.886456847190857
"11365",128.228467566394,-10.5746302695319,0.900579810142517
"11366",128.310783929494,-10.5746302695319,0.914503872394562
"11367",128.393100292593,-10.5746302695319,0.928380131721497
"11368",128.475416655692,-10.5746302695319,0.942074537277222
"11369",128.557733018792,-10.5746302695319,0.955639541149139
"11370",128.640049381891,-10.5746302695319,0.969106256961823
"11371",128.72236574499,-10.5746302695319,0.982418298721313
"11372",128.804682108089,-10.5746302695319,0.994114756584167
"11373",128.886998471189,-10.5746302695319,0.999763071537018
"11374",128.969314834288,-10.5746302695319,1
"11375",129.051631197387,-10.5746302695319,1
"11376",129.133947560487,-10.5746302695319,1
"11377",129.216263923586,-10.5746302695319,1
"11378",129.298580286685,-10.5746302695319,1
"11379",129.380896649784,-10.5746302695319,1
"11380",129.463213012884,-10.5746302695319,1
"11381",129.545529375983,-10.5746302695319,1
"11382",129.627845739082,-10.5746302695319,1
"11383",129.710162102182,-10.5746302695319,1
"11384",129.792478465281,-10.5746302695319,1
"11385",129.87479482838,-10.5746302695319,1
"11386",129.957111191479,-10.5746302695319,1
"11614",125.26507849482,-10.6569466326312,0.325784981250763
"11615",125.34739485792,-10.6569466326312,0.341736912727356
"11616",125.429711221019,-10.6569466326312,0.359199017286301
"11617",125.512027584118,-10.6569466326312,0.376758247613907
"11618",125.594343947217,-10.6569466326312,0.394385486841202
"11619",125.676660310317,-10.6569466326312,0.412071883678436
"11620",125.758976673416,-10.6569466326312,0.429806023836136
"11621",125.841293036515,-10.6569466326312,0.447526901960373
"11622",125.923609399615,-10.6569466326312,0.465208739042282
"11623",126.005925762714,-10.6569466326312,0.482852429151535
"11624",126.088242125813,-10.6569466326312,0.500456392765045
"11625",126.170558488912,-10.6569466326312,0.518008887767792
"11626",126.252874852012,-10.6569466326312,0.535484671592712
"11627",126.335191215111,-10.6569466326312,0.552838563919067
"11628",126.41750757821,-10.6569466326312,0.570064008235931
"11629",126.49982394131,-10.6569466326312,0.58718353509903
"11630",126.582140304409,-10.6569466326312,0.60425877571106
"11631",126.664456667508,-10.6569466326312,0.6210817694664
"11632",126.746773030607,-10.6569466326312,0.637882053852081
"11633",126.829089393707,-10.6569466326312,0.654450476169586
"11634",126.911405756806,-10.6569466326312,0.670926809310913
"11635",126.993722119905,-10.6569466326312,0.687241196632385
"11636",127.076038483004,-10.6569466326312,0.703337907791138
"11637",127.158354846104,-10.6569466326312,0.719330787658691
"11638",127.240671209203,-10.6569466326312,0.7351975440979
"11639",127.322987572302,-10.6569466326312,0.750914216041565
"11640",127.405303935402,-10.6569466326312,0.766425251960754
"11641",127.487620298501,-10.6569466326312,0.781818866729736
"11642",127.5699366616,-10.6569466326312,0.797032713890076
"11643",127.652253024699,-10.6569466326312,0.812124729156494
"11644",127.734569387799,-10.6569466326312,0.827083826065063
"11645",127.816885750898,-10.6569466326312,0.841827273368835
"11646",127.899202113997,-10.6569466326312,0.856465458869934
"11647",127.981518477097,-10.6569466326312,0.870993375778198
"11648",128.063834840196,-10.6569466326312,0.885312378406525
"11649",128.146151203295,-10.6569466326312,0.899528563022614
"11650",128.228467566394,-10.6569466326312,0.91362190246582
"11651",128.310783929494,-10.6569466326312,0.927553474903107
"11652",128.393100292593,-10.6569466326312,0.941341161727905
"11653",128.475416655692,-10.6569466326312,0.954982221126556
"11654",128.557733018792,-10.6569466326312,0.96851259469986
"11655",128.640049381891,-10.6569466326312,0.981934010982513
"11656",128.72236574499,-10.6569466326312,0.993676900863647
"11657",128.804682108089,-10.6569466326312,0.99940812587738
"11658",128.886998471189,-10.6569466326312,1
"11659",128.969314834288,-10.6569466326312,1
"11660",129.051631197387,-10.6569466326312,1
"11661",129.133947560487,-10.6569466326312,1
"11662",129.216263923586,-10.6569466326312,1
"11663",129.298580286685,-10.6569466326312,1
"11664",129.380896649784,-10.6569466326312,1
"11665",129.463213012884,-10.6569466326312,1
"11666",129.545529375983,-10.6569466326312,1
"11667",129.627845739082,-10.6569466326312,1
"11668",129.710162102182,-10.6569466326312,1
"11669",129.792478465281,-10.6569466326312,1
"11670",129.87479482838,-10.6569466326312,1
"11671",129.957111191479,-10.6569466326312,1
"11898",125.182762131721,-10.7392629957305,0.316753089427948
"11899",125.26507849482,-10.7392629957305,0.333871304988861
"11900",125.34739485792,-10.7392629957305,0.351556867361069
"11901",125.429711221019,-10.7392629957305,0.369307577610016
"11902",125.512027584118,-10.7392629957305,0.387196958065033
"11903",125.594343947217,-10.7392629957305,0.40511292219162
"11904",125.676660310317,-10.7392629957305,0.423101186752319
"11905",125.758976673416,-10.7392629957305,0.441092848777771
"11906",125.841293036515,-10.7392629957305,0.459055721759796
"11907",125.923609399615,-10.7392629957305,0.476948916912079
"11908",126.005925762714,-10.7392629957305,0.494843244552612
"11909",126.088242125813,-10.7392629957305,0.512678265571594
"11910",126.170558488912,-10.7392629957305,0.530361652374268
"11911",126.252874852012,-10.7392629957305,0.547990322113037
"11912",126.335191215111,-10.7392629957305,0.565497696399689
"11913",126.41750757821,-10.7392629957305,0.582848370075226
"11914",126.49982394131,-10.7392629957305,0.600075244903564
"11915",126.582140304409,-10.7392629957305,0.617209553718567
"11916",126.664456667508,-10.7392629957305,0.634157657623291
"11917",126.746773030607,-10.7392629957305,0.651024281978607
"11918",126.829089393707,-10.7392629957305,0.66767805814743
"11919",126.911405756806,-10.7392629957305,0.684183239936829
"11920",126.993722119905,-10.7392629957305,0.700560212135315
"11921",127.076038483004,-10.7392629957305,0.716702580451965
"11922",127.158354846104,-10.7392629957305,0.732736051082611
"11923",127.240671209203,-10.7392629957305,0.748628616333008
"11924",127.322987572302,-10.7392629957305,0.764336407184601
"11925",127.405303935402,-10.7392629957305,0.779849946498871
"11926",127.487620298501,-10.7392629957305,0.795244634151459
"11927",127.5699366616,-10.7392629957305,0.810517013072968
"11928",127.652253024699,-10.7392629957305,0.825555741786957
"11929",127.734569387799,-10.7392629957305,0.840444803237915
"11930",127.816885750898,-10.7392629957305,0.855228781700134
"11931",127.899202113997,-10.7392629957305,0.869780719280243
"11932",127.981518477097,-10.7392629957305,0.8842813372612
"11933",128.063834840196,-10.7392629957305,0.898555994033813
"11934",128.146151203295,-10.7392629957305,0.912754476070404
"11935",128.228467566394,-10.7392629957305,0.926817655563354
"11936",128.310783929494,-10.7392629957305,0.940659999847412
"11937",128.393100292593,-10.7392629957305,0.954427659511566
"11938",128.475416655692,-10.7392629957305,0.968005478382111
"11939",128.557733018792,-10.7392629957305,0.981453418731689
"11940",128.640049381891,-10.7392629957305,0.993301689624786
"11941",128.72236574499,-10.7392629957305,0.999167740345001
"11942",128.804682108089,-10.7392629957305,1
"11943",128.886998471189,-10.7392629957305,1
"11944",128.969314834288,-10.7392629957305,1
"11945",129.051631197387,-10.7392629957305,1
"11946",129.133947560487,-10.7392629957305,1
"11947",129.216263923586,-10.7392629957305,1
"11948",129.298580286685,-10.7392629957305,1
"11949",129.380896649784,-10.7392629957305,1
"11950",129.463213012884,-10.7392629957305,1
"11951",129.545529375983,-10.7392629957305,1
"11952",129.627845739082,-10.7392629957305,1
"11953",129.710162102182,-10.7392629957305,1
"11954",129.792478465281,-10.7392629957305,1
"11955",129.87479482838,-10.7392629957305,1
"11956",129.957111191479,-10.7392629957305,1
"12182",125.100445768622,-10.8215793588298,0.308148086071014
"12183",125.182762131721,-10.8215793588298,0.325777620077133
"12184",125.26507849482,-10.8215793588298,0.34363329410553
"12185",125.34739485792,-10.8215793588298,0.361643075942993
"12186",125.429711221019,-10.8215793588298,0.379754424095154
"12187",125.512027584118,-10.8215793588298,0.397965937852859
"12188",125.594343947217,-10.8215793588298,0.416188418865204
"12189",125.676660310317,-10.8215793588298,0.434464991092682
"12190",125.758976673416,-10.8215793588298,0.452691912651062
"12191",125.841293036515,-10.8215793588298,0.470915138721466
"12192",125.923609399615,-10.8215793588298,0.489035964012146
"12193",126.005925762714,-10.8215793588298,0.507117927074432
"12194",126.088242125813,-10.8215793588298,0.525138974189758
"12195",126.170558488912,-10.8215793588298,0.542971909046173
"12196",126.252874852012,-10.8215793588298,0.560760796070099
"12197",126.335191215111,-10.8215793588298,0.578421592712402
"12198",126.41750757821,-10.8215793588298,0.595909714698792
"12199",126.49982394131,-10.8215793588298,0.613215684890747
"12200",126.582140304409,-10.8215793588298,0.630449593067169
"12201",126.664456667508,-10.8215793588298,0.647525668144226
"12202",126.746773030607,-10.8215793588298,0.664463639259338
"12203",126.829089393707,-10.8215793588298,0.681171476840973
"12204",126.911405756806,-10.8215793588298,0.697660803794861
"12205",126.993722119905,-10.8215793588298,0.714071810245514
"12206",127.076038483004,-10.8215793588298,0.730301976203918
"12207",127.158354846104,-10.8215793588298,0.746362864971161
"12208",127.240671209203,-10.8215793588298,0.762214481830597
"12209",127.322987572302,-10.8215793588298,0.777904570102692
"12210",127.405303935402,-10.8215793588298,0.793441534042358
"12211",127.487620298501,-10.8215793588298,0.808813810348511
"12212",127.5699366616,-10.8215793588298,0.824029743671417
"12213",127.652253024699,-10.8215793588298,0.839096188545227
"12214",127.734569387799,-10.8215793588298,0.853946685791016
"12215",127.816885750898,-10.8215793588298,0.868689000606537
"12216",127.899202113997,-10.8215793588298,0.883186161518097
"12217",127.981518477097,-10.8215793588298,0.89765876531601
"12218",128.063834840196,-10.8215793588298,0.911952137947083
"12219",128.146151203295,-10.8215793588298,0.926110327243805
"12220",128.228467566394,-10.8215793588298,0.940068066120148
"12221",128.310783929494,-10.8215793588298,0.953848004341125
"12222",128.393100292593,-10.8215793588298,0.967559814453125
"12223",128.475416655692,-10.8215793588298,0.98112416267395
"12224",128.557733018792,-10.8215793588298,0.993034422397614
"12225",128.640049381891,-10.8215793588298,0.998978495597839
"12226",128.72236574499,-10.8215793588298,1
"12227",128.804682108089,-10.8215793588298,1
"12228",128.886998471189,-10.8215793588298,1
"12229",128.969314834288,-10.8215793588298,1
"12230",129.051631197387,-10.8215793588298,1
"12231",129.133947560487,-10.8215793588298,1
"12232",129.216263923586,-10.8215793588298,1
"12233",129.298580286685,-10.8215793588298,1
"12234",129.380896649784,-10.8215793588298,1
"12235",129.463213012884,-10.8215793588298,1
"12236",129.545529375983,-10.8215793588298,1
"12237",129.627845739082,-10.8215793588298,1
"12238",129.710162102182,-10.8215793588298,1
"12239",129.792478465281,-10.8215793588298,1
"12240",129.87479482838,-10.8215793588298,1
"12241",129.957111191479,-10.8215793588298,1
"12242",130.039427554579,-10.8215793588298,1
"12465",124.935813042423,-10.9038957219291,0.281981289386749
"12466",125.018129405522,-10.9038957219291,0.299592614173889
"12467",125.100445768622,-10.9038957219291,0.317426383495331
"12468",125.182762131721,-10.9038957219291,0.335478752851486
"12469",125.26507849482,-10.9038957219291,0.353751689195633
"12470",125.34739485792,-10.9038957219291,0.37204310297966
"12471",125.429711221019,-10.9038957219291,0.390521258115768
"12472",125.512027584118,-10.9038957219291,0.409048348665237
"12473",125.594343947217,-10.9038957219291,0.427600026130676
"12474",125.676660310317,-10.9038957219291,0.446130365133286
"12475",125.758976673416,-10.9038957219291,0.464633017778397
"12476",125.841293036515,-10.9038957219291,0.483083754777908
"12477",125.923609399615,-10.9038957219291,0.501444339752197
"12478",126.005925762714,-10.9038957219291,0.519737005233765
"12479",126.088242125813,-10.9038957219291,0.537930965423584
"12480",126.170558488912,-10.9038957219291,0.555961489677429
"12481",126.252874852012,-10.9038957219291,0.573827564716339
"12482",126.335191215111,-10.9038957219291,0.59161365032196
"12483",126.41750757821,-10.9038957219291,0.609261929988861
"12484",126.49982394131,-10.9038957219291,0.626736223697662
"12485",126.582140304409,-10.9038957219291,0.643989026546478
"12486",126.664456667508,-10.9038957219291,0.661125719547272
"12487",126.746773030607,-10.9038957219291,0.678081274032593
"12488",126.829089393707,-10.9038957219291,0.694847047328949
"12489",126.911405756806,-10.9038957219291,0.711434721946716
"12490",126.993722119905,-10.9038957219291,0.727853238582611
"12491",127.076038483004,-10.9038957219291,0.744100153446198
"12492",127.158354846104,-10.9038957219291,0.760148584842682
"12493",127.240671209203,-10.9038957219291,0.776005625724792
"12494",127.322987572302,-10.9038957219291,0.791709125041962
"12495",127.405303935402,-10.9038957219291,0.807243704795837
"12496",127.487620298501,-10.9038957219291,0.822580397129059
"12497",127.5699366616,-10.9038957219291,0.837746441364288
"12498",127.652253024699,-10.9038957219291,0.852800369262695
"12499",127.734569387799,-10.9038957219291,0.867652297019958
"12500",127.816885750898,-10.9038957219291,0.882307171821594
"12501",127.899202113997,-10.9038957219291,0.896838128566742
"12502",127.981518477097,-10.9038957219291,0.911227941513062
"12503",128.063834840196,-10.9038957219291,0.92544013261795
"12504",128.146151203295,-10.9038957219291,0.939526617527008
"12505",128.228467566394,-10.9038957219291,0.953444957733154
"12506",128.310783929494,-10.9038957219291,0.967189252376556
"12507",128.393100292593,-10.9038957219291,0.980790317058563
"12508",128.475416655692,-10.9038957219291,0.992863297462463
"12509",128.557733018792,-10.9038957219291,0.998916923999786
"12510",128.640049381891,-10.9038957219291,1
"12511",128.72236574499,-10.9038957219291,1
"12512",128.804682108089,-10.9038957219291,1
"12513",128.886998471189,-10.9038957219291,1
"12514",128.969314834288,-10.9038957219291,1
"12515",129.051631197387,-10.9038957219291,1
"12516",129.133947560487,-10.9038957219291,1
"12517",129.216263923586,-10.9038957219291,1
"12518",129.298580286685,-10.9038957219291,1
"12519",129.380896649784,-10.9038957219291,1
"12520",129.463213012884,-10.9038957219291,1
"12521",129.545529375983,-10.9038957219291,1
"12522",129.627845739082,-10.9038957219291,1
"12523",129.710162102182,-10.9038957219291,1
"12524",129.792478465281,-10.9038957219291,1
"12525",129.87479482838,-10.9038957219291,1
"12526",129.957111191479,-10.9038957219291,1
"12527",130.039427554579,-10.9038957219291,1
"12749",124.853496679324,-10.9862120850284,0.273054838180542
"12750",124.935813042423,-10.9862120850284,0.290771245956421
"12751",125.018129405522,-10.9862120850284,0.308793544769287
"12752",125.100445768622,-10.9862120850284,0.327024966478348
"12753",125.182762131721,-10.9862120850284,0.345473349094391
"12754",125.26507849482,-10.9862120850284,0.364123404026031
"12755",125.34739485792,-10.9862120850284,0.382837623357773
"12756",125.429711221019,-10.9862120850284,0.401648879051208
"12757",125.512027584118,-10.9862120850284,0.420492172241211
"12758",125.594343947217,-10.9862120850284,0.439354300498962
"12759",125.676660310317,-10.9862120850284,0.458169341087341
"12760",125.758976673416,-10.9862120850284,0.476936846971512
"12761",125.841293036515,-10.9862120850284,0.495595872402191
"12762",125.923609399615,-10.9862120850284,0.514194488525391
"12763",126.005925762714,-10.9862120850284,0.532697260379791
"12764",126.088242125813,-10.9862120850284,0.55102127790451
"12765",126.170558488912,-10.9862120850284,0.569238066673279
"12766",126.252874852012,-10.9862120850284,0.587260842323303
"12767",126.335191215111,-10.9862120850284,0.605171978473663
"12768",126.41750757821,-10.9862120850284,0.622908651828766
"12769",126.49982394131,-10.9862120850284,0.640417277812958
"12770",126.582140304409,-10.9862120850284,0.657846331596375
"12771",126.664456667508,-10.9862120850284,0.675013482570648
"12772",126.746773030607,-10.9862120850284,0.6919766664505
"12773",126.829089393707,-10.9862120850284,0.708774387836456
"12774",126.911405756806,-10.9862120850284,0.725398600101471
"12775",126.993722119905,-10.9862120850284,0.741840898990631
"12776",127.076038483004,-10.9862120850284,0.75808584690094
"12777",127.158354846104,-10.9862120850284,0.774148225784302
"12778",127.240671209203,-10.9862120850284,0.790024518966675
"12779",127.322987572302,-10.9862120850284,0.805693030357361
"12780",127.405303935402,-10.9862120850284,0.821198999881744
"12781",127.487620298501,-10.9862120850284,0.836513578891754
"12782",127.5699366616,-10.9862120850284,0.851680994033813
"12783",127.652253024699,-10.9862120850284,0.86666476726532
"12784",127.734569387799,-10.9862120850284,0.881421864032745
"12785",127.816885750898,-10.9862120850284,0.896053910255432
"12786",127.899202113997,-10.9862120850284,0.910603821277618
"12787",127.981518477097,-10.9862120850284,0.924865543842316
"12788",128.063834840196,-10.9862120850284,0.939018428325653
"12789",128.146151203295,-10.9862120850284,0.953053534030914
"12790",128.228467566394,-10.9862120850284,0.966905057430267
"12791",128.310783929494,-10.9862120850284,0.980590164661407
"12792",128.393100292593,-10.9862120850284,0.992771983146667
"12793",128.475416655692,-10.9862120850284,0.998920023441315
"12794",128.557733018792,-10.9862120850284,1
"12795",128.640049381891,-10.9862120850284,1
"12796",128.72236574499,-10.9862120850284,1
"12797",128.804682108089,-10.9862120850284,1
"12798",128.886998471189,-10.9862120850284,1
"12799",128.969314834288,-10.9862120850284,1
"12800",129.051631197387,-10.9862120850284,1
"12801",129.133947560487,-10.9862120850284,1
"12802",129.216263923586,-10.9862120850284,1
"12803",129.298580286685,-10.9862120850284,1
"12804",129.380896649784,-10.9862120850284,1
"12805",129.463213012884,-10.9862120850284,1
"12806",129.545529375983,-10.9862120850284,1
"12807",129.627845739082,-10.9862120850284,1
"12808",129.710162102182,-10.9862120850284,1
"12809",129.792478465281,-10.9862120850284,1
"12810",129.87479482838,-10.9862120850284,1
"12811",129.957111191479,-10.9862120850284,1
"12812",130.039427554579,-10.9862120850284,1
"13030",124.524231226927,-11.0685284481277,0.216893449425697
"13031",124.606547590026,-11.0685284481277,0.232269987463951
"13032",124.688863953125,-11.0685284481277,0.246497288346291
"13033",124.771180316225,-11.0685284481277,0.263842582702637
"13034",124.853496679324,-11.0685284481277,0.28164479136467
"13035",124.935813042423,-11.0685284481277,0.299838662147522
"13036",125.018129405522,-11.0685284481277,0.318242996931076
"13037",125.100445768622,-11.0685284481277,0.336965888738632
"13038",125.182762131721,-11.0685284481277,0.355851620435715
"13039",125.26507849482,-11.0685284481277,0.374869614839554
"13040",125.34739485792,-11.0685284481277,0.393980532884598
"13041",125.429711221019,-11.0685284481277,0.41312837600708
"13042",125.512027584118,-11.0685284481277,0.43232473731041
"13043",125.594343947217,-11.0685284481277,0.451489150524139
"13044",125.676660310317,-11.0685284481277,0.470602750778198
"13045",125.758976673416,-11.0685284481277,0.489642590284348
"13046",125.841293036515,-11.0685284481277,0.508527159690857
"13047",125.923609399615,-11.0685284481277,0.527354121208191
"13048",126.005925762714,-11.0685284481277,0.546005010604858
"13049",126.088242125813,-11.0685284481277,0.564481675624847
"13050",126.170558488912,-11.0685284481277,0.582912981510162
"13051",126.252874852012,-11.0685284481277,0.601036190986633
"13052",126.335191215111,-11.0685284481277,0.61902779340744
"13053",126.41750757821,-11.0685284481277,0.636816620826721
"13054",126.49982394131,-11.0685284481277,0.654458105564117
"13055",126.582140304409,-11.0685284481277,0.671862244606018
"13056",126.664456667508,-11.0685284481277,0.689135551452637
"13057",126.746773030607,-11.0685284481277,0.706142604351044
"13058",126.829089393707,-11.0685284481277,0.722978830337524
"13059",126.911405756806,-11.0685284481277,0.739647030830383
"13060",126.993722119905,-11.0685284481277,0.756070554256439
"13061",127.076038483004,-11.0685284481277,0.772297263145447
"13062",127.158354846104,-11.0685284481277,0.788374960422516
"13063",127.240671209203,-11.0685284481277,0.80420970916748
"13064",127.322987572302,-11.0685284481277,0.819833695888519
"13065",127.405303935402,-11.0685284481277,0.835303783416748
"13066",127.487620298501,-11.0685284481277,0.850602388381958
"13067",127.5699366616,-11.0685284481277,0.865723431110382
"13068",127.652253024699,-11.0685284481277,0.880624115467072
"13069",127.734569387799,-11.0685284481277,0.895418763160706
"13070",127.816885750898,-11.0685284481277,0.909948647022247
"13071",127.899202113997,-11.0685284481277,0.924385130405426
"13072",127.981518477097,-11.0685284481277,0.938603341579437
"13073",128.063834840196,-11.0685284481277,0.952754616737366
"13074",128.146151203295,-11.0685284481277,0.966634690761566
"13075",128.228467566394,-11.0685284481277,0.980433464050293
"13076",128.310783929494,-11.0685284481277,0.992690443992615
"13077",128.393100292593,-11.0685284481277,0.999017655849457
"13078",128.475416655692,-11.0685284481277,1
"13079",128.557733018792,-11.0685284481277,1
"13080",128.640049381891,-11.0685284481277,1
"13081",128.72236574499,-11.0685284481277,1
"13082",128.804682108089,-11.0685284481277,1
"13083",128.886998471189,-11.0685284481277,1
"13084",128.969314834288,-11.0685284481277,1
"13085",129.051631197387,-11.0685284481277,1
"13086",129.133947560487,-11.0685284481277,1
"13087",129.216263923586,-11.0685284481277,1
"13088",129.298580286685,-11.0685284481277,1
"13089",129.380896649784,-11.0685284481277,1
"13090",129.463213012884,-11.0685284481277,1
"13091",129.545529375983,-11.0685284481277,1
"13092",129.627845739082,-11.0685284481277,1
"13093",129.710162102182,-11.0685284481277,1
"13094",129.792478465281,-11.0685284481277,1
"13095",129.87479482838,-11.0685284481277,1
"13096",129.957111191479,-11.0685284481277,1
"13097",130.039427554579,-11.0685284481277,1
"13313",124.359598500728,-11.1508448112269,0.19101382791996
"13314",124.441914863827,-11.1508448112269,0.205245569348335
"13315",124.524231226927,-11.1508448112269,0.220109507441521
"13316",124.606547590026,-11.1508448112269,0.236860066652298
"13317",124.688863953125,-11.1508448112269,0.25432214140892
"13318",124.771180316225,-11.1508448112269,0.272207468748093
"13319",124.853496679324,-11.1508448112269,0.290513187646866
"13320",124.935813042423,-11.1508448112269,0.309197634458542
"13321",125.018129405522,-11.1508448112269,0.328148752450943
"13322",125.100445768622,-11.1508448112269,0.347327828407288
"13323",125.182762131721,-11.1508448112269,0.366609364748001
"13324",125.26507849482,-11.1508448112269,0.386000335216522
"13325",125.34739485792,-11.1508448112269,0.405532509088516
"13326",125.429711221019,-11.1508448112269,0.425090163946152
"13327",125.512027584118,-11.1508448112269,0.444578945636749
"13328",125.594343947217,-11.1508448112269,0.464052647352219
"13329",125.676660310317,-11.1508448112269,0.483429104089737
"13330",125.758976673416,-11.1508448112269,0.502698123455048
"13331",125.841293036515,-11.1508448112269,0.521834671497345
"13332",125.923609399615,-11.1508448112269,0.540869176387787
"13333",126.005925762714,-11.1508448112269,0.559672832489014
"13334",126.088242125813,-11.1508448112269,0.578373312950134
"13335",126.170558488912,-11.1508448112269,0.596861898899078
"13336",126.252874852012,-11.1508448112269,0.615107357501984
"13337",126.335191215111,-11.1508448112269,0.633235216140747
"13338",126.41750757821,-11.1508448112269,0.651162981987
"13339",126.49982394131,-11.1508448112269,0.668839752674103
"13340",126.582140304409,-11.1508448112269,0.686264276504517
"13341",126.664456667508,-11.1508448112269,0.703575134277344
"13342",126.746773030607,-11.1508448112269,0.720624208450317
"13343",126.829089393707,-11.1508448112269,0.737426519393921
"13344",126.911405756806,-11.1508448112269,0.754076898097992
"13345",126.993722119905,-11.1508448112269,0.770530939102173
"13346",127.076038483004,-11.1508448112269,0.786740243434906
"13347",127.158354846104,-11.1508448112269,0.802776515483856
"13348",127.240671209203,-11.1508448112269,0.818559527397156
"13349",127.322987572302,-11.1508448112269,0.834167540073395
"13350",127.405303935402,-11.1508448112269,0.849597275257111
"13351",127.487620298501,-11.1508448112269,0.864851474761963
"13352",127.5699366616,-11.1508448112269,0.879895925521851
"13353",127.652253024699,-11.1508448112269,0.894783318042755
"13354",127.734569387799,-11.1508448112269,0.909476101398468
"13355",127.816885750898,-11.1508448112269,0.924016892910004
"13356",127.899202113997,-11.1508448112269,0.938309013843536
"13357",127.981518477097,-11.1508448112269,0.952520966529846
"13358",128.063834840196,-11.1508448112269,0.966525912284851
"13359",128.146151203295,-11.1508448112269,0.980362474918365
"13360",128.228467566394,-11.1508448112269,0.992791533470154
"13361",128.310783929494,-11.1508448112269,0.999175727367401
"13362",128.393100292593,-11.1508448112269,1
"13363",128.475416655692,-11.1508448112269,1
"13364",128.557733018792,-11.1508448112269,1
"13365",128.640049381891,-11.1508448112269,1
"13366",128.72236574499,-11.1508448112269,1
"13367",128.804682108089,-11.1508448112269,1
"13368",128.886998471189,-11.1508448112269,1
"13369",128.969314834288,-11.1508448112269,1
"13370",129.051631197387,-11.1508448112269,1
"13371",129.133947560487,-11.1508448112269,1
"13372",129.216263923586,-11.1508448112269,1
"13373",129.298580286685,-11.1508448112269,1
"13374",129.380896649784,-11.1508448112269,1
"13375",129.463213012884,-11.1508448112269,1
"13376",129.545529375983,-11.1508448112269,1
"13377",129.627845739082,-11.1508448112269,1
"13378",129.710162102182,-11.1508448112269,1
"13379",129.792478465281,-11.1508448112269,1
"13380",129.87479482838,-11.1508448112269,1
"13381",129.957111191479,-11.1508448112269,1
"13382",130.039427554579,-11.1508448112269,1
"13597",124.277282137629,-11.2331611743262,0.180746763944626
"13598",124.359598500728,-11.2331611743262,0.194323763251305
"13599",124.441914863827,-11.2331611743262,0.210226863622665
"13600",124.524231226927,-11.2331611743262,0.226977571845055
"13601",124.606547590026,-11.2331611743262,0.24443706870079
"13602",124.688863953125,-11.2331611743262,0.262431591749191
"13603",124.771180316225,-11.2331611743262,0.280864000320435
"13604",124.853496679324,-11.2331611743262,0.29978084564209
"13605",124.935813042423,-11.2331611743262,0.318975687026978
"13606",125.018129405522,-11.2331611743262,0.338403552770615
"13607",125.100445768622,-11.2331611743262,0.358039200305939
"13608",125.182762131721,-11.2331611743262,0.377816498279572
"13609",125.26507849482,-11.2331611743262,0.39762806892395
"13610",125.34739485792,-11.2331611743262,0.417523682117462
"13611",125.429711221019,-11.2331611743262,0.437414973974228
"13612",125.512027584118,-11.2331611743262,0.457284033298492
"13613",125.594343947217,-11.2331611743262,0.477066606283188
"13614",125.676660310317,-11.2331611743262,0.496695429086685
"13615",125.758976673416,-11.2331611743262,0.516214191913605
"13616",125.841293036515,-11.2331611743262,0.535549223423004
"13617",125.923609399615,-11.2331611743262,0.554776966571808
"13618",126.005925762714,-11.2331611743262,0.573801815509796
"13619",126.088242125813,-11.2331611743262,0.592590570449829
"13620",126.170558488912,-11.2331611743262,0.611209571361542
"13621",126.252874852012,-11.2331611743262,0.62954044342041
"13622",126.335191215111,-11.2331611743262,0.647780060768127
"13623",126.41750757821,-11.2331611743262,0.665701270103455
"13624",126.49982394131,-11.2331611743262,0.683420240879059
"13625",126.582140304409,-11.2331611743262,0.700969755649567
"13626",126.664456667508,-11.2331611743262,0.718274176120758
"13627",126.746773030607,-11.2331611743262,0.735342800617218
"13628",126.829089393707,-11.2331611743262,0.752171158790588
"13629",126.911405756806,-11.2331611743262,0.768784284591675
"13630",126.993722119905,-11.2331611743262,0.785174906253815
"13631",127.076038483004,-11.2331611743262,0.801374435424805
"13632",127.158354846104,-11.2331611743262,0.817357540130615
"13633",127.240671209203,-11.2331611743262,0.833152651786804
"13634",127.322987572302,-11.2331611743262,0.848716855049133
"13635",127.405303935402,-11.2331611743262,0.864096701145172
"13636",127.487620298501,-11.2331611743262,0.879267632961273
"13637",127.5699366616,-11.2331611743262,0.894260406494141
"13638",127.652253024699,-11.2331611743262,0.909093379974365
"13639",127.734569387799,-11.2331611743262,0.923670709133148
"13640",127.816885750898,-11.2331611743262,0.938143968582153
"13641",127.899202113997,-11.2331611743262,0.952426552772522
"13642",127.981518477097,-11.2331611743262,0.96652615070343
"13643",128.063834840196,-11.2331611743262,0.980419218540192
"13644",128.146151203295,-11.2331611743262,0.992958784103394
"13645",128.228467566394,-11.2331611743262,0.99943470954895
"13646",128.310783929494,-11.2331611743262,1
"13647",128.393100292593,-11.2331611743262,1
"13648",128.475416655692,-11.2331611743262,1
"13649",128.557733018792,-11.2331611743262,1
"13650",128.640049381891,-11.2331611743262,1
"13651",128.72236574499,-11.2331611743262,1
"13652",128.804682108089,-11.2331611743262,1
"13653",128.886998471189,-11.2331611743262,1
"13654",128.969314834288,-11.2331611743262,1
"13655",129.051631197387,-11.2331611743262,1
"13656",129.133947560487,-11.2331611743262,1
"13657",129.216263923586,-11.2331611743262,1
"13658",129.298580286685,-11.2331611743262,1
"13659",129.380896649784,-11.2331611743262,1
"13660",129.463213012884,-11.2331611743262,1
"13661",129.545529375983,-11.2331611743262,1
"13662",129.627845739082,-11.2331611743262,1
"13663",129.710162102182,-11.2331611743262,1
"13664",129.792478465281,-11.2331611743262,1
"13665",129.87479482838,-11.2331611743262,1
"13666",129.957111191479,-11.2331611743262,1
"13667",130.039427554579,-11.2331611743262,1
"13879",124.030333048331,-11.3154775374255,0.144491955637932
"13880",124.11264941143,-11.3154775374255,0.15579816699028
"13881",124.19496577453,-11.3154775374255,0.169711977243423
"13882",124.277282137629,-11.3154775374255,0.18447870016098
"13883",124.359598500728,-11.3154775374255,0.200287103652954
"13884",124.441914863827,-11.3154775374255,0.216899797320366
"13885",124.524231226927,-11.3154775374255,0.234292775392532
"13886",124.606547590026,-11.3154775374255,0.252310216426849
"13887",124.688863953125,-11.3154775374255,0.270888835191727
"13888",124.771180316225,-11.3154775374255,0.28992748260498
"13889",124.853496679324,-11.3154775374255,0.309401780366898
"13890",124.935813042423,-11.3154775374255,0.329140871763229
"13891",125.018129405522,-11.3154775374255,0.349118500947952
"13892",125.100445768622,-11.3154775374255,0.36922961473465
"13893",125.182762131721,-11.3154775374255,0.38946321606636
"13894",125.26507849482,-11.3154775374255,0.409730404615402
"13895",125.34739485792,-11.3154775374255,0.43001589179039
"13896",125.429711221019,-11.3154775374255,0.450250297784805
"13897",125.512027584118,-11.3154775374255,0.470405042171478
"13898",125.594343947217,-11.3154775374255,0.490498453378677
"13899",125.676660310317,-11.3154775374255,0.510428249835968
"13900",125.758976673416,-11.3154775374255,0.530164480209351
"13901",125.841293036515,-11.3154775374255,0.54972517490387
"13902",125.923609399615,-11.3154775374255,0.569124817848206
"13903",126.005925762714,-11.3154775374255,0.588330388069153
"13904",126.088242125813,-11.3154775374255,0.607176542282104
"13905",126.170558488912,-11.3154775374255,0.625909328460693
"13906",126.252874852012,-11.3154775374255,0.644405663013458
"13907",126.335191215111,-11.3154775374255,0.662658274173737
"13908",126.41750757821,-11.3154775374255,0.680672347545624
"13909",126.49982394131,-11.3154775374255,0.698395550251007
"13910",126.582140304409,-11.3154775374255,0.715925872325897
"13911",126.664456667508,-11.3154775374255,0.733234107494354
"13912",126.746773030607,-11.3154775374255,0.75031453371048
"13913",126.829089393707,-11.3154775374255,0.767131268978119
"13914",126.911405756806,-11.3154775374255,0.783718526363373
"13915",126.993722119905,-11.3154775374255,0.800090134143829
"13916",127.076038483004,-11.3154775374255,0.816248834133148
"13917",127.158354846104,-11.3154775374255,0.832193672657013
"13918",127.240671209203,-11.3154775374255,0.847958326339722
"13919",127.322987572302,-11.3154775374255,0.863436281681061
"13920",127.405303935402,-11.3154775374255,0.878751218318939
"13921",127.487620298501,-11.3154775374255,0.893846392631531
"13922",127.5699366616,-11.3154775374255,0.908753633499146
"13923",127.652253024699,-11.3154775374255,0.923509359359741
"13924",127.734569387799,-11.3154775374255,0.938015878200531
"13925",127.816885750898,-11.3154775374255,0.952369034290314
"13926",127.899202113997,-11.3154775374255,0.966593265533447
"13927",127.981518477097,-11.3154775374255,0.980537354946136
"13928",128.063834840196,-11.3154775374255,0.993223309516907
"13929",128.146151203295,-11.3154775374255,0.99975860118866
"13930",128.228467566394,-11.3154775374255,1
"13931",128.310783929494,-11.3154775374255,1
"13932",128.393100292593,-11.3154775374255,1
"13933",128.475416655692,-11.3154775374255,1
"13934",128.557733018792,-11.3154775374255,1
"13935",128.640049381891,-11.3154775374255,1
"13936",128.72236574499,-11.3154775374255,1
"13937",128.804682108089,-11.3154775374255,1
"13938",128.886998471189,-11.3154775374255,1
"13939",128.969314834288,-11.3154775374255,1
"13940",129.051631197387,-11.3154775374255,1
"13941",129.133947560487,-11.3154775374255,1
"13942",129.216263923586,-11.3154775374255,1
"13943",129.298580286685,-11.3154775374255,1
"13944",129.380896649784,-11.3154775374255,1
"13945",129.463213012884,-11.3154775374255,1
"13946",129.545529375983,-11.3154775374255,1
"13947",129.627845739082,-11.3154775374255,1
"13948",129.710162102182,-11.3154775374255,1
"13949",129.792478465281,-11.3154775374255,1
"13950",129.87479482838,-11.3154775374255,1
"13951",129.957111191479,-11.3154775374255,1
"13952",130.039427554579,-11.3154775374255,1
"14162",123.865700322132,-11.3977939005248,0.125323668122292
"14163",123.948016685232,-11.3977939005248,0.135049909353256
"14164",124.030333048331,-11.3977939005248,0.147059604525566
"14165",124.11264941143,-11.3977939005248,0.16033411026001
"14166",124.19496577453,-11.3977939005248,0.174658268690109
"14167",124.277282137629,-11.3977939005248,0.190134689211845
"14168",124.359598500728,-11.3977939005248,0.206562072038651
"14169",124.441914863827,-11.3977939005248,0.223816275596619
"14170",124.524231226927,-11.3977939005248,0.24185711145401
"14171",124.606547590026,-11.3977939005248,0.260523229837418
"14172",124.688863953125,-11.3977939005248,0.279767036437988
"14173",124.771180316225,-11.3977939005248,0.299432128667831
"14174",124.853496679324,-11.3977939005248,0.319475382566452
"14175",124.935813042423,-11.3977939005248,0.339782357215881
"14176",125.018129405522,-11.3977939005248,0.360303461551666
"14177",125.100445768622,-11.3977939005248,0.380924671888351
"14178",125.182762131721,-11.3977939005248,0.401610136032104
"14179",125.26507849482,-11.3977939005248,0.422287434339523
"14180",125.34739485792,-11.3977939005248,0.442977547645569
"14181",125.429711221019,-11.3977939005248,0.463622272014618
"14182",125.512027584118,-11.3977939005248,0.484073787927628
"14183",125.594343947217,-11.3977939005248,0.504436254501343
"14184",125.676660310317,-11.3977939005248,0.524658560752869
"14185",125.758976673416,-11.3977939005248,0.544628083705902
"14186",125.841293036515,-11.3977939005248,0.564379692077637
"14187",125.923609399615,-11.3977939005248,0.583873987197876
"14188",126.005925762714,-11.3977939005248,0.60321044921875
"14189",126.088242125813,-11.3977939005248,0.62223482131958
"14190",126.170558488912,-11.3977939005248,0.641012609004974
"14191",126.252874852012,-11.3977939005248,0.659561276435852
"14192",126.335191215111,-11.3977939005248,0.677830934524536
"14193",126.41750757821,-11.3977939005248,0.695861518383026
"14194",126.49982394131,-11.3977939005248,0.713662207126617
"14195",126.582140304409,-11.3977939005248,0.731204688549042
"14196",126.664456667508,-11.3977939005248,0.74846625328064
"14197",126.746773030607,-11.3977939005248,0.76553875207901
"14198",126.829089393707,-11.3977939005248,0.782332122325897
"14199",126.911405756806,-11.3977939005248,0.798908233642578
"14200",126.993722119905,-11.3977939005248,0.815233469009399
"14201",127.076038483004,-11.3977939005248,0.831360697746277
"14202",127.158354846104,-11.3977939005248,0.847239971160889
"14203",127.240671209203,-11.3977939005248,0.862888395786285
"14204",127.322987572302,-11.3977939005248,0.878291606903076
"14205",127.405303935402,-11.3977939005248,0.89352148771286
"14206",127.487620298501,-11.3977939005248,0.908558428287506
"14207",127.5699366616,-11.3977939005248,0.923387944698334
"14208",127.652253024699,-11.3977939005248,0.938049793243408
"14209",127.734569387799,-11.3977939005248,0.952456712722778
"14210",127.816885750898,-11.3977939005248,0.966748893260956
"14211",127.899202113997,-11.3977939005248,0.980720639228821
"14212",127.981518477097,-11.3977939005248,0.993281006813049
"14213",128.063834840196,-11.3977939005248,1
"14214",128.146151203295,-11.3977939005248,1
"14215",128.228467566394,-11.3977939005248,1
"14216",128.310783929494,-11.3977939005248,1
"14217",128.393100292593,-11.3977939005248,1
"14218",128.475416655692,-11.3977939005248,1
"14219",128.557733018792,-11.3977939005248,1
"14220",128.640049381891,-11.3977939005248,1
"14221",128.72236574499,-11.3977939005248,1
"14222",128.804682108089,-11.3977939005248,1
"14223",128.886998471189,-11.3977939005248,1
"14224",128.969314834288,-11.3977939005248,1
"14225",129.051631197387,-11.3977939005248,1
"14226",129.133947560487,-11.3977939005248,1
"14227",129.216263923586,-11.3977939005248,1
"14228",129.298580286685,-11.3977939005248,1
"14229",129.380896649784,-11.3977939005248,1
"14230",129.463213012884,-11.3977939005248,1
"14231",129.545529375983,-11.3977939005248,1
"14232",129.627845739082,-11.3977939005248,1
"14233",129.710162102182,-11.3977939005248,1
"14234",129.792478465281,-11.3977939005248,1
"14235",129.87479482838,-11.3977939005248,1
"14236",129.957111191479,-11.3977939005248,1
"14237",130.039427554579,-11.3977939005248,1
"14444",123.618751232835,-11.4801102636241,0.104469537734985
"14446",123.783383959033,-11.4801102636241,0.118408985435963
"14447",123.865700322132,-11.4801102636241,0.127521693706512
"14448",123.948016685232,-11.4801102636241,0.138622745871544
"14449",124.030333048331,-11.4801102636241,0.151125997304916
"14450",124.11264941143,-11.4801102636241,0.164839640259743
"14451",124.19496577453,-11.4801102636241,0.179883942008018
"14452",124.277282137629,-11.4801102636241,0.196002751588821
"14453",124.359598500728,-11.4801102636241,0.213060200214386
"14454",124.441914863827,-11.4801102636241,0.231038883328438
"14455",124.524231226927,-11.4801102636241,0.249759718775749
"14456",124.606547590026,-11.4801102636241,0.26912459731102
"14457",124.688863953125,-11.4801102636241,0.289075404405594
"14458",124.771180316225,-11.4801102636241,0.309422165155411
"14459",124.853496679324,-11.4801102636241,0.330095440149307
"14460",124.935813042423,-11.4801102636241,0.350981444120407
"14461",125.018129405522,-11.4801102636241,0.372030526399612
"14462",125.100445768622,-11.4801102636241,0.393175184726715
"14463",125.182762131721,-11.4801102636241,0.414358466863632
"14464",125.26507849482,-11.4801102636241,0.435492932796478
"14465",125.34739485792,-11.4801102636241,0.456551969051361
"14466",125.429711221019,-11.4801102636241,0.477516978979111
"14467",125.512027584118,-11.4801102636241,0.498322457075119
"14468",125.594343947217,-11.4801102636241,0.518946647644043
"14469",125.676660310317,-11.4801102636241,0.539346873760223
"14470",125.758976673416,-11.4801102636241,0.559571146965027
"14471",125.841293036515,-11.4801102636241,0.579436123371124
"14472",125.923609399615,-11.4801102636241,0.59914892911911
"14473",126.005925762714,-11.4801102636241,0.61855161190033
"14474",126.088242125813,-11.4801102636241,0.637668967247009
"14475",126.170558488912,-11.4801102636241,0.656532466411591
"14476",126.252874852012,-11.4801102636241,0.675108253955841
"14477",126.335191215111,-11.4801102636241,0.693422019481659
"14478",126.41750757821,-11.4801102636241,0.711436331272125
"14479",126.49982394131,-11.4801102636241,0.729221105575562
"14480",126.582140304409,-11.4801102636241,0.746791839599609
"14481",126.664456667508,-11.4801102636241,0.76406192779541
"14482",126.746773030607,-11.4801102636241,0.781055152416229
"14483",126.829089393707,-11.4801102636241,0.797797203063965
"14484",126.911405756806,-11.4801102636241,0.814321458339691
"14485",126.993722119905,-11.4801102636241,0.83058887720108
"14486",127.076038483004,-11.4801102636241,0.846648931503296
"14487",127.158354846104,-11.4801102636241,0.86242002248764
"14488",127.240671209203,-11.4801102636241,0.877960920333862
"14489",127.322987572302,-11.4801102636241,0.893353402614594
"14490",127.405303935402,-11.4801102636241,0.908483743667603
"14491",127.487620298501,-11.4801102636241,0.923423945903778
"14492",127.5699366616,-11.4801102636241,0.938127517700195
"14493",127.652253024699,-11.4801102636241,0.95268976688385
"14494",127.734569387799,-11.4801102636241,0.966963350772858
"14495",127.816885750898,-11.4801102636241,0.981060326099396
"14496",127.899202113997,-11.4801102636241,0.993450820446014
"14497",127.981518477097,-11.4801102636241,1
"14498",128.063834840196,-11.4801102636241,1
"14499",128.146151203295,-11.4801102636241,1
"14500",128.228467566394,-11.4801102636241,1
"14501",128.310783929494,-11.4801102636241,1
"14502",128.393100292593,-11.4801102636241,1
"14503",128.475416655692,-11.4801102636241,1
"14504",128.557733018792,-11.4801102636241,1
"14505",128.640049381891,-11.4801102636241,1
"14506",128.72236574499,-11.4801102636241,1
"14507",128.804682108089,-11.4801102636241,1
"14508",128.886998471189,-11.4801102636241,1
"14509",128.969314834288,-11.4801102636241,1
"14510",129.051631197387,-11.4801102636241,1
"14511",129.133947560487,-11.4801102636241,1
"14512",129.216263923586,-11.4801102636241,1
"14513",129.298580286685,-11.4801102636241,1
"14514",129.380896649784,-11.4801102636241,1
"14515",129.463213012884,-11.4801102636241,1
"14516",129.545529375983,-11.4801102636241,1
"14517",129.627845739082,-11.4801102636241,1
"14518",129.710162102182,-11.4801102636241,1
"14519",129.792478465281,-11.4801102636241,1
"14520",129.87479482838,-11.4801102636241,1
"14521",129.957111191479,-11.4801102636241,1
"14726",123.371802143537,-11.5624266267234,0.0922463312745094
"14727",123.454118506636,-11.5624266267234,0.0951773226261139
"14728",123.536434869735,-11.5624266267234,0.0999777764081955
"14729",123.618751232835,-11.5624266267234,0.105349704623222
"14730",123.701067595934,-11.5624266267234,0.112049236893654
"14731",123.783383959033,-11.5624266267234,0.120683938264847
"14732",123.865700322132,-11.5624266267234,0.130698829889297
"14733",123.948016685232,-11.5624266267234,0.142209410667419
"14734",124.030333048331,-11.5624266267234,0.155202880501747
"14735",124.11264941143,-11.5624266267234,0.169554129242897
"14736",124.19496577453,-11.5624266267234,0.185212835669518
"14737",124.277282137629,-11.5624266267234,0.202016070485115
"14738",124.359598500728,-11.5624266267234,0.219817012548447
"14739",124.441914863827,-11.5624266267234,0.238573476672173
"14740",124.524231226927,-11.5624266267234,0.258066534996033
"14741",124.606547590026,-11.5624266267234,0.27823069691658
"14742",124.688863953125,-11.5624266267234,0.298897296190262
"14743",124.771180316225,-11.5624266267234,0.319949090480804
"14744",124.853496679324,-11.5624266267234,0.34127414226532
"14745",124.935813042423,-11.5624266267234,0.362807929515839
"14746",125.018129405522,-11.5624266267234,0.384425044059753
"14747",125.100445768622,-11.5624266267234,0.406072437763214
"14748",125.182762131721,-11.5624266267234,0.427742689847946
"14749",125.26507849482,-11.5624266267234,0.449248313903809
"14750",125.34739485792,-11.5624266267234,0.470729917287827
"14751",125.429711221019,-11.5624266267234,0.49200513958931
"14752",125.512027584118,-11.5624266267234,0.513109385967255
"14753",125.594343947217,-11.5624266267234,0.534007012844086
"14754",125.676660310317,-11.5624266267234,0.554566144943237
"14755",125.758976673416,-11.5624266267234,0.574949502944946
"14756",125.841293036515,-11.5624266267234,0.595013678073883
"14757",125.923609399615,-11.5624266267234,0.614830255508423
"14758",126.005925762714,-11.5624266267234,0.63432377576828
"14759",126.088242125813,-11.5624266267234,0.653505146503448
"14760",126.170558488912,-11.5624266267234,0.672409772872925
"14761",126.252874852012,-11.5624266267234,0.691026985645294
"14762",126.335191215111,-11.5624266267234,0.70936793088913
"14763",126.41750757821,-11.5624266267234,0.727414131164551
"14764",126.49982394131,-11.5624266267234,0.745140433311462
"14765",126.582140304409,-11.5624266267234,0.762617766857147
"14766",126.664456667508,-11.5624266267234,0.779869198799133
"14767",126.746773030607,-11.5624266267234,0.79682195186615
"14768",126.829089393707,-11.5624266267234,0.81351226568222
"14769",126.911405756806,-11.5624266267234,0.829927384853363
"14770",126.993722119905,-11.5624266267234,0.846135079860687
"14771",127.076038483004,-11.5624266267234,0.862090885639191
"14772",127.158354846104,-11.5624266267234,0.877774119377136
"14773",127.240671209203,-11.5624266267234,0.893256008625031
"14774",127.322987572302,-11.5624266267234,0.908547282218933
"14775",127.405303935402,-11.5624266267234,0.923551023006439
"14776",127.487620298501,-11.5624266267234,0.938377976417542
"14777",127.5699366616,-11.5624266267234,0.953032732009888
"14778",127.652253024699,-11.5624266267234,0.967424690723419
"14779",127.734569387799,-11.5624266267234,0.981500267982483
"14780",127.816885750898,-11.5624266267234,0.99368953704834
"14781",127.899202113997,-11.5624266267234,1
"14782",127.981518477097,-11.5624266267234,1
"14783",128.063834840196,-11.5624266267234,1
"14784",128.146151203295,-11.5624266267234,1
"14785",128.228467566394,-11.5624266267234,1
"14786",128.310783929494,-11.5624266267234,1
"14787",128.393100292593,-11.5624266267234,1
"14788",128.475416655692,-11.5624266267234,1
"14789",128.557733018792,-11.5624266267234,1
"14790",128.640049381891,-11.5624266267234,1
"14791",128.72236574499,-11.5624266267234,1
"14792",128.804682108089,-11.5624266267234,1
"14793",128.886998471189,-11.5624266267234,1
"14794",128.969314834288,-11.5624266267234,1
"14795",129.051631197387,-11.5624266267234,1
"14796",129.133947560487,-11.5624266267234,1
"14797",129.216263923586,-11.5624266267234,1
"14798",129.298580286685,-11.5624266267234,1
"14799",129.380896649784,-11.5624266267234,1
"14800",129.463213012884,-11.5624266267234,1
"14801",129.545529375983,-11.5624266267234,1
"14802",129.627845739082,-11.5624266267234,1
"14803",129.710162102182,-11.5624266267234,1
"14804",129.792478465281,-11.5624266267234,1
"14805",129.87479482838,-11.5624266267234,1
"14806",129.957111191479,-11.5624266267234,1
"15007",123.04253669114,-11.6447429898226,0.0872472524642944
"15008",123.124853054239,-11.6447429898226,0.088141530752182
"15009",123.207169417338,-11.6447429898226,0.0898730382323265
"15010",123.289485780437,-11.6447429898226,0.092077761888504
"15011",123.371802143537,-11.6447429898226,0.0943457931280136
"15012",123.454118506636,-11.6447429898226,0.09744992852211
"15013",123.536434869735,-11.6447429898226,0.101821318268776
"15014",123.618751232835,-11.6447429898226,0.107519470155239
"15015",123.701067595934,-11.6447429898226,0.11459669470787
"15016",123.783383959033,-11.6447429898226,0.123380914330482
"15017",123.865700322132,-11.6447429898226,0.133757576346397
"15018",123.948016685232,-11.6447429898226,0.145767226815224
"15019",124.030333048331,-11.6447429898226,0.159343719482422
"15020",124.11264941143,-11.6447429898226,0.174324944615364
"15021",124.19496577453,-11.6447429898226,0.190685153007507
"15022",124.277282137629,-11.6447429898226,0.208318457007408
"15023",124.359598500728,-11.6447429898226,0.226989537477493
"15024",124.441914863827,-11.6447429898226,0.246583804488182
"15025",124.524231226927,-11.6447429898226,0.266932338476181
"15026",124.606547590026,-11.6447429898226,0.287898004055023
"15027",124.688863953125,-11.6447429898226,0.309333682060242
"15028",124.771180316225,-11.6447429898226,0.331087291240692
"15029",124.853496679324,-11.6447429898226,0.353076279163361
"15030",124.935813042423,-11.6447429898226,0.375235378742218
"15031",125.018129405522,-11.6447429898226,0.397439777851105
"15032",125.100445768622,-11.6447429898226,0.419657647609711
"15033",125.182762131721,-11.6447429898226,0.441755086183548
"15034",125.26507849482,-11.6447429898226,0.463706195354462
"15035",125.34739485792,-11.6447429898226,0.485531836748123
"15036",125.429711221019,-11.6447429898226,0.507145822048187
"15037",125.512027584118,-11.6447429898226,0.528501927852631
"15038",125.594343947217,-11.6447429898226,0.549595415592194
"15039",125.676660310317,-11.6447429898226,0.570400297641754
"15040",125.758976673416,-11.6447429898226,0.590867340564728
"15041",125.841293036515,-11.6447429898226,0.611063063144684
"15042",125.923609399615,-11.6447429898226,0.63094025850296
"15043",126.005925762714,-11.6447429898226,0.650525987148285
"15044",126.088242125813,-11.6447429898226,0.669752597808838
"15045",126.170558488912,-11.6447429898226,0.688689351081848
"15046",126.252874852012,-11.6447429898226,0.70730996131897
"15047",126.335191215111,-11.6447429898226,0.725616216659546
"15048",126.41750757821,-11.6447429898226,0.743626534938812
"15049",126.49982394131,-11.6447429898226,0.761320948600769
"15050",126.582140304409,-11.6447429898226,0.778740406036377
"15051",126.664456667508,-11.6447429898226,0.795947313308716
"15052",126.746773030607,-11.6447429898226,0.812831401824951
"15053",126.829089393707,-11.6447429898226,0.82941460609436
"15054",126.911405756806,-11.6447429898226,0.845753252506256
"15055",126.993722119905,-11.6447429898226,0.861827790737152
"15056",127.076038483004,-11.6447429898226,0.877718985080719
"15057",127.158354846104,-11.6447429898226,0.893327653408051
"15058",127.240671209203,-11.6447429898226,0.908698379993439
"15059",127.322987572302,-11.6447429898226,0.923819541931152
"15060",127.405303935402,-11.6447429898226,0.938763856887817
"15061",127.487620298501,-11.6447429898226,0.953448593616486
"15062",127.5699366616,-11.6447429898226,0.968009948730469
"15063",127.652253024699,-11.6447429898226,0.982093691825867
"15064",127.734569387799,-11.6447429898226,0.994054555892944
"15065",127.816885750898,-11.6447429898226,1
"15066",127.899202113997,-11.6447429898226,1
"15067",127.981518477097,-11.6447429898226,1
"15068",128.063834840196,-11.6447429898226,1
"15069",128.146151203295,-11.6447429898226,1
"15070",128.228467566394,-11.6447429898226,1
"15071",128.310783929494,-11.6447429898226,1
"15072",128.393100292593,-11.6447429898226,1
"15073",128.475416655692,-11.6447429898226,1
"15074",128.557733018792,-11.6447429898226,1
"15075",128.640049381891,-11.6447429898226,1
"15076",128.72236574499,-11.6447429898226,1
"15077",128.804682108089,-11.6447429898226,1
"15078",128.886998471189,-11.6447429898226,1
"15079",128.969314834288,-11.6447429898226,1
"15080",129.051631197387,-11.6447429898226,1
"15081",129.133947560487,-11.6447429898226,1
"15082",129.216263923586,-11.6447429898226,1
"15083",129.298580286685,-11.6447429898226,1
"15084",129.380896649784,-11.6447429898226,1
"15085",129.463213012884,-11.6447429898226,1
"15086",129.545529375983,-11.6447429898226,1
"15087",129.627845739082,-11.6447429898226,1
"15088",129.710162102182,-11.6447429898226,1
"15089",129.792478465281,-11.6447429898226,1
"15090",129.87479482838,-11.6447429898226,1
"15091",129.957111191479,-11.6447429898226,1
"15292",123.04253669114,-11.7270593529219,0.092471569776535
"15293",123.124853054239,-11.7270593529219,0.0930391848087311
"15294",123.207169417338,-11.7270593529219,0.0941303223371506
"15295",123.289485780437,-11.7270593529219,0.0954446867108345
"15296",123.371802143537,-11.7270593529219,0.0972248390316963
"15297",123.454118506636,-11.7270593529219,0.100140400230885
"15298",123.536434869735,-11.7270593529219,0.104158356785774
"15299",123.618751232835,-11.7270593529219,0.109724886715412
"15300",123.701067595934,-11.7270593529219,0.116945251822472
"15301",123.783383959033,-11.7270593529219,0.125924333930016
"15302",123.865700322132,-11.7270593529219,0.136661663651466
"15303",123.948016685232,-11.7270593529219,0.149207845330238
"15304",124.030333048331,-11.7270593529219,0.163433596491814
"15305",124.11264941143,-11.7270593529219,0.179250046610832
"15306",124.19496577453,-11.7270593529219,0.196469619870186
"15307",124.277282137629,-11.7270593529219,0.214970216155052
"15308",124.359598500728,-11.7270593529219,0.234588399529457
"15309",124.441914863827,-11.7270593529219,0.255147874355316
"15310",124.524231226927,-11.7270593529219,0.27639964222908
"15311",124.606547590026,-11.7270593529219,0.298203557729721
"15312",124.688863953125,-11.7270593529219,0.3204505443573
"15313",124.771180316225,-11.7270593529219,0.342970579862595
"15314",124.853496679324,-11.7270593529219,0.365660488605499
"15315",124.935813042423,-11.7270593529219,0.388446718454361
"15316",125.018129405522,-11.7270593529219,0.411251395940781
"15317",125.100445768622,-11.7270593529219,0.433927595615387
"15318",125.182762131721,-11.7270593529219,0.456519484519958
"15319",125.26507849482,-11.7270593529219,0.478845596313477
"15320",125.34739485792,-11.7270593529219,0.500969111919403
"15321",125.429711221019,-11.7270593529219,0.522874593734741
"15322",125.512027584118,-11.7270593529219,0.544491589069366
"15323",125.594343947217,-11.7270593529219,0.565764605998993
"15324",125.676660310317,-11.7270593529219,0.586739063262939
"15325",125.758976673416,-11.7270593529219,0.607342958450317
"15326",125.841293036515,-11.7270593529219,0.62763923406601
"15327",125.923609399615,-11.7270593529219,0.647585093975067
"15328",126.005925762714,-11.7270593529219,0.667189657688141
"15329",126.088242125813,-11.7270593529219,0.686440050601959
"15330",126.170558488912,-11.7270593529219,0.705357551574707
"15331",126.252874852012,-11.7270593529219,0.723959147930145
"15332",126.335191215111,-11.7270593529219,0.742252111434937
"15333",126.41750757821,-11.7270593529219,0.760237634181976
"15334",126.49982394131,-11.7270593529219,0.777802586555481
"15335",126.582140304409,-11.7270593529219,0.795115232467651
"15336",126.664456667508,-11.7270593529219,0.812219202518463
"15337",126.746773030607,-11.7270593529219,0.829060196876526
"15338",126.829089393707,-11.7270593529219,0.845554649829865
"15339",126.911405756806,-11.7270593529219,0.861831188201904
"15340",126.993722119905,-11.7270593529219,0.877832651138306
"15341",127.076038483004,-11.7270593529219,0.893575012683868
"15342",127.158354846104,-11.7270593529219,0.909053325653076
"15343",127.240671209203,-11.7270593529219,0.924265384674072
"15344",127.322987572302,-11.7270593529219,0.939249098300934
"15345",127.405303935402,-11.7270593529219,0.954075455665588
"15346",127.487620298501,-11.7270593529219,0.968650639057159
"15347",127.5699366616,-11.7270593529219,0.982807993888855
"15348",127.652253024699,-11.7270593529219,0.994508564472198
"15349",127.734569387799,-11.7270593529219,1
"15350",127.816885750898,-11.7270593529219,1
"15351",127.899202113997,-11.7270593529219,1
"15352",127.981518477097,-11.7270593529219,1
"15353",128.063834840196,-11.7270593529219,1
"15354",128.146151203295,-11.7270593529219,1
"15355",128.228467566394,-11.7270593529219,1
"15356",128.310783929494,-11.7270593529219,1
"15357",128.393100292593,-11.7270593529219,1
"15358",128.475416655692,-11.7270593529219,1
"15359",128.557733018792,-11.7270593529219,1
"15360",128.640049381891,-11.7270593529219,1
"15361",128.72236574499,-11.7270593529219,1
"15362",128.804682108089,-11.7270593529219,1
"15363",128.886998471189,-11.7270593529219,1
"15364",128.969314834288,-11.7270593529219,1
"15365",129.051631197387,-11.7270593529219,1
"15366",129.133947560487,-11.7270593529219,1
"15367",129.216263923586,-11.7270593529219,1
"15368",129.298580286685,-11.7270593529219,1
"15369",129.380896649784,-11.7270593529219,1
"15370",129.463213012884,-11.7270593529219,1
"15371",129.545529375983,-11.7270593529219,1
"15372",129.627845739082,-11.7270593529219,1
"15373",129.710162102182,-11.7270593529219,1
"15374",129.792478465281,-11.7270593529219,1
"15375",129.87479482838,-11.7270593529219,1
"15376",129.957111191479,-11.7270593529219,1
"15573",122.713271238742,-11.8093757160212,0.0902707427740097
"15575",122.877903964941,-11.8093757160212,0.0940836444497108
"15576",122.96022032804,-11.8093757160212,0.0956183969974518
"15577",123.04253669114,-11.8093757160212,0.0970898643136024
"15578",123.124853054239,-11.8093757160212,0.0976754650473595
"15579",123.207169417338,-11.8093757160212,0.0980475246906281
"15580",123.289485780437,-11.8093757160212,0.098622053861618
"15581",123.371802143537,-11.8093757160212,0.0999822467565536
"15582",123.454118506636,-11.8093757160212,0.102456361055374
"15583",123.536434869735,-11.8093757160212,0.106277495622635
"15584",123.618751232835,-11.8093757160212,0.111766554415226
"15585",123.701067595934,-11.8093757160212,0.11903377622366
"15586",123.783383959033,-11.8093757160212,0.128276377916336
"15587",123.865700322132,-11.8093757160212,0.139468356966972
"15588",123.948016685232,-11.8093757160212,0.152669087052345
"15589",124.030333048331,-11.8093757160212,0.16771499812603
"15590",124.11264941143,-11.8093757160212,0.184482634067535
"15591",124.19496577453,-11.8093757160212,0.202676460146904
"15592",124.277282137629,-11.8093757160212,0.222168058156967
"15593",124.359598500728,-11.8093757160212,0.242797508835793
"15594",124.441914863827,-11.8093757160212,0.264337927103043
"15595",124.524231226927,-11.8093757160212,0.286548554897308
"15596",124.606547590026,-11.8093757160212,0.309289932250977
"15597",124.688863953125,-11.8093757160212,0.332373589277267
"15598",124.771180316225,-11.8093757160212,0.355678290128708
"15599",124.853496679324,-11.8093757160212,0.379089593887329
"15600",124.935813042423,-11.8093757160212,0.402492374181747
"15601",125.018129405522,-11.8093757160212,0.425877213478088
"15602",125.100445768622,-11.8093757160212,0.449085235595703
"15603",125.182762131721,-11.8093757160212,0.472033590078354
"15604",125.26507849482,-11.8093757160212,0.494748950004578
"15605",125.34739485792,-11.8093757160212,0.517176151275635
"15606",125.429711221019,-11.8093757160212,0.539378345012665
"15607",125.512027584118,-11.8093757160212,0.56114387512207
"15608",125.594343947217,-11.8093757160212,0.582587540149689
"15609",125.676660310317,-11.8093757160212,0.603642761707306
"15610",125.758976673416,-11.8093757160212,0.624352037906647
"15611",125.841293036515,-11.8093757160212,0.644724667072296
"15612",125.923609399615,-11.8093757160212,0.664690256118774
"15613",126.005925762714,-11.8093757160212,0.684293270111084
"15614",126.088242125813,-11.8093757160212,0.703536987304688
"15615",126.170558488912,-11.8093757160212,0.722413599491119
"15616",126.252874852012,-11.8093757160212,0.740964114665985
"15617",126.335191215111,-11.8093757160212,0.759203016757965
"15618",126.41750757821,-11.8093757160212,0.77709698677063
"15619",126.49982394131,-11.8093757160212,0.794653952121735
"15620",126.582140304409,-11.8093757160212,0.811874508857727
"15621",126.664456667508,-11.8093757160212,0.828866064548492
"15622",126.746773030607,-11.8093757160212,0.845500528812408
"15623",126.829089393707,-11.8093757160212,0.861880838871002
"15624",126.911405756806,-11.8093757160212,0.878037989139557
"15625",126.993722119905,-11.8093757160212,0.893926978111267
"15626",127.076038483004,-11.8093757160212,0.909538865089417
"15627",127.158354846104,-11.8093757160212,0.924876987934113
"15628",127.240671209203,-11.8093757160212,0.939976394176483
"15629",127.322987572302,-11.8093757160212,0.95485258102417
"15630",127.405303935402,-11.8093757160212,0.969505727291107
"15631",127.487620298501,-11.8093757160212,0.983642935752869
"15632",127.5699366616,-11.8093757160212,0.995023488998413
"15633",127.652253024699,-11.8093757160212,1
"15634",127.734569387799,-11.8093757160212,1
"15635",127.816885750898,-11.8093757160212,1
"15636",127.899202113997,-11.8093757160212,1
"15637",127.981518477097,-11.8093757160212,1
"15638",128.063834840196,-11.8093757160212,1
"15639",128.146151203295,-11.8093757160212,1
"15640",128.228467566394,-11.8093757160212,1
"15641",128.310783929494,-11.8093757160212,1
"15642",128.393100292593,-11.8093757160212,1
"15643",128.475416655692,-11.8093757160212,1
"15644",128.557733018792,-11.8093757160212,1
"15645",128.640049381891,-11.8093757160212,1
"15646",128.72236574499,-11.8093757160212,1
"15647",128.804682108089,-11.8093757160212,1
"15648",128.886998471189,-11.8093757160212,1
"15649",128.969314834288,-11.8093757160212,1
"15650",129.051631197387,-11.8093757160212,1
"15651",129.133947560487,-11.8093757160212,1
"15652",129.216263923586,-11.8093757160212,1
"15653",129.298580286685,-11.8093757160212,1
"15654",129.380896649784,-11.8093757160212,1
"15655",129.463213012884,-11.8093757160212,1
"15656",129.545529375983,-11.8093757160212,1
"15657",129.627845739082,-11.8093757160212,1
"15658",129.710162102182,-11.8093757160212,1
"15659",129.792478465281,-11.8093757160212,1
"15660",129.87479482838,-11.8093757160212,1
"15661",129.957111191479,-11.8093757160212,1
"15662",130.039427554579,-11.8093757160212,1
"15857",122.630954875643,-11.8916920791205,0.0902286842465401
"15858",122.713271238742,-11.8916920791205,0.0922437757253647
"15859",122.795587601842,-11.8916920791205,0.0952871590852737
"15860",122.877903964941,-11.8916920791205,0.09852534532547
"15861",122.96022032804,-11.8916920791205,0.100928939878941
"15862",123.04253669114,-11.8916920791205,0.102276310324669
"15863",123.124853054239,-11.8916920791205,0.102216586470604
"15864",123.207169417338,-11.8916920791205,0.101674132049084
"15865",123.289485780437,-11.8916920791205,0.101537719368935
"15866",123.371802143537,-11.8916920791205,0.102403603494167
"15867",123.454118506636,-11.8916920791205,0.104476660490036
"15868",123.536434869735,-11.8916920791205,0.108043543994427
"15869",123.618751232835,-11.8916920791205,0.11344438046217
"15870",123.701067595934,-11.8916920791205,0.120829693973064
"15871",123.783383959033,-11.8916920791205,0.130432575941086
"15872",123.865700322132,-11.8916920791205,0.142239987850189
"15873",123.948016685232,-11.8916920791205,0.156234979629517
"15874",124.030333048331,-11.8916920791205,0.172237887978554
"15875",124.11264941143,-11.8916920791205,0.190001651644707
"15876",124.19496577453,-11.8916920791205,0.209317684173584
"15877",124.277282137629,-11.8916920791205,0.230004847049713
"15878",124.359598500728,-11.8916920791205,0.251741230487823
"15879",124.441914863827,-11.8916920791205,0.274304449558258
"15880",124.524231226927,-11.8916920791205,0.29757758975029
"15881",124.606547590026,-11.8916920791205,0.321278214454651
"15882",124.688863953125,-11.8916920791205,0.345235109329224
"15883",124.771180316225,-11.8916920791205,0.369331061840057
"15884",124.853496679324,-11.8916920791205,0.393458276987076
"15885",124.935813042423,-11.8916920791205,0.417462855577469
"15886",125.018129405522,-11.8916920791205,0.441371709108353
"15887",125.100445768622,-11.8916920791205,0.465069234371185
"15888",125.182762131721,-11.8916920791205,0.488378524780273
"15889",125.26507849482,-11.8916920791205,0.511406719684601
"15890",125.34739485792,-11.8916920791205,0.534126341342926
"15891",125.429711221019,-11.8916920791205,0.556472718715668
"15892",125.512027584118,-11.8916920791205,0.578447222709656
"15893",125.594343947217,-11.8916920791205,0.600000977516174
"15894",125.676660310317,-11.8916920791205,0.621190905570984
"15895",125.758976673416,-11.8916920791205,0.641939043998718
"15896",125.841293036515,-11.8916920791205,0.662303268909454
"15897",125.923609399615,-11.8916920791205,0.682269871234894
"15898",126.005925762714,-11.8916920791205,0.70186710357666
"15899",126.088242125813,-11.8916920791205,0.721051335334778
"15900",126.170558488912,-11.8916920791205,0.739862143993378
"15901",126.252874852012,-11.8916920791205,0.758329033851624
"15902",126.335191215111,-11.8916920791205,0.776485681533813
"15903",126.41750757821,-11.8916920791205,0.794262945652008
"15904",126.49982394131,-11.8916920791205,0.811684787273407
"15905",126.582140304409,-11.8916920791205,0.82880961894989
"15906",126.664456667508,-11.8916920791205,0.845658183097839
"15907",126.746773030607,-11.8916920791205,0.862258970737457
"15908",126.829089393707,-11.8916920791205,0.878418385982513
"15909",126.911405756806,-11.8916920791205,0.894462645053864
"15910",126.993722119905,-11.8916920791205,0.910195827484131
"15911",127.076038483004,-11.8916920791205,0.925600349903107
"15912",127.158354846104,-11.8916920791205,0.940810322761536
"15913",127.240671209203,-11.8916920791205,0.955788850784302
"15914",127.322987572302,-11.8916920791205,0.970536947250366
"15915",127.405303935402,-11.8916920791205,0.984683156013489
"15916",127.487620298501,-11.8916920791205,0.995585739612579
"15917",127.5699366616,-11.8916920791205,1
"15918",127.652253024699,-11.8916920791205,1
"15919",127.734569387799,-11.8916920791205,1
"15920",127.816885750898,-11.8916920791205,1
"15921",127.899202113997,-11.8916920791205,1
"15922",127.981518477097,-11.8916920791205,1
"15923",128.063834840196,-11.8916920791205,1
"15924",128.146151203295,-11.8916920791205,1
"15925",128.228467566394,-11.8916920791205,1
"15926",128.310783929494,-11.8916920791205,1
"15927",128.393100292593,-11.8916920791205,1
"15928",128.475416655692,-11.8916920791205,1
"15929",128.557733018792,-11.8916920791205,1
"15930",128.640049381891,-11.8916920791205,1
"15931",128.72236574499,-11.8916920791205,1
"15932",128.804682108089,-11.8916920791205,1
"15933",128.886998471189,-11.8916920791205,1
"15934",128.969314834288,-11.8916920791205,1
"15935",129.051631197387,-11.8916920791205,1
"15936",129.133947560487,-11.8916920791205,1
"15937",129.216263923586,-11.8916920791205,1
"15938",129.298580286685,-11.8916920791205,1
"15939",129.380896649784,-11.8916920791205,1
"15940",129.463213012884,-11.8916920791205,1
"15941",129.545529375983,-11.8916920791205,1
"15942",129.627845739082,-11.8916920791205,1
"15943",129.710162102182,-11.8916920791205,1
"15944",129.792478465281,-11.8916920791205,1
"15945",129.87479482838,-11.8916920791205,1
"15946",129.957111191479,-11.8916920791205,1
"15947",130.039427554579,-11.8916920791205,1
"16141",122.548638512544,-11.9740084422198,0.0895226374268532
"16142",122.630954875643,-11.9740084422198,0.0921949967741966
"16143",122.713271238742,-11.9740084422198,0.0958314388990402
"16144",122.795587601842,-11.9740084422198,0.0996376127004623
"16145",122.877903964941,-11.9740084422198,0.103102810680866
"16146",122.96022032804,-11.9740084422198,0.105797313153744
"16147",123.04253669114,-11.9740084422198,0.107176207005978
"16148",123.124853054239,-11.9740084422198,0.106276452541351
"16149",123.207169417338,-11.9740084422198,0.104760326445103
"16150",123.289485780437,-11.9740084422198,0.10402873903513
"16151",123.371802143537,-11.9740084422198,0.104477882385254
"16152",123.454118506636,-11.9740084422198,0.106239065527916
"16153",123.536434869735,-11.9740084422198,0.109493717551231
"16154",123.618751232835,-11.9740084422198,0.114821679890156
"16155",123.701067595934,-11.9740084422198,0.122384957969189
"16156",123.783383959033,-11.9740084422198,0.132436409592628
"16157",123.865700322132,-11.9740084422198,0.145013406872749
"16158",123.948016685232,-11.9740084422198,0.159964755177498
"16159",124.030333048331,-11.9740084422198,0.177074387669563
"16160",124.11264941143,-11.9740084422198,0.196082159876823
"16161",124.19496577453,-11.9740084422198,0.216664224863052
"16162",124.277282137629,-11.9740084422198,0.238542690873146
"16163",124.359598500728,-11.9740084422198,0.261546432971954
"16164",124.441914863827,-11.9740084422198,0.285291939973831
"16165",124.524231226927,-11.9740084422198,0.309591889381409
"16166",124.606547590026,-11.9740084422198,0.334329307079315
"16167",124.688863953125,-11.9740084422198,0.359143644571304
"16168",124.771180316225,-11.9740084422198,0.384039402008057
"16169",124.853496679324,-11.9740084422198,0.408815205097198
"16170",124.935813042423,-11.9740084422198,0.433419942855835
"16171",125.018129405522,-11.9740084422198,0.457857489585876
"16172",125.100445768622,-11.9740084422198,0.481937497854233
"16173",125.182762131721,-11.9740084422198,0.505586743354797
"16174",125.26507849482,-11.9740084422198,0.528889715671539
"16175",125.34739485792,-11.9740084422198,0.551849722862244
"16176",125.429711221019,-11.9740084422198,0.574324011802673
"16177",125.512027584118,-11.9740084422198,0.596383988857269
"16178",125.594343947217,-11.9740084422198,0.618074834346771
"16179",125.676660310317,-11.9740084422198,0.639284551143646
"16180",125.758976673416,-11.9740084422198,0.660075664520264
"16181",125.841293036515,-11.9740084422198,0.680398404598236
"16182",125.923609399615,-11.9740084422198,0.700335025787354
"16183",126.005925762714,-11.9740084422198,0.719855308532715
"16184",126.088242125813,-11.9740084422198,0.738952159881592
"16185",126.170558488912,-11.9740084422198,0.757690846920013
"16186",126.252874852012,-11.9740084422198,0.77606213092804
"16187",126.335191215111,-11.9740084422198,0.794047236442566
"16188",126.41750757821,-11.9740084422198,0.811707377433777
"16189",126.49982394131,-11.9740084422198,0.829028487205505
"16190",126.582140304409,-11.9740084422198,0.846024930477142
"16191",126.664456667508,-11.9740084422198,0.862668395042419
"16192",126.746773030607,-11.9740084422198,0.879121720790863
"16193",126.829089393707,-11.9740084422198,0.895203411579132
"16194",126.911405756806,-11.9740084422198,0.910998106002808
"16195",126.993722119905,-11.9740084422198,0.926534950733185
"16196",127.076038483004,-11.9740084422198,0.94188392162323
"16197",127.158354846104,-11.9740084422198,0.956941187381744
"16198",127.240671209203,-11.9740084422198,0.971714496612549
"16199",127.322987572302,-11.9740084422198,0.985788226127625
"16200",127.405303935402,-11.9740084422198,0.996224582195282
"16201",127.487620298501,-11.9740084422198,1
"16202",127.5699366616,-11.9740084422198,1
"16203",127.652253024699,-11.9740084422198,1
"16204",127.734569387799,-11.9740084422198,1
"16205",127.816885750898,-11.9740084422198,1
"16206",127.899202113997,-11.9740084422198,1
"16207",127.981518477097,-11.9740084422198,1
"16208",128.063834840196,-11.9740084422198,1
"16209",128.146151203295,-11.9740084422198,1
"16210",128.228467566394,-11.9740084422198,1
"16211",128.310783929494,-11.9740084422198,1
"16212",128.393100292593,-11.9740084422198,1
"16213",128.475416655692,-11.9740084422198,1
"16214",128.557733018792,-11.9740084422198,1
"16215",128.640049381891,-11.9740084422198,1
"16216",128.72236574499,-11.9740084422198,1
"16217",128.804682108089,-11.9740084422198,1
"16218",128.886998471189,-11.9740084422198,1
"16219",128.969314834288,-11.9740084422198,1
"16220",129.051631197387,-11.9740084422198,1
"16221",129.133947560487,-11.9740084422198,1
"16222",129.216263923586,-11.9740084422198,1
"16223",129.298580286685,-11.9740084422198,1
"16224",129.380896649784,-11.9740084422198,1
"16225",129.463213012884,-11.9740084422198,1
"16226",129.545529375983,-11.9740084422198,1
"16227",129.627845739082,-11.9740084422198,1
"16228",129.710162102182,-11.9740084422198,1
"16229",129.792478465281,-11.9740084422198,1
"16230",129.87479482838,-11.9740084422198,1
"16231",129.957111191479,-11.9740084422198,1
"16232",130.039427554579,-11.9740084422198,1
"16425",122.466322149445,-12.0563248053191,0.0884176343679428
"16426",122.548638512544,-12.0563248053191,0.0914802178740501
"16427",122.630954875643,-12.0563248053191,0.0953619927167892
"16428",122.713271238742,-12.0563248053191,0.0992858335375786
"16429",122.795587601842,-12.0563248053191,0.103075213730335
"16430",122.877903964941,-12.0563248053191,0.106600113213062
"16431",122.96022032804,-12.0563248053191,0.109520934522152
"16432",123.04253669114,-12.0563248053191,0.111277185380459
"16433",123.124853054239,-12.0563248053191,0.109794609248638
"16434",123.207169417338,-12.0563248053191,0.107294477522373
"16435",123.289485780437,-12.0563248053191,0.106121256947517
"16436",123.371802143537,-12.0563248053191,0.106242462992668
"16437",123.454118506636,-12.0563248053191,0.107689328491688
"16438",123.536434869735,-12.0563248053191,0.110707767307758
"16439",123.618751232835,-12.0563248053191,0.115928910672665
"16440",123.701067595934,-12.0563248053191,0.123762041330338
"16441",123.783383959033,-12.0563248053191,0.134416744112968
"16442",123.865700322132,-12.0563248053191,0.147914618253708
"16443",123.948016685232,-12.0563248053191,0.164080530405045
"16444",124.030333048331,-12.0563248053191,0.182549223303795
"16445",124.11264941143,-12.0563248053191,0.202920690178871
"16446",124.19496577453,-12.0563248053191,0.224923774600029
"16447",124.277282137629,-12.0563248053191,0.248188301920891
"16448",124.359598500728,-12.0563248053191,0.272490590810776
"16449",124.441914863827,-12.0563248053191,0.297410488128662
"16450",124.524231226927,-12.0563248053191,0.322853714227676
"16451",124.606547590026,-12.0563248053191,0.348483622074127
"16452",124.688863953125,-12.0563248053191,0.374196290969849
"16453",124.771180316225,-12.0563248053191,0.39987376332283
"16454",124.853496679324,-12.0563248053191,0.425293505191803
"16455",124.935813042423,-12.0563248053191,0.450469404459
"16456",125.018129405522,-12.0563248053191,0.47528937458992
"16457",125.100445768622,-12.0563248053191,0.499704957008362
"16458",125.182762131721,-12.0563248053191,0.523686468601227
"16459",125.26507849482,-12.0563248053191,0.54726630449295
"16460",125.34739485792,-12.0563248053191,0.570339918136597
"16461",125.429711221019,-12.0563248053191,0.592945575714111
"16462",125.512027584118,-12.0563248053191,0.615083277225494
"16463",125.594343947217,-12.0563248053191,0.636812686920166
"16464",125.676660310317,-12.0563248053191,0.658025324344635
"16465",125.758976673416,-12.0563248053191,0.678747415542603
"16466",125.841293036515,-12.0563248053191,0.699027061462402
"16467",125.923609399615,-12.0563248053191,0.718885242938995
"16468",126.005925762714,-12.0563248053191,0.738285839557648
"16469",126.088242125813,-12.0563248053191,0.757259368896484
"16470",126.170558488912,-12.0563248053191,0.775864958763123
"16471",126.252874852012,-12.0563248053191,0.794104337692261
"16472",126.335191215111,-12.0563248053191,0.811965644359589
"16473",126.41750757821,-12.0563248053191,0.8294757604599
"16474",126.49982394131,-12.0563248053191,0.846632480621338
"16475",126.582140304409,-12.0563248053191,0.863447368144989
"16476",126.664456667508,-12.0563248053191,0.879964590072632
"16477",126.746773030607,-12.0563248053191,0.896143615245819
"16478",126.829089393707,-12.0563248053191,0.91208291053772
"16479",126.911405756806,-12.0563248053191,0.927727341651917
"16480",126.993722119905,-12.0563248053191,0.943040549755096
"16481",127.076038483004,-12.0563248053191,0.958240389823914
"16482",127.158354846104,-12.0563248053191,0.973094046115875
"16483",127.240671209203,-12.0563248053191,0.987067520618439
"16484",127.322987572302,-12.0563248053191,0.996842622756958
"16485",127.405303935402,-12.0563248053191,1
"16486",127.487620298501,-12.0563248053191,1
"16487",127.5699366616,-12.0563248053191,1
"16488",127.652253024699,-12.0563248053191,1
"16489",127.734569387799,-12.0563248053191,1
"16490",127.816885750898,-12.0563248053191,1
"16491",127.899202113997,-12.0563248053191,1
"16492",127.981518477097,-12.0563248053191,1
"16493",128.063834840196,-12.0563248053191,1
"16494",128.146151203295,-12.0563248053191,1
"16495",128.228467566394,-12.0563248053191,1
"16496",128.310783929494,-12.0563248053191,1
"16497",128.393100292593,-12.0563248053191,1
"16498",128.475416655692,-12.0563248053191,1
"16499",128.557733018792,-12.0563248053191,1
"16500",128.640049381891,-12.0563248053191,1
"16501",128.72236574499,-12.0563248053191,1
"16502",128.804682108089,-12.0563248053191,1
"16503",128.886998471189,-12.0563248053191,1
"16504",128.969314834288,-12.0563248053191,1
"16505",129.051631197387,-12.0563248053191,1
"16506",129.133947560487,-12.0563248053191,1
"16507",129.216263923586,-12.0563248053191,1
"16508",129.298580286685,-12.0563248053191,1
"16509",129.380896649784,-12.0563248053191,1
"16510",129.463213012884,-12.0563248053191,1
"16511",129.545529375983,-12.0563248053191,1
"16512",129.627845739082,-12.0563248053191,1
"16513",129.710162102182,-12.0563248053191,1
"16514",129.792478465281,-12.0563248053191,1
"16515",129.87479482838,-12.0563248053191,1
"16516",129.957111191479,-12.0563248053191,1
"16517",130.039427554579,-12.0563248053191,1
"16710",122.466322149445,-12.1386411684184,0.0909085124731064
"16711",122.548638512544,-12.1386411684184,0.0944128930568695
"16712",122.630954875643,-12.1386411684184,0.0981918945908546
"16713",122.713271238742,-12.1386411684184,0.101878747344017
"16714",122.795587601842,-12.1386411684184,0.105415999889374
"16715",122.877903964941,-12.1386411684184,0.108743131160736
"16716",122.96022032804,-12.1386411684184,0.111415661871433
"16717",123.04253669114,-12.1386411684184,0.113061659038067
"16718",123.124853054239,-12.1386411684184,0.112685702741146
"16719",123.207169417338,-12.1386411684184,0.109303899109364
"16720",123.289485780437,-12.1386411684184,0.107944272458553
"16721",123.371802143537,-12.1386411684184,0.107984133064747
"16722",123.454118506636,-12.1386411684184,0.109066814184189
"16723",123.536434869735,-12.1386411684184,0.111674711108208
"16724",123.618751232835,-12.1386411684184,0.116762846708298
"16725",123.701067595934,-12.1386411684184,0.124979577958584
"16726",123.783383959033,-12.1386411684184,0.136470094323158
"16727",123.865700322132,-12.1386411684184,0.151183277368546
"16728",123.948016685232,-12.1386411684184,0.168784290552139
"16729",124.030333048331,-12.1386411684184,0.188779428601265
"16730",124.11264941143,-12.1386411684184,0.2107784897089
"16731",124.19496577453,-12.1386411684184,0.234376817941666
"16732",124.277282137629,-12.1386411684184,0.259062349796295
"16733",124.359598500728,-12.1386411684184,0.284685254096985
"16734",124.441914863827,-12.1386411684184,0.310878604650497
"16735",124.524231226927,-12.1386411684184,0.33741483092308
"16736",124.606547590026,-12.1386411684184,0.364007979631424
"16737",124.688863953125,-12.1386411684184,0.390586465597153
"16738",124.771180316225,-12.1386411684184,0.416930496692657
"16739",124.853496679324,-12.1386411684184,0.442943394184113
"16740",124.935813042423,-12.1386411684184,0.468614101409912
"16741",125.018129405522,-12.1386411684184,0.493796944618225
"16742",125.100445768622,-12.1386411684184,0.51855057477951
"16743",125.182762131721,-12.1386411684184,0.542812168598175
"16744",125.26507849482,-12.1386411684184,0.566507697105408
"16745",125.34739485792,-12.1386411684184,0.589665472507477
"16746",125.429711221019,-12.1386411684184,0.61234712600708
"16747",125.512027584118,-12.1386411684184,0.634514510631561
"16748",125.594343947217,-12.1386411684184,0.656149506568909
"16749",125.676660310317,-12.1386411684184,0.677305936813354
"16750",125.758976673416,-12.1386411684184,0.697963297367096
"16751",125.841293036515,-12.1386411684184,0.718136966228485
"16752",125.923609399615,-12.1386411684184,0.737865090370178
"16753",126.005925762714,-12.1386411684184,0.757141709327698
"16754",126.088242125813,-12.1386411684184,0.775963008403778
"16755",126.170558488912,-12.1386411684184,0.794382929801941
"16756",126.252874852012,-12.1386411684184,0.812435805797577
"16757",126.335191215111,-12.1386411684184,0.830124855041504
"16758",126.41750757821,-12.1386411684184,0.847441911697388
"16759",126.49982394131,-12.1386411684184,0.864368617534637
"16760",126.582140304409,-12.1386411684184,0.881035923957825
"16761",126.664456667508,-12.1386411684184,0.897322773933411
"16762",126.746773030607,-12.1386411684184,0.913359761238098
"16763",126.829089393707,-12.1386411684184,0.929058372974396
"16764",126.911405756806,-12.1386411684184,0.944543600082397
"16765",126.993722119905,-12.1386411684184,0.959680140018463
"16766",127.076038483004,-12.1386411684184,0.974641263484955
"16767",127.158354846104,-12.1386411684184,0.988466441631317
"16768",127.240671209203,-12.1386411684184,0.997473835945129
"16769",127.322987572302,-12.1386411684184,1
"16770",127.405303935402,-12.1386411684184,1
"16771",127.487620298501,-12.1386411684184,1
"16772",127.5699366616,-12.1386411684184,1
"16773",127.652253024699,-12.1386411684184,1
"16774",127.734569387799,-12.1386411684184,1
"16775",127.816885750898,-12.1386411684184,1
"16776",127.899202113997,-12.1386411684184,1
"16777",127.981518477097,-12.1386411684184,1
"16778",128.063834840196,-12.1386411684184,1
"16779",128.146151203295,-12.1386411684184,1
"16780",128.228467566394,-12.1386411684184,1
"16781",128.310783929494,-12.1386411684184,1
"16782",128.393100292593,-12.1386411684184,1
"16783",128.475416655692,-12.1386411684184,1
"16784",128.557733018792,-12.1386411684184,1
"16785",128.640049381891,-12.1386411684184,1
"16786",128.72236574499,-12.1386411684184,1
"16787",128.804682108089,-12.1386411684184,1
"16788",128.886998471189,-12.1386411684184,1
"16789",128.969314834288,-12.1386411684184,1
"16790",129.051631197387,-12.1386411684184,1
"16791",129.133947560487,-12.1386411684184,1
"16792",129.216263923586,-12.1386411684184,1
"16793",129.298580286685,-12.1386411684184,1
"16794",129.380896649784,-12.1386411684184,1
"16795",129.463213012884,-12.1386411684184,1
"16796",129.545529375983,-12.1386411684184,1
"16797",129.627845739082,-12.1386411684184,1
"16798",129.710162102182,-12.1386411684184,1
"16799",129.792478465281,-12.1386411684184,1
"16800",129.87479482838,-12.1386411684184,1
"16801",129.957111191479,-12.1386411684184,1
"16802",130.039427554579,-12.1386411684184,1
"16803",130.121743917678,-12.1386411684184,1
"16995",122.466322149445,-12.2209575315176,0.0936892926692963
"16996",122.548638512544,-12.2209575315176,0.0971196740865707
"16997",122.630954875643,-12.2209575315176,0.100559741258621
"16998",122.713271238742,-12.2209575315176,0.103795856237411
"16999",122.795587601842,-12.2209575315176,0.106891088187695
"17000",122.877903964941,-12.2209575315176,0.109559819102287
"17001",122.96022032804,-12.2209575315176,0.11139815300703
"17002",123.04253669114,-12.2209575315176,0.111962117254734
"17003",123.124853054239,-12.2209575315176,0.111227981746197
"17004",123.207169417338,-12.2209575315176,0.110337801277637
"17005",123.289485780437,-12.2209575315176,0.109757632017136
"17006",123.371802143537,-12.2209575315176,0.109827511012554
"17007",123.454118506636,-12.2209575315176,0.110338121652603
"17008",123.536434869735,-12.2209575315176,0.112341903150082
"17009",123.618751232835,-12.2209575315176,0.117308177053928
"17010",123.701067595934,-12.2209575315176,0.12606605887413
"17011",123.783383959033,-12.2209575315176,0.138787031173706
"17012",123.865700322132,-12.2209575315176,0.155102044343948
"17013",123.948016685232,-12.2209575315176,0.17443984746933
"17014",124.030333048331,-12.2209575315176,0.196250692009926
"17015",124.11264941143,-12.2209575315176,0.220009446144104
"17016",124.19496577453,-12.2209575315176,0.24522177875042
"17017",124.277282137629,-12.2209575315176,0.27140599489212
"17018",124.359598500728,-12.2209575315176,0.298478722572327
"17019",124.441914863827,-12.2209575315176,0.325875282287598
"17020",124.524231226927,-12.2209575315176,0.353513240814209
"17021",124.606547590026,-12.2209575315176,0.381030827760696
"17022",124.688863953125,-12.2209575315176,0.408375680446625
"17023",124.771180316225,-12.2209575315176,0.435313403606415
"17024",124.853496679324,-12.2209575315176,0.461877167224884
"17025",124.935813042423,-12.2209575315176,0.487923085689545
"17026",125.018129405522,-12.2209575315176,0.513460338115692
"17027",125.100445768622,-12.2209575315176,0.538436949253082
"17028",125.182762131721,-12.2209575315176,0.562818944454193
"17029",125.26507849482,-12.2209575315176,0.586597442626953
"17030",125.34739485792,-12.2209575315176,0.609826326370239
"17031",125.429711221019,-12.2209575315176,0.632435262203217
"17032",125.512027584118,-12.2209575315176,0.654541373252869
"17033",125.594343947217,-12.2209575315176,0.676100015640259
"17034",125.676660310317,-12.2209575315176,0.69717013835907
"17035",125.758976673416,-12.2209575315176,0.71770578622818
"17036",125.841293036515,-12.2209575315176,0.737684488296509
"17037",125.923609399615,-12.2209575315176,0.757251381874084
"17038",126.005925762714,-12.2209575315176,0.776335120201111
"17039",126.088242125813,-12.2209575315176,0.79498952627182
"17040",126.170558488912,-12.2209575315176,0.813213884830475
"17041",126.252874852012,-12.2209575315176,0.831056296825409
"17042",126.335191215111,-12.2209575315176,0.848506391048431
"17043",126.41750757821,-12.2209575315176,0.865617156028748
"17044",126.49982394131,-12.2209575315176,0.882346451282501
"17045",126.582140304409,-12.2209575315176,0.898783326148987
"17046",126.664456667508,-12.2209575315176,0.914898157119751
"17047",126.746773030607,-12.2209575315176,0.930659532546997
"17048",126.829089393707,-12.2209575315176,0.946199595928192
"17049",126.911405756806,-12.2209575315176,0.961426973342896
"17050",126.993722119905,-12.2209575315176,0.976424694061279
"17051",127.076038483004,-12.2209575315176,0.990004360675812
"17052",127.158354846104,-12.2209575315176,0.998085796833038
"17053",127.240671209203,-12.2209575315176,1
"17054",127.322987572302,-12.2209575315176,1
"17055",127.405303935402,-12.2209575315176,1
"17056",127.487620298501,-12.2209575315176,1
"17057",127.5699366616,-12.2209575315176,1
"17058",127.652253024699,-12.2209575315176,1
"17059",127.734569387799,-12.2209575315176,1
"17060",127.816885750898,-12.2209575315176,1
"17061",127.899202113997,-12.2209575315176,1
"17062",127.981518477097,-12.2209575315176,1
"17063",128.063834840196,-12.2209575315176,1
"17064",128.146151203295,-12.2209575315176,1
"17065",128.228467566394,-12.2209575315176,1
"17066",128.310783929494,-12.2209575315176,1
"17067",128.393100292593,-12.2209575315176,1
"17068",128.475416655692,-12.2209575315176,1
"17069",128.557733018792,-12.2209575315176,1
"17070",128.640049381891,-12.2209575315176,1
"17071",128.72236574499,-12.2209575315176,1
"17072",128.804682108089,-12.2209575315176,1
"17073",128.886998471189,-12.2209575315176,1
"17074",128.969314834288,-12.2209575315176,1
"17075",129.051631197387,-12.2209575315176,1
"17076",129.133947560487,-12.2209575315176,1
"17077",129.216263923586,-12.2209575315176,1
"17078",129.298580286685,-12.2209575315176,1
"17079",129.380896649784,-12.2209575315176,1
"17080",129.463213012884,-12.2209575315176,1
"17081",129.545529375983,-12.2209575315176,1
"17082",129.627845739082,-12.2209575315176,1
"17083",129.710162102182,-12.2209575315176,1
"17084",129.792478465281,-12.2209575315176,1
"17085",129.87479482838,-12.2209575315176,1
"17086",129.957111191479,-12.2209575315176,1
"17087",130.039427554579,-12.2209575315176,1
"17088",130.121743917678,-12.2209575315176,1
"17281",122.548638512544,-12.3032738946169,0.0997448638081551
"17282",122.630954875643,-12.3032738946169,0.102693118155003
"17283",122.713271238742,-12.3032738946169,0.105428285896778
"17284",122.795587601842,-12.3032738946169,0.107875719666481
"17285",122.877903964941,-12.3032738946169,0.109752811491489
"17286",122.96022032804,-12.3032738946169,0.110868334770203
"17287",123.04253669114,-12.3032738946169,0.111176334321499
"17288",123.124853054239,-12.3032738946169,0.111100941896439
"17289",123.207169417338,-12.3032738946169,0.111192636191845
"17290",123.289485780437,-12.3032738946169,0.111481927335262
"17291",123.371802143537,-12.3032738946169,0.111576095223427
"17292",123.454118506636,-12.3032738946169,0.111332952976227
"17293",123.536434869735,-12.3032738946169,0.112577892839909
"17294",123.618751232835,-12.3032738946169,0.117584116756916
"17295",123.701067595934,-12.3032738946169,0.127348229289055
"17296",123.783383959033,-12.3032738946169,0.141789630055428
"17297",123.865700322132,-12.3032738946169,0.160134479403496
"17298",123.948016685232,-12.3032738946169,0.181524127721786
"17299",124.030333048331,-12.3032738946169,0.20539627969265
"17300",124.11264941143,-12.3032738946169,0.231013387441635
"17301",124.19496577453,-12.3032738946169,0.257888913154602
"17302",124.277282137629,-12.3032738946169,0.285593867301941
"17303",124.359598500728,-12.3032738946169,0.314032405614853
"17304",124.441914863827,-12.3032738946169,0.342703223228455
"17305",124.524231226927,-12.3032738946169,0.371315985918045
"17306",124.606547590026,-12.3032738946169,0.399637430906296
"17307",124.688863953125,-12.3032738946169,0.427640229463577
"17308",124.771180316225,-12.3032738946169,0.455149739980698
"17309",124.853496679324,-12.3032738946169,0.482161283493042
"17310",124.935813042423,-12.3032738946169,0.508514225482941
"17311",125.018129405522,-12.3032738946169,0.534219563007355
"17312",125.100445768622,-12.3032738946169,0.559322774410248
"17313",125.182762131721,-12.3032738946169,0.58376669883728
"17314",125.26507849482,-12.3032738946169,0.607567667961121
"17315",125.34739485792,-12.3032738946169,0.630722463130951
"17316",125.429711221019,-12.3032738946169,0.653306007385254
"17317",125.512027584118,-12.3032738946169,0.675317525863647
"17318",125.594343947217,-12.3032738946169,0.696732580661774
"17319",125.676660310317,-12.3032738946169,0.71756774187088
"17320",125.758976673416,-12.3032738946169,0.737887561321259
"17321",125.841293036515,-12.3032738946169,0.757677316665649
"17322",125.923609399615,-12.3032738946169,0.777007937431335
"17323",126.005925762714,-12.3032738946169,0.795908331871033
"17324",126.088242125813,-12.3032738946169,0.814299523830414
"17325",126.170558488912,-12.3032738946169,0.832309126853943
"17326",126.252874852012,-12.3032738946169,0.84990781545639
"17327",126.335191215111,-12.3032738946169,0.867150485515594
"17328",126.41750757821,-12.3032738946169,0.883962154388428
"17329",126.49982394131,-12.3032738946169,0.900477647781372
"17330",126.582140304409,-12.3032738946169,0.916680097579956
"17331",126.664456667508,-12.3032738946169,0.932557880878448
"17332",126.746773030607,-12.3032738946169,0.948145806789398
"17333",126.829089393707,-12.3032738946169,0.963405966758728
"17334",126.911405756806,-12.3032738946169,0.9784175157547
"17335",126.993722119905,-12.3032738946169,0.991631150245667
"17336",127.076038483004,-12.3032738946169,0.998660922050476
"17337",127.158354846104,-12.3032738946169,1
"17338",127.240671209203,-12.3032738946169,1
"17339",127.322987572302,-12.3032738946169,1
"17340",127.405303935402,-12.3032738946169,1
"17341",127.487620298501,-12.3032738946169,1
"17342",127.5699366616,-12.3032738946169,1
"17343",127.652253024699,-12.3032738946169,1
"17344",127.734569387799,-12.3032738946169,1
"17345",127.816885750898,-12.3032738946169,1
"17346",127.899202113997,-12.3032738946169,1
"17347",127.981518477097,-12.3032738946169,1
"17348",128.063834840196,-12.3032738946169,1
"17349",128.146151203295,-12.3032738946169,1
"17350",128.228467566394,-12.3032738946169,1
"17351",128.310783929494,-12.3032738946169,1
"17352",128.393100292593,-12.3032738946169,1
"17353",128.475416655692,-12.3032738946169,1
"17354",128.557733018792,-12.3032738946169,1
"17355",128.640049381891,-12.3032738946169,1
"17356",128.72236574499,-12.3032738946169,1
"17357",128.804682108089,-12.3032738946169,1
"17358",128.886998471189,-12.3032738946169,1
"17359",128.969314834288,-12.3032738946169,1
"17360",129.051631197387,-12.3032738946169,1
"17361",129.133947560487,-12.3032738946169,1
"17362",129.216263923586,-12.3032738946169,1
"17363",129.298580286685,-12.3032738946169,1
"17364",129.380896649784,-12.3032738946169,1
"17365",129.463213012884,-12.3032738946169,1
"17366",129.545529375983,-12.3032738946169,1
"17367",129.627845739082,-12.3032738946169,1
"17368",129.710162102182,-12.3032738946169,1
"17369",129.792478465281,-12.3032738946169,1
"17370",129.87479482838,-12.3032738946169,1
"17371",129.957111191479,-12.3032738946169,1
"17372",130.039427554579,-12.3032738946169,1
"17373",130.121743917678,-12.3032738946169,1
"17566",122.548638512544,-12.3855902577162,0.102415844798088
"17567",122.630954875643,-12.3855902577162,0.104878604412079
"17568",122.713271238742,-12.3855902577162,0.10712968558073
"17569",122.795587601842,-12.3855902577162,0.108996696770191
"17570",122.877903964941,-12.3855902577162,0.110340304672718
"17571",122.96022032804,-12.3855902577162,0.111152626574039
"17572",123.04253669114,-12.3855902577162,0.111481763422489
"17573",123.124853054239,-12.3855902577162,0.111662000417709
"17574",123.207169417338,-12.3855902577162,0.111953012645245
"17575",123.289485780437,-12.3855902577162,0.112433061003685
"17576",123.371802143537,-12.3855902577162,0.112469024956226
"17577",123.454118506636,-12.3855902577162,0.111449919641018
"17578",123.536434869735,-12.3855902577162,0.11212557554245
"17579",123.618751232835,-12.3855902577162,0.117836244404316
"17580",123.701067595934,-12.3855902577162,0.129500731825829
"17581",123.783383959033,-12.3855902577162,0.146239683032036
"17582",123.865700322132,-12.3855902577162,0.16700205206871
"17583",123.948016685232,-12.3855902577162,0.190663903951645
"17584",124.030333048331,-12.3855902577162,0.216579049825668
"17585",124.11264941143,-12.3855902577162,0.244131624698639
"17586",124.19496577453,-12.3855902577162,0.272739917039871
"17587",124.277282137629,-12.3855902577162,0.302057594060898
"17588",124.359598500728,-12.3855902577162,0.331696301698685
"17589",124.441914863827,-12.3855902577162,0.361444056034088
"17590",124.524231226927,-12.3855902577162,0.390983581542969
"17591",124.606547590026,-12.3855902577162,0.419989764690399
"17592",124.688863953125,-12.3855902577162,0.448512524366379
"17593",124.771180316225,-12.3855902577162,0.476488560438156
"17594",124.853496679324,-12.3855902577162,0.503795504570007
"17595",124.935813042423,-12.3855902577162,0.530351042747498
"17596",125.018129405522,-12.3855902577162,0.556118130683899
"17597",125.100445768622,-12.3855902577162,0.581237316131592
"17598",125.182762131721,-12.3855902577162,0.605670213699341
"17599",125.26507849482,-12.3855902577162,0.629367053508759
"17600",125.34739485792,-12.3855902577162,0.652407050132751
"17601",125.429711221019,-12.3855902577162,0.674801647663116
"17602",125.512027584118,-12.3855902577162,0.696629285812378
"17603",125.594343947217,-12.3855902577162,0.717891573905945
"17604",125.676660310317,-12.3855902577162,0.738445937633514
"17605",125.758976673416,-12.3855902577162,0.758507192134857
"17606",125.841293036515,-12.3855902577162,0.778077721595764
"17607",125.923609399615,-12.3855902577162,0.797105729579926
"17608",126.005925762714,-12.3855902577162,0.81574022769928
"17609",126.088242125813,-12.3855902577162,0.833886623382568
"17610",126.170558488912,-12.3855902577162,0.851604580879211
"17611",126.252874852012,-12.3855902577162,0.868936121463776
"17612",126.335191215111,-12.3855902577162,0.885948896408081
"17613",126.41750757821,-12.3855902577162,0.902492225170135
"17614",126.49982394131,-12.3855902577162,0.918749868869781
"17615",126.582140304409,-12.3855902577162,0.934670269489288
"17616",126.664456667508,-12.3855902577162,0.950333535671234
"17617",126.746773030607,-12.3855902577162,0.965624392032623
"17618",126.829089393707,-12.3855902577162,0.9807009100914
"17619",126.911405756806,-12.3855902577162,0.993410527706146
"17620",126.993722119905,-12.3855902577162,0.999170362949371
"17621",127.076038483004,-12.3855902577162,1
"17622",127.158354846104,-12.3855902577162,1
"17623",127.240671209203,-12.3855902577162,1
"17624",127.322987572302,-12.3855902577162,1
"17625",127.405303935402,-12.3855902577162,1
"17626",127.487620298501,-12.3855902577162,1
"17627",127.5699366616,-12.3855902577162,1
"17628",127.652253024699,-12.3855902577162,1
"17629",127.734569387799,-12.3855902577162,1
"17630",127.816885750898,-12.3855902577162,1
"17631",127.899202113997,-12.3855902577162,1
"17632",127.981518477097,-12.3855902577162,1
"17633",128.063834840196,-12.3855902577162,1
"17634",128.146151203295,-12.3855902577162,1
"17635",128.228467566394,-12.3855902577162,1
"17636",128.310783929494,-12.3855902577162,1
"17637",128.393100292593,-12.3855902577162,1
"17638",128.475416655692,-12.3855902577162,1
"17639",128.557733018792,-12.3855902577162,1
"17640",128.640049381891,-12.3855902577162,1
"17641",128.72236574499,-12.3855902577162,1
"17642",128.804682108089,-12.3855902577162,1
"17643",128.886998471189,-12.3855902577162,1
"17644",128.969314834288,-12.3855902577162,1
"17645",129.051631197387,-12.3855902577162,1
"17646",129.133947560487,-12.3855902577162,1
"17647",129.216263923586,-12.3855902577162,1
"17648",129.298580286685,-12.3855902577162,1
"17649",129.380896649784,-12.3855902577162,1
"17650",129.463213012884,-12.3855902577162,1
"17651",129.545529375983,-12.3855902577162,1
"17652",129.627845739082,-12.3855902577162,1
"17653",129.710162102182,-12.3855902577162,1
"17654",129.792478465281,-12.3855902577162,1
"17655",129.87479482838,-12.3855902577162,1
"17656",129.957111191479,-12.3855902577162,1
"17657",130.039427554579,-12.3855902577162,1
"17658",130.121743917678,-12.3855902577162,1
"17659",130.204060280777,-12.3855902577162,1
"17851",122.548638512544,-12.4679066208155,0.105411067605019
"17852",122.630954875643,-12.4679066208155,0.107505992054939
"17853",122.713271238742,-12.4679066208155,0.109317794442177
"17854",122.795587601842,-12.4679066208155,0.110754251480103
"17855",122.877903964941,-12.4679066208155,0.111785113811493
"17856",122.96022032804,-12.4679066208155,0.112389944493771
"17857",123.04253669114,-12.4679066208155,0.112658515572548
"17858",123.124853054239,-12.4679066208155,0.112779557704926
"17859",123.207169417338,-12.4679066208155,0.112823195755482
"17860",123.289485780437,-12.4679066208155,0.112702287733555
"17861",123.371802143537,-12.4679066208155,0.112050168216228
"17862",123.454118506636,-12.4679066208155,0.110827460885048
"17863",123.536434869735,-12.4679066208155,0.111849926412106
"17864",123.618751232835,-12.4679066208155,0.119395211338997
"17865",123.701067595934,-12.4679066208155,0.133889719843864
"17866",123.783383959033,-12.4679066208155,0.153409853577614
"17867",123.865700322132,-12.4679066208155,0.176696434617043
"17868",123.948016685232,-12.4679066208155,0.202604562044144
"17869",124.030333048331,-12.4679066208155,0.230576008558273
"17870",124.11264941143,-12.4679066208155,0.259990096092224
"17871",124.19496577453,-12.4679066208155,0.290151536464691
"17872",124.277282137629,-12.4679066208155,0.320831537246704
"17873",124.359598500728,-12.4679066208155,0.351554870605469
"17874",124.441914863827,-12.4679066208155,0.382223874330521
"17875",124.524231226927,-12.4679066208155,0.412519663572311
"17876",124.606547590026,-12.4679066208155,0.442154347896576
"17877",124.688863953125,-12.4679066208155,0.471090406179428
"17878",124.771180316225,-12.4679066208155,0.499308228492737
"17879",124.853496679324,-12.4679066208155,0.5267613530159
"17880",124.935813042423,-12.4679066208155,0.553410470485687
"17881",125.018129405522,-12.4679066208155,0.579189598560333
"17882",125.100445768622,-12.4679066208155,0.604214549064636
"17883",125.182762131721,-12.4679066208155,0.628503441810608
"17884",125.26507849482,-12.4679066208155,0.652000248432159
"17885",125.34739485792,-12.4679066208155,0.674823820590973
"17886",125.429711221019,-12.4679066208155,0.696960866451263
"17887",125.512027584118,-12.4679066208155,0.718476712703705
"17888",125.594343947217,-12.4679066208155,0.739409804344177
"17889",125.676660310317,-12.4679066208155,0.75975090265274
"17890",125.758976673416,-12.4679066208155,0.77956223487854
"17891",125.841293036515,-12.4679066208155,0.798861861228943
"17892",125.923609399615,-12.4679066208155,0.817538201808929
"17893",126.005925762714,-12.4679066208155,0.835850656032562
"17894",126.088242125813,-12.4679066208155,0.853723347187042
"17895",126.170558488912,-12.4679066208155,0.871108531951904
"17896",126.252874852012,-12.4679066208155,0.888132154941559
"17897",126.335191215111,-12.4679066208155,0.904848158359528
"17898",126.41750757821,-12.4679066208155,0.92114782333374
"17899",126.49982394131,-12.4679066208155,0.937157571315765
"17900",126.582140304409,-12.4679066208155,0.952794373035431
"17901",126.664456667508,-12.4679066208155,0.968116283416748
"17902",126.746773030607,-12.4679066208155,0.983058512210846
"17903",126.829089393707,-12.4679066208155,0.995209574699402
"17904",126.911405756806,-12.4679066208155,0.999609708786011
"17905",126.993722119905,-12.4679066208155,1
"17906",127.076038483004,-12.4679066208155,1
"17907",127.158354846104,-12.4679066208155,1
"17908",127.240671209203,-12.4679066208155,1
"17909",127.322987572302,-12.4679066208155,1
"17910",127.405303935402,-12.4679066208155,1
"17911",127.487620298501,-12.4679066208155,1
"17912",127.5699366616,-12.4679066208155,1
"17913",127.652253024699,-12.4679066208155,1
"17914",127.734569387799,-12.4679066208155,1
"17915",127.816885750898,-12.4679066208155,1
"17916",127.899202113997,-12.4679066208155,1
"17917",127.981518477097,-12.4679066208155,1
"17918",128.063834840196,-12.4679066208155,1
"17919",128.146151203295,-12.4679066208155,1
"17920",128.228467566394,-12.4679066208155,1
"17921",128.310783929494,-12.4679066208155,1
"17922",128.393100292593,-12.4679066208155,1
"17923",128.475416655692,-12.4679066208155,1
"17924",128.557733018792,-12.4679066208155,1
"17925",128.640049381891,-12.4679066208155,1
"17926",128.72236574499,-12.4679066208155,1
"17927",128.804682108089,-12.4679066208155,1
"17928",128.886998471189,-12.4679066208155,1
"17929",128.969314834288,-12.4679066208155,1
"17930",129.051631197387,-12.4679066208155,1
"17931",129.133947560487,-12.4679066208155,1
"17932",129.216263923586,-12.4679066208155,1
"17933",129.298580286685,-12.4679066208155,1
"17934",129.380896649784,-12.4679066208155,1
"17935",129.463213012884,-12.4679066208155,1
"17936",129.545529375983,-12.4679066208155,1
"17937",129.627845739082,-12.4679066208155,1
"17938",129.710162102182,-12.4679066208155,1
"17939",129.792478465281,-12.4679066208155,1
"17940",129.87479482838,-12.4679066208155,1
"17941",129.957111191479,-12.4679066208155,1
"17942",130.039427554579,-12.4679066208155,1
"17943",130.121743917678,-12.4679066208155,1
"17944",130.204060280777,-12.4679066208155,1
"17945",130.286376643877,-12.4679066208155,1
"18136",122.548638512544,-12.5502229839148,0.109014838933945
"18137",122.630954875643,-12.5502229839148,0.110803343355656
"18138",122.713271238742,-12.5502229839148,0.112357452511787
"18139",122.795587601842,-12.5502229839148,0.113549366593361
"18140",122.877903964941,-12.5502229839148,0.114419549703598
"18141",122.96022032804,-12.5502229839148,0.114952355623245
"18142",123.04253669114,-12.5502229839148,0.115141130983829
"18143",123.124853054239,-12.5502229839148,0.115164242684841
"18144",123.207169417338,-12.5502229839148,0.11494529992342
"18145",123.289485780437,-12.5502229839148,0.114345066249371
"18146",123.371802143537,-12.5502229839148,0.113594003021717
"18147",123.454118506636,-12.5502229839148,0.113116554915905
"18148",123.536434869735,-12.5502229839148,0.115593999624252
"18149",123.618751232835,-12.5502229839148,0.125565320253372
"18150",123.701067595934,-12.5502229839148,0.14275273680687
"18151",123.783383959033,-12.5502229839148,0.164667949080467
"18152",123.865700322132,-12.5502229839148,0.190216735005379
"18153",123.948016685232,-12.5502229839148,0.21814301609993
"18154",124.030333048331,-12.5502229839148,0.24786214530468
"18155",124.11264941143,-12.5502229839148,0.278787225484848
"18156",124.19496577453,-12.5502229839148,0.310367554426193
"18157",124.277282137629,-12.5502229839148,0.342155665159225
"18158",124.359598500728,-12.5502229839148,0.373832404613495
"18159",124.441914863827,-12.5502229839148,0.405251055955887
"18160",124.524231226927,-12.5502229839148,0.436051964759827
"18161",124.606547590026,-12.5502229839148,0.466084420681
"18162",124.688863953125,-12.5502229839148,0.495309323072433
"18163",124.771180316225,-12.5502229839148,0.523639678955078
"18164",124.853496679324,-12.5502229839148,0.551101922988892
"18165",124.935813042423,-12.5502229839148,0.577676236629486
"18166",125.018129405522,-12.5502229839148,0.603312849998474
"18167",125.100445768622,-12.5502229839148,0.628156781196594
"18168",125.182762131721,-12.5502229839148,0.652203619480133
"18169",125.26507849482,-12.5502229839148,0.675419747829437
"18170",125.34739485792,-12.5502229839148,0.697933793067932
"18171",125.429711221019,-12.5502229839148,0.719773530960083
"18172",125.512027584118,-12.5502229839148,0.740918695926666
"18173",125.594343947217,-12.5502229839148,0.76145726442337
"18174",125.676660310317,-12.5502229839148,0.781489789485931
"18175",125.758976673416,-12.5502229839148,0.80092465877533
"18176",125.841293036515,-12.5502229839148,0.819872498512268
"18177",125.923609399615,-12.5502229839148,0.8382408618927
"18178",126.005925762714,-12.5502229839148,0.856170773506165
"18179",126.088242125813,-12.5502229839148,0.873688757419586
"18180",126.170558488912,-12.5502229839148,0.890765964984894
"18181",126.252874852012,-12.5502229839148,0.907488882541656
"18182",126.335191215111,-12.5502229839148,0.923844754695892
"18183",126.41750757821,-12.5502229839148,0.93985116481781
"18184",126.49982394131,-12.5502229839148,0.955532014369965
"18185",126.582140304409,-12.5502229839148,0.970873892307281
"18186",126.664456667508,-12.5502229839148,0.985611975193024
"18187",126.746773030607,-12.5502229839148,0.996690332889557
"18188",126.829089393707,-12.5502229839148,0.999945640563965
"18189",126.911405756806,-12.5502229839148,1
"18190",126.993722119905,-12.5502229839148,1
"18191",127.076038483004,-12.5502229839148,1
"18192",127.158354846104,-12.5502229839148,1
"18193",127.240671209203,-12.5502229839148,1
"18194",127.322987572302,-12.5502229839148,1
"18195",127.405303935402,-12.5502229839148,1
"18196",127.487620298501,-12.5502229839148,1
"18197",127.5699366616,-12.5502229839148,1
"18198",127.652253024699,-12.5502229839148,1
"18199",127.734569387799,-12.5502229839148,1
"18200",127.816885750898,-12.5502229839148,1
"18201",127.899202113997,-12.5502229839148,1
"18202",127.981518477097,-12.5502229839148,1
"18203",128.063834840196,-12.5502229839148,1
"18204",128.146151203295,-12.5502229839148,1
"18205",128.228467566394,-12.5502229839148,1
"18206",128.310783929494,-12.5502229839148,1
"18207",128.393100292593,-12.5502229839148,1
"18208",128.475416655692,-12.5502229839148,1
"18209",128.557733018792,-12.5502229839148,1
"18210",128.640049381891,-12.5502229839148,1
"18211",128.72236574499,-12.5502229839148,1
"18212",128.804682108089,-12.5502229839148,1
"18213",128.886998471189,-12.5502229839148,1
"18214",128.969314834288,-12.5502229839148,1
"18215",129.051631197387,-12.5502229839148,1
"18216",129.133947560487,-12.5502229839148,1
"18217",129.216263923586,-12.5502229839148,1
"18218",129.298580286685,-12.5502229839148,1
"18219",129.380896649784,-12.5502229839148,1
"18220",129.463213012884,-12.5502229839148,1
"18221",129.545529375983,-12.5502229839148,1
"18222",129.627845739082,-12.5502229839148,1
"18223",129.710162102182,-12.5502229839148,1
"18224",129.792478465281,-12.5502229839148,1
"18225",129.87479482838,-12.5502229839148,1
"18226",129.957111191479,-12.5502229839148,1
"18227",130.039427554579,-12.5502229839148,1
"18228",130.121743917678,-12.5502229839148,1
"18229",130.204060280777,-12.5502229839148,1
"18230",130.286376643877,-12.5502229839148,1
"18420",122.466322149445,-12.6325393470141,0.112792581319809
"18421",122.548638512544,-12.6325393470141,0.113530956208706
"18422",122.630954875643,-12.6325393470141,0.115139327943325
"18423",122.713271238742,-12.6325393470141,0.116536371409893
"18424",122.795587601842,-12.6325393470141,0.117678381502628
"18425",122.877903964941,-12.6325393470141,0.118537709116936
"18426",122.96022032804,-12.6325393470141,0.119126982986927
"18427",123.04253669114,-12.6325393470141,0.119437143206596
"18428",123.124853054239,-12.6325393470141,0.119613043963909
"18429",123.207169417338,-12.6325393470141,0.119587332010269
"18430",123.289485780437,-12.6325393470141,0.119469963014126
"18431",123.371802143537,-12.6325393470141,0.119786083698273
"18432",123.454118506636,-12.6325393470141,0.1214789301157
"18433",123.536434869735,-12.6325393470141,0.126751706004143
"18434",123.618751232835,-12.6325393470141,0.138784036040306
"18435",123.701067595934,-12.6325393470141,0.157557606697083
"18436",123.783383959033,-12.6325393470141,0.181069552898407
"18437",123.865700322132,-12.6325393470141,0.208027794957161
"18438",123.948016685232,-12.6325393470141,0.237462893128395
"18439",124.030333048331,-12.6325393470141,0.268542021512985
"18440",124.11264941143,-12.6325393470141,0.300718039274216
"18441",124.19496577453,-12.6325393470141,0.333372235298157
"18442",124.277282137629,-12.6325393470141,0.366075545549393
"18443",124.359598500728,-12.6325393470141,0.398521780967712
"18444",124.441914863827,-12.6325393470141,0.430458307266235
"18445",124.524231226927,-12.6325393470141,0.461612492799759
"18446",124.606547590026,-12.6325393470141,0.4918472468853
"18447",124.688863953125,-12.6325393470141,0.52114725112915
"18448",124.771180316225,-12.6325393470141,0.549419701099396
"18449",124.853496679324,-12.6325393470141,0.576707363128662
"18450",124.935813042423,-12.6325393470141,0.603067278862
"18451",125.018129405522,-12.6325393470141,0.628423035144806
"18452",125.100445768622,-12.6325393470141,0.652905941009521
"18453",125.182762131721,-12.6325393470141,0.67662388086319
"18454",125.26507849482,-12.6325393470141,0.699473559856415
"18455",125.34739485792,-12.6325393470141,0.721569716930389
"18456",125.429711221019,-12.6325393470141,0.74303412437439
"18457",125.512027584118,-12.6325393470141,0.763809978961945
"18458",125.594343947217,-12.6325393470141,0.783930063247681
"18459",125.676660310317,-12.6325393470141,0.803456366062164
"18460",125.758976673416,-12.6325393470141,0.822553157806396
"18461",125.841293036515,-12.6325393470141,0.841101825237274
"18462",125.923609399615,-12.6325393470141,0.859069466590881
"18463",126.005925762714,-12.6325393470141,0.876618087291718
"18464",126.088242125813,-12.6325393470141,0.893806755542755
"18465",126.170558488912,-12.6325393470141,0.910528898239136
"18466",126.252874852012,-12.6325393470141,0.926908075809479
"18467",126.335191215111,-12.6325393470141,0.942889928817749
"18468",126.41750757821,-12.6325393470141,0.958535313606262
"18469",126.49982394131,-12.6325393470141,0.973908483982086
"18470",126.582140304409,-12.6325393470141,0.988186478614807
"18471",126.664456667508,-12.6325393470141,0.997811913490295
"18472",126.746773030607,-12.6325393470141,1
"18473",126.829089393707,-12.6325393470141,1
"18474",126.911405756806,-12.6325393470141,1
"18475",126.993722119905,-12.6325393470141,1
"18476",127.076038483004,-12.6325393470141,1
"18477",127.158354846104,-12.6325393470141,1
"18478",127.240671209203,-12.6325393470141,1
"18479",127.322987572302,-12.6325393470141,1
"18480",127.405303935402,-12.6325393470141,1
"18481",127.487620298501,-12.6325393470141,1
"18482",127.5699366616,-12.6325393470141,1
"18483",127.652253024699,-12.6325393470141,1
"18484",127.734569387799,-12.6325393470141,1
"18485",127.816885750898,-12.6325393470141,1
"18486",127.899202113997,-12.6325393470141,1
"18487",127.981518477097,-12.6325393470141,1
"18488",128.063834840196,-12.6325393470141,1
"18489",128.146151203295,-12.6325393470141,1
"18490",128.228467566394,-12.6325393470141,1
"18491",128.310783929494,-12.6325393470141,1
"18492",128.393100292593,-12.6325393470141,1
"18493",128.475416655692,-12.6325393470141,1
"18494",128.557733018792,-12.6325393470141,1
"18495",128.640049381891,-12.6325393470141,1
"18496",128.72236574499,-12.6325393470141,1
"18497",128.804682108089,-12.6325393470141,1
"18498",128.886998471189,-12.6325393470141,1
"18499",128.969314834288,-12.6325393470141,1
"18500",129.051631197387,-12.6325393470141,1
"18501",129.133947560487,-12.6325393470141,1
"18502",129.216263923586,-12.6325393470141,1
"18503",129.298580286685,-12.6325393470141,1
"18504",129.380896649784,-12.6325393470141,1
"18505",129.463213012884,-12.6325393470141,1
"18506",129.545529375983,-12.6325393470141,1
"18507",129.627845739082,-12.6325393470141,1
"18508",129.710162102182,-12.6325393470141,1
"18509",129.792478465281,-12.6325393470141,1
"18510",129.87479482838,-12.6325393470141,1
"18511",129.957111191479,-12.6325393470141,1
"18512",130.039427554579,-12.6325393470141,1
"18513",130.121743917678,-12.6325393470141,1
"18514",130.204060280777,-12.6325393470141,1
"18515",130.286376643877,-12.6325393470141,1
"18705",122.466322149445,-12.7148557101134,0.118215225636959
"18706",122.548638512544,-12.7148557101134,0.119042582809925
"18707",122.630954875643,-12.7148557101134,0.120647296309471
"18708",122.713271238742,-12.7148557101134,0.122077092528343
"18709",122.795587601842,-12.7148557101134,0.123333565890789
"18710",122.877903964941,-12.7148557101134,0.124384298920631
"18711",122.96022032804,-12.7148557101134,0.125238224864006
"18712",123.04253669114,-12.7148557101134,0.125983461737633
"18713",123.124853054239,-12.7148557101134,0.126754775643349
"18714",123.207169417338,-12.7148557101134,0.127560898661613
"18715",123.289485780437,-12.7148557101134,0.128795325756073
"18716",123.371802143537,-12.7148557101134,0.131042987108231
"18717",123.454118506636,-12.7148557101134,0.135523229837418
"18718",123.536434869735,-12.7148557101134,0.143988713622093
"18719",123.618751232835,-12.7148557101134,0.157954514026642
"18720",123.701067595934,-12.7148557101134,0.177660897374153
"18721",123.783383959033,-12.7148557101134,0.202071011066437
"18722",123.865700322132,-12.7148557101134,0.230011209845543
"18723",123.948016685232,-12.7148557101134,0.260508447885513
"18724",124.030333048331,-12.7148557101134,0.292626559734344
"18725",124.11264941143,-12.7148557101134,0.325791656970978
"18726",124.19496577453,-12.7148557101134,0.359317988157272
"18727",124.277282137629,-12.7148557101134,0.392722249031067
"18728",124.359598500728,-12.7148557101134,0.425595849752426
"18729",124.441914863827,-12.7148557101134,0.457853883504868
"18730",124.524231226927,-12.7148557101134,0.489141821861267
"18731",124.606547590026,-12.7148557101134,0.519407272338867
"18732",124.688863953125,-12.7148557101134,0.54855352640152
"18733",124.771180316225,-12.7148557101134,0.576569378376007
"18734",124.853496679324,-12.7148557101134,0.603500723838806
"18735",124.935813042423,-12.7148557101134,0.629448354244232
"18736",125.018129405522,-12.7148557101134,0.654420852661133
"18737",125.100445768622,-12.7148557101134,0.678479015827179
"18738",125.182762131721,-12.7148557101134,0.701694846153259
"18739",125.26507849482,-12.7148557101134,0.724064469337463
"18740",125.34739485792,-12.7148557101134,0.745699405670166
"18741",125.429711221019,-12.7148557101134,0.766612589359283
"18742",125.512027584118,-12.7148557101134,0.786994576454163
"18743",125.594343947217,-12.7148557101134,0.806671619415283
"18744",125.676660310317,-12.7148557101134,0.825716018676758
"18745",125.758976673416,-12.7148557101134,0.844308376312256
"18746",125.841293036515,-12.7148557101134,0.862389266490936
"18747",125.923609399615,-12.7148557101134,0.879993617534637
"18748",126.005925762714,-12.7148557101134,0.897161841392517
"18749",126.088242125813,-12.7148557101134,0.91389799118042
"18750",126.170558488912,-12.7148557101134,0.930278182029724
"18751",126.252874852012,-12.7148557101134,0.946300685405731
"18752",126.335191215111,-12.7148557101134,0.961957275867462
"18753",126.41750757821,-12.7148557101134,0.977293193340302
"18754",126.49982394131,-12.7148557101134,0.990975558757782
"18755",126.582140304409,-12.7148557101134,0.998894155025482
"18756",126.664456667508,-12.7148557101134,1
"18757",126.746773030607,-12.7148557101134,1
"18758",126.829089393707,-12.7148557101134,1
"18759",126.911405756806,-12.7148557101134,1
"18760",126.993722119905,-12.7148557101134,1
"18761",127.076038483004,-12.7148557101134,1
"18762",127.158354846104,-12.7148557101134,1
"18763",127.240671209203,-12.7148557101134,1
"18764",127.322987572302,-12.7148557101134,1
"18765",127.405303935402,-12.7148557101134,1
"18766",127.487620298501,-12.7148557101134,1
"18767",127.5699366616,-12.7148557101134,1
"18768",127.652253024699,-12.7148557101134,1
"18769",127.734569387799,-12.7148557101134,1
"18770",127.816885750898,-12.7148557101134,1
"18771",127.899202113997,-12.7148557101134,1
"18772",127.981518477097,-12.7148557101134,1
"18773",128.063834840196,-12.7148557101134,1
"18774",128.146151203295,-12.7148557101134,1
"18775",128.228467566394,-12.7148557101134,1
"18776",128.310783929494,-12.7148557101134,1
"18777",128.393100292593,-12.7148557101134,1
"18778",128.475416655692,-12.7148557101134,1
"18779",128.557733018792,-12.7148557101134,1
"18780",128.640049381891,-12.7148557101134,1
"18781",128.72236574499,-12.7148557101134,1
"18782",128.804682108089,-12.7148557101134,1
"18783",128.886998471189,-12.7148557101134,1
"18784",128.969314834288,-12.7148557101134,1
"18785",129.051631197387,-12.7148557101134,1
"18786",129.133947560487,-12.7148557101134,1
"18787",129.216263923586,-12.7148557101134,1
"18788",129.298580286685,-12.7148557101134,1
"18789",129.380896649784,-12.7148557101134,1
"18790",129.463213012884,-12.7148557101134,1
"18791",129.545529375983,-12.7148557101134,1
"18792",129.627845739082,-12.7148557101134,1
"18793",129.710162102182,-12.7148557101134,1
"18794",129.792478465281,-12.7148557101134,1
"18795",129.87479482838,-12.7148557101134,1
"18796",129.957111191479,-12.7148557101134,1
"18797",130.039427554579,-12.7148557101134,1
"18798",130.121743917678,-12.7148557101134,1
"18799",130.204060280777,-12.7148557101134,1
"18800",130.286376643877,-12.7148557101134,1
"18989",122.384005786345,-12.7971720732126,0.122968040406704
"18990",122.466322149445,-12.7971720732126,0.124173790216446
"18991",122.548638512544,-12.7971720732126,0.125747367739677
"18992",122.630954875643,-12.7971720732126,0.127518832683563
"18993",122.713271238742,-12.7971720732126,0.129126369953156
"18994",122.795587601842,-12.7971720732126,0.13064569234848
"18995",122.877903964941,-12.7971720732126,0.132128313183784
"18996",122.96022032804,-12.7971720732126,0.133546262979507
"18997",123.04253669114,-12.7971720732126,0.135029345750809
"18998",123.124853054239,-12.7971720732126,0.136807918548584
"18999",123.207169417338,-12.7971720732126,0.138873815536499
"19000",123.289485780437,-12.7971720732126,0.141865894198418
"19001",123.371802143537,-12.7971720732126,0.146621525287628
"19002",123.454118506636,-12.7971720732126,0.153947994112968
"19003",123.536434869735,-12.7971720732126,0.165085315704346
"19004",123.618751232835,-12.7971720732126,0.180859208106995
"19005",123.701067595934,-12.7971720732126,0.201663255691528
"19006",123.783383959033,-12.7971720732126,0.226848468184471
"19007",123.865700322132,-12.7971720732126,0.255575269460678
"19008",123.948016685232,-12.7971720732126,0.286868542432785
"19009",124.030333048331,-12.7971720732126,0.319853156805038
"19010",124.11264941143,-12.7971720732126,0.35376837849617
"19011",124.19496577453,-12.7971720732126,0.387934535741806
"19012",124.277282137629,-12.7971720732126,0.421806901693344
"19013",124.359598500728,-12.7971720732126,0.455016523599625
"19014",124.441914863827,-12.7971720732126,0.487345010042191
"19015",124.524231226927,-12.7971720732126,0.518518507480621
"19016",124.606547590026,-12.7971720732126,0.548528492450714
"19017",124.688863953125,-12.7971720732126,0.57731020450592
"19018",124.771180316225,-12.7971720732126,0.604877471923828
"19019",124.853496679324,-12.7971720732126,0.631353795528412
"19020",124.935813042423,-12.7971720732126,0.656729400157928
"19021",125.018129405522,-12.7971720732126,0.681152164936066
"19022",125.100445768622,-12.7971720732126,0.704647302627563
"19023",125.182762131721,-12.7971720732126,0.727249562740326
"19024",125.26507849482,-12.7971720732126,0.749078571796417
"19025",125.34739485792,-12.7971720732126,0.770167529582977
"19026",125.429711221019,-12.7971720732126,0.790533244609833
"19027",125.512027584118,-12.7971720732126,0.810308754444122
"19028",125.594343947217,-12.7971720732126,0.829543650150299
"19029",125.676660310317,-12.7971720732126,0.848073482513428
"19030",125.758976673416,-12.7971720732126,0.866220414638519
"19031",125.841293036515,-12.7971720732126,0.883825778961182
"19032",125.923609399615,-12.7971720732126,0.900974750518799
"19033",126.005925762714,-12.7971720732126,0.91769802570343
"19034",126.088242125813,-12.7971720732126,0.934000074863434
"19035",126.170558488912,-12.7971720732126,0.950005948543549
"19036",126.252874852012,-12.7971720732126,0.96564781665802
"19037",126.335191215111,-12.7971720732126,0.980704724788666
"19038",126.41750757821,-12.7971720732126,0.99349057674408
"19039",126.49982394131,-12.7971720732126,0.999855637550354
"19040",126.582140304409,-12.7971720732126,1
"19041",126.664456667508,-12.7971720732126,1
"19042",126.746773030607,-12.7971720732126,1
"19043",126.829089393707,-12.7971720732126,1
"19044",126.911405756806,-12.7971720732126,1
"19045",126.993722119905,-12.7971720732126,1
"19046",127.076038483004,-12.7971720732126,1
"19047",127.158354846104,-12.7971720732126,1
"19048",127.240671209203,-12.7971720732126,1
"19049",127.322987572302,-12.7971720732126,1
"19050",127.405303935402,-12.7971720732126,1
"19051",127.487620298501,-12.7971720732126,1
"19052",127.5699366616,-12.7971720732126,1
"19053",127.652253024699,-12.7971720732126,1
"19054",127.734569387799,-12.7971720732126,1
"19055",127.816885750898,-12.7971720732126,1
"19056",127.899202113997,-12.7971720732126,1
"19057",127.981518477097,-12.7971720732126,1
"19058",128.063834840196,-12.7971720732126,1
"19059",128.146151203295,-12.7971720732126,1
"19060",128.228467566394,-12.7971720732126,1
"19061",128.310783929494,-12.7971720732126,1
"19062",128.393100292593,-12.7971720732126,1
"19063",128.475416655692,-12.7971720732126,1
"19064",128.557733018792,-12.7971720732126,1
"19065",128.640049381891,-12.7971720732126,1
"19066",128.72236574499,-12.7971720732126,1
"19067",128.804682108089,-12.7971720732126,1
"19068",128.886998471189,-12.7971720732126,1
"19069",128.969314834288,-12.7971720732126,1
"19070",129.051631197387,-12.7971720732126,1
"19071",129.133947560487,-12.7971720732126,1
"19072",129.216263923586,-12.7971720732126,1
"19073",129.298580286685,-12.7971720732126,1
"19074",129.380896649784,-12.7971720732126,1
"19075",129.463213012884,-12.7971720732126,1
"19076",129.545529375983,-12.7971720732126,1
"19077",129.627845739082,-12.7971720732126,1
"19078",129.710162102182,-12.7971720732126,1
"19079",129.792478465281,-12.7971720732126,1
"19080",129.87479482838,-12.7971720732126,1
"19081",129.957111191479,-12.7971720732126,1
"19082",130.039427554579,-12.7971720732126,1
"19083",130.121743917678,-12.7971720732126,1
"19084",130.204060280777,-12.7971720732126,1
"19085",130.286376643877,-12.7971720732126,1
"19274",122.384005786345,-12.8794884363119,0.130455866456032
"19275",122.466322149445,-12.8794884363119,0.131751790642738
"19276",122.548638512544,-12.8794884363119,0.133784532546997
"19277",122.630954875643,-12.8794884363119,0.135825470089912
"19278",122.713271238742,-12.8794884363119,0.137726664543152
"19279",122.795587601842,-12.8794884363119,0.139744594693184
"19280",122.877903964941,-12.8794884363119,0.141815796494484
"19281",122.96022032804,-12.8794884363119,0.1440639346838
"19282",123.04253669114,-12.8794884363119,0.146574929356575
"19283",123.124853054239,-12.8794884363119,0.149605140089989
"19284",123.207169417338,-12.8794884363119,0.153361067175865
"19285",123.289485780437,-12.8794884363119,0.158405676484108
"19286",123.371802143537,-12.8794884363119,0.165460422635078
"19287",123.454118506636,-12.8794884363119,0.175361812114716
"19288",123.536434869735,-12.8794884363119,0.188752606511116
"19289",123.618751232835,-12.8794884363119,0.206356778740883
"19290",123.701067595934,-12.8794884363119,0.228384554386139
"19291",123.783383959033,-12.8794884363119,0.254494935274124
"19292",123.865700322132,-12.8794884363119,0.283988863229752
"19293",123.948016685232,-12.8794884363119,0.31602743268013
"19294",124.030333048331,-12.8794884363119,0.349760055541992
"19295",124.11264941143,-12.8794884363119,0.384366363286972
"19296",124.19496577453,-12.8794884363119,0.419043511152267
"19297",124.277282137629,-12.8794884363119,0.453255832195282
"19298",124.359598500728,-12.8794884363119,0.48647528886795
"19299",124.441914863827,-12.8794884363119,0.518635272979736
"19300",124.524231226927,-12.8794884363119,0.54951000213623
"19301",124.606547590026,-12.8794884363119,0.579025447368622
"19302",124.688863953125,-12.8794884363119,0.607238411903381
"19303",124.771180316225,-12.8794884363119,0.634186685085297
"19304",124.853496679324,-12.8794884363119,0.660000801086426
"19305",124.935813042423,-12.8794884363119,0.684711933135986
"19306",125.018129405522,-12.8794884363119,0.708449900150299
"19307",125.100445768622,-12.8794884363119,0.731225490570068
"19308",125.182762131721,-12.8794884363119,0.753171443939209
"19309",125.26507849482,-12.8794884363119,0.774364173412323
"19310",125.34739485792,-12.8794884363119,0.79483562707901
"19311",125.429711221019,-12.8794884363119,0.814633667469025
"19312",125.512027584118,-12.8794884363119,0.833777368068695
"19313",125.594343947217,-12.8794884363119,0.852420389652252
"19314",125.676660310317,-12.8794884363119,0.870453655719757
"19315",125.758976673416,-12.8794884363119,0.888058006763458
"19316",125.841293036515,-12.8794884363119,0.90517270565033
"19317",125.923609399615,-12.8794884363119,0.921874642372131
"19318",126.005925762714,-12.8794884363119,0.938183903694153
"19319",126.088242125813,-12.8794884363119,0.954087793827057
"19320",126.170558488912,-12.8794884363119,0.969673335552216
"19321",126.252874852012,-12.8794884363119,0.984161794185638
"19322",126.335191215111,-12.8794884363119,0.995259284973145
"19323",126.41750757821,-12.8794884363119,1
"19324",126.49982394131,-12.8794884363119,1
"19325",126.582140304409,-12.8794884363119,1
"19326",126.664456667508,-12.8794884363119,1
"19327",126.746773030607,-12.8794884363119,1
"19328",126.829089393707,-12.8794884363119,1
"19329",126.911405756806,-12.8794884363119,1
"19330",126.993722119905,-12.8794884363119,1
"19331",127.076038483004,-12.8794884363119,1
"19332",127.158354846104,-12.8794884363119,1
"19333",127.240671209203,-12.8794884363119,1
"19334",127.322987572302,-12.8794884363119,1
"19335",127.405303935402,-12.8794884363119,1
"19336",127.487620298501,-12.8794884363119,1
"19337",127.5699366616,-12.8794884363119,1
"19338",127.652253024699,-12.8794884363119,1
"19339",127.734569387799,-12.8794884363119,1
"19340",127.816885750898,-12.8794884363119,1
"19341",127.899202113997,-12.8794884363119,1
"19342",127.981518477097,-12.8794884363119,1
"19343",128.063834840196,-12.8794884363119,1
"19344",128.146151203295,-12.8794884363119,1
"19345",128.228467566394,-12.8794884363119,1
"19346",128.310783929494,-12.8794884363119,1
"19347",128.393100292593,-12.8794884363119,1
"19348",128.475416655692,-12.8794884363119,1
"19349",128.557733018792,-12.8794884363119,1
"19350",128.640049381891,-12.8794884363119,1
"19351",128.72236574499,-12.8794884363119,1
"19352",128.804682108089,-12.8794884363119,1
"19353",128.886998471189,-12.8794884363119,1
"19354",128.969314834288,-12.8794884363119,1
"19355",129.051631197387,-12.8794884363119,1
"19356",129.133947560487,-12.8794884363119,1
"19357",129.216263923586,-12.8794884363119,1
"19358",129.298580286685,-12.8794884363119,1
"19359",129.380896649784,-12.8794884363119,1
"19360",129.463213012884,-12.8794884363119,1
"19361",129.545529375983,-12.8794884363119,1
"19362",129.627845739082,-12.8794884363119,1
"19363",129.710162102182,-12.8794884363119,1
"19364",129.792478465281,-12.8794884363119,1
"19365",129.87479482838,-12.8794884363119,1
"19366",129.957111191479,-12.8794884363119,1
"19367",130.039427554579,-12.8794884363119,1
"19368",130.121743917678,-12.8794884363119,1
"19369",130.204060280777,-12.8794884363119,1
"19370",130.286376643877,-12.8794884363119,1
"19557",122.219373060147,-12.9618047994112,0.135337725281715
"19558",122.301689423246,-12.9618047994112,0.136553391814232
"19559",122.384005786345,-12.9618047994112,0.138590902090073
"19560",122.466322149445,-12.9618047994112,0.140854239463806
"19561",122.548638512544,-12.9618047994112,0.143104448914528
"19562",122.630954875643,-12.9618047994112,0.145515516400337
"19563",122.713271238742,-12.9618047994112,0.148015826940536
"19564",122.795587601842,-12.9618047994112,0.150671198964119
"19565",122.877903964941,-12.9618047994112,0.153493702411652
"19566",122.96022032804,-12.9618047994112,0.156755730509758
"19567",123.04253669114,-12.9618047994112,0.16052334010601
"19568",123.124853054239,-12.9618047994112,0.164939776062965
"19569",123.207169417338,-12.9618047994112,0.170475795865059
"19570",123.289485780437,-12.9618047994112,0.177587509155273
"19571",123.371802143537,-12.9618047994112,0.18681512773037
"19572",123.454118506636,-12.9618047994112,0.19892629981041
"19573",123.536434869735,-12.9618047994112,0.214389309287071
"19574",123.618751232835,-12.9618047994112,0.233647599816322
"19575",123.701067595934,-12.9618047994112,0.256967902183533
"19576",123.783383959033,-12.9618047994112,0.28406810760498
"19577",123.865700322132,-12.9618047994112,0.31444638967514
"19578",123.948016685232,-12.9618047994112,0.347330302000046
"19579",124.030333048331,-12.9618047994112,0.381861925125122
"19580",124.11264941143,-12.9618047994112,0.417118519544601
"19581",124.19496577453,-12.9618047994112,0.452235877513885
"19582",124.277282137629,-12.9618047994112,0.486644744873047
"19583",124.359598500728,-12.9618047994112,0.51971048116684
"19584",124.441914863827,-12.9618047994112,0.551414906978607
"19585",124.524231226927,-12.9618047994112,0.581768095493317
"19586",124.606547590026,-12.9618047994112,0.610571801662445
"19587",124.688863953125,-12.9618047994112,0.638022601604462
"19588",124.771180316225,-12.9618047994112,0.664223551750183
"19589",124.853496679324,-12.9618047994112,0.689166069030762
"19590",124.935813042423,-12.9618047994112,0.713103592395782
"19591",125.018129405522,-12.9618047994112,0.736050069332123
"19592",125.100445768622,-12.9618047994112,0.758054077625275
"19593",125.182762131721,-12.9618047994112,0.779234528541565
"19594",125.26507849482,-12.9618047994112,0.799733757972717
"19595",125.34739485792,-12.9618047994112,0.819451868534088
"19596",125.429711221019,-12.9618047994112,0.83863627910614
"19597",125.512027584118,-12.9618047994112,0.857191920280457
"19598",125.594343947217,-12.9618047994112,0.875241100788116
"19599",125.676660310317,-12.9618047994112,0.892837226390839
"19600",125.758976673416,-12.9618047994112,0.909868776798248
"19601",125.841293036515,-12.9618047994112,0.926469504833221
"19602",125.923609399615,-12.9618047994112,0.942710399627686
"19603",126.005925762714,-12.9618047994112,0.958555579185486
"19604",126.088242125813,-12.9618047994112,0.97401237487793
"19605",126.170558488912,-12.9618047994112,0.987647354602814
"19606",126.252874852012,-12.9618047994112,0.996711313724518
"19607",126.335191215111,-12.9618047994112,1
"19608",126.41750757821,-12.9618047994112,1
"19609",126.49982394131,-12.9618047994112,1
"19610",126.582140304409,-12.9618047994112,1
"19611",126.664456667508,-12.9618047994112,1
"19612",126.746773030607,-12.9618047994112,1
"19613",126.829089393707,-12.9618047994112,1
"19614",126.911405756806,-12.9618047994112,1
"19615",126.993722119905,-12.9618047994112,1
"19616",127.076038483004,-12.9618047994112,1
"19617",127.158354846104,-12.9618047994112,1
"19618",127.240671209203,-12.9618047994112,1
"19619",127.322987572302,-12.9618047994112,1
"19620",127.405303935402,-12.9618047994112,1
"19621",127.487620298501,-12.9618047994112,1
"19622",127.5699366616,-12.9618047994112,1
"19623",127.652253024699,-12.9618047994112,1
"19624",127.734569387799,-12.9618047994112,1
"19625",127.816885750898,-12.9618047994112,1
"19626",127.899202113997,-12.9618047994112,1
"19627",127.981518477097,-12.9618047994112,1
"19628",128.063834840196,-12.9618047994112,1
"19629",128.146151203295,-12.9618047994112,1
"19630",128.228467566394,-12.9618047994112,1
"19631",128.310783929494,-12.9618047994112,1
"19632",128.393100292593,-12.9618047994112,1
"19633",128.475416655692,-12.9618047994112,1
"19634",128.557733018792,-12.9618047994112,1
"19635",128.640049381891,-12.9618047994112,1
"19636",128.72236574499,-12.9618047994112,1
"19637",128.804682108089,-12.9618047994112,1
"19638",128.886998471189,-12.9618047994112,1
"19639",128.969314834288,-12.9618047994112,1
"19640",129.051631197387,-12.9618047994112,1
"19641",129.133947560487,-12.9618047994112,1
"19642",129.216263923586,-12.9618047994112,1
"19643",129.298580286685,-12.9618047994112,1
"19644",129.380896649784,-12.9618047994112,1
"19645",129.463213012884,-12.9618047994112,1
"19646",129.545529375983,-12.9618047994112,1
"19647",129.627845739082,-12.9618047994112,1
"19648",129.710162102182,-12.9618047994112,1
"19649",129.792478465281,-12.9618047994112,1
"19650",129.87479482838,-12.9618047994112,1
"19651",129.957111191479,-12.9618047994112,1
"19652",130.039427554579,-12.9618047994112,1
"19653",130.121743917678,-12.9618047994112,1
"19654",130.204060280777,-12.9618047994112,1
"19655",130.286376643877,-12.9618047994112,1
"19839",121.972423970849,-13.0441211625105,0.143384695053101
"19841",122.137056697047,-13.0441211625105,0.14245431125164
"19842",122.219373060147,-13.0441211625105,0.143956780433655
"19843",122.301689423246,-13.0441211625105,0.146134749054909
"19844",122.384005786345,-13.0441211625105,0.14846496284008
"19845",122.466322149445,-13.0441211625105,0.151038870215416
"19846",122.548638512544,-13.0441211625105,0.153782323002815
"19847",122.630954875643,-13.0441211625105,0.156733274459839
"19848",122.713271238742,-13.0441211625105,0.15988577902317
"19849",122.795587601842,-13.0441211625105,0.163314551115036
"19850",122.877903964941,-13.0441211625105,0.167132541537285
"19851",122.96022032804,-13.0441211625105,0.171473518013954
"19852",123.04253669114,-13.0441211625105,0.176549836993217
"19853",123.124853054239,-13.0441211625105,0.18252857029438
"19854",123.207169417338,-13.0441211625105,0.18982058763504
"19855",123.289485780437,-13.0441211625105,0.198884725570679
"19856",123.371802143537,-13.0441211625105,0.21016888320446
"19857",123.454118506636,-13.0441211625105,0.224188700318336
"19858",123.536434869735,-13.0441211625105,0.241459593176842
"19859",123.618751232835,-13.0441211625105,0.262245774269104
"19860",123.701067595934,-13.0441211625105,0.286771297454834
"19861",123.783383959033,-13.0441211625105,0.314891993999481
"19862",123.865700322132,-13.0441211625105,0.34622511267662
"19863",123.948016685232,-13.0441211625105,0.380094140768051
"19864",124.030333048331,-13.0441211625105,0.415551036596298
"19865",124.11264941143,-13.0441211625105,0.451578259468079
"19866",124.19496577453,-13.0441211625105,0.487120807170868
"19867",124.277282137629,-13.0441211625105,0.521498739719391
"19868",124.359598500728,-13.0441211625105,0.554296135902405
"19869",124.441914863827,-13.0441211625105,0.585481345653534
"19870",124.524231226927,-13.0441211625105,0.614934086799622
"19871",124.606547590026,-13.0441211625105,0.642836093902588
"19872",124.688863953125,-13.0441211625105,0.669358432292938
"19873",124.771180316225,-13.0441211625105,0.694571077823639
"19874",124.853496679324,-13.0441211625105,0.718596637248993
"19875",124.935813042423,-13.0441211625105,0.741616725921631
"19876",125.018129405522,-13.0441211625105,0.763639688491821
"19877",125.100445768622,-13.0441211625105,0.784885406494141
"19878",125.182762131721,-13.0441211625105,0.805264413356781
"19879",125.26507849482,-13.0441211625105,0.825029909610748
"19880",125.34739485792,-13.0441211625105,0.844066143035889
"19881",125.429711221019,-13.0441211625105,0.862589776515961
"19882",125.512027584118,-13.0441211625105,0.880528211593628
"19883",125.594343947217,-13.0441211625105,0.897936880588531
"19884",125.676660310317,-13.0441211625105,0.914914548397064
"19885",125.758976673416,-13.0441211625105,0.931461155414581
"19886",125.841293036515,-13.0441211625105,0.947555422782898
"19887",125.923609399615,-13.0441211625105,0.963268756866455
"19888",126.005925762714,-13.0441211625105,0.97867214679718
"19889",126.088242125813,-13.0441211625105,0.991117596626282
"19890",126.170558488912,-13.0441211625105,0.997928440570831
"19891",126.252874852012,-13.0441211625105,1
"19892",126.335191215111,-13.0441211625105,1
"19893",126.41750757821,-13.0441211625105,1
"19894",126.49982394131,-13.0441211625105,1
"19895",126.582140304409,-13.0441211625105,1
"19896",126.664456667508,-13.0441211625105,1
"19897",126.746773030607,-13.0441211625105,1
"19898",126.829089393707,-13.0441211625105,1
"19899",126.911405756806,-13.0441211625105,1
"19900",126.993722119905,-13.0441211625105,1
"19901",127.076038483004,-13.0441211625105,1
"19902",127.158354846104,-13.0441211625105,1
"19903",127.240671209203,-13.0441211625105,1
"19904",127.322987572302,-13.0441211625105,1
"19905",127.405303935402,-13.0441211625105,1
"19906",127.487620298501,-13.0441211625105,1
"19907",127.5699366616,-13.0441211625105,1
"19908",127.652253024699,-13.0441211625105,1
"19909",127.734569387799,-13.0441211625105,1
"19910",127.816885750898,-13.0441211625105,1
"19911",127.899202113997,-13.0441211625105,1
"19912",127.981518477097,-13.0441211625105,1
"19913",128.063834840196,-13.0441211625105,1
"19914",128.146151203295,-13.0441211625105,1
"19915",128.228467566394,-13.0441211625105,1
"19916",128.310783929494,-13.0441211625105,1
"19917",128.393100292593,-13.0441211625105,1
"19918",128.475416655692,-13.0441211625105,1
"19919",128.557733018792,-13.0441211625105,1
"19920",128.640049381891,-13.0441211625105,1
"19921",128.72236574499,-13.0441211625105,1
"19922",128.804682108089,-13.0441211625105,1
"19923",128.886998471189,-13.0441211625105,1
"19924",128.969314834288,-13.0441211625105,1
"19925",129.051631197387,-13.0441211625105,1
"19926",129.133947560487,-13.0441211625105,1
"19927",129.216263923586,-13.0441211625105,1
"19928",129.298580286685,-13.0441211625105,1
"19929",129.380896649784,-13.0441211625105,1
"19930",129.463213012884,-13.0441211625105,1
"19931",129.545529375983,-13.0441211625105,1
"19932",129.627845739082,-13.0441211625105,1
"19933",129.710162102182,-13.0441211625105,1
"19934",129.792478465281,-13.0441211625105,1
"19935",129.87479482838,-13.0441211625105,1
"19936",129.957111191479,-13.0441211625105,1
"19937",130.039427554579,-13.0441211625105,1
"19938",130.121743917678,-13.0441211625105,1
"19939",130.204060280777,-13.0441211625105,1
"19940",130.286376643877,-13.0441211625105,1
"20123",121.89010760775,-13.1264375256098,0.150643035769463
"20124",121.972423970849,-13.1264375256098,0.148466646671295
"20125",122.054740333948,-13.1264375256098,0.149949133396149
"20126",122.137056697047,-13.1264375256098,0.151974380016327
"20127",122.219373060147,-13.1264375256098,0.154218763113022
"20128",122.301689423246,-13.1264375256098,0.15670582652092
"20129",122.384005786345,-13.1264375256098,0.159425988793373
"20130",122.466322149445,-13.1264375256098,0.162452459335327
"20131",122.548638512544,-13.1264375256098,0.165763437747955
"20132",122.630954875643,-13.1264375256098,0.169358357787132
"20133",122.713271238742,-13.1264375256098,0.173217877745628
"20134",122.795587601842,-13.1264375256098,0.177550062537193
"20135",122.877903964941,-13.1264375256098,0.182457908987999
"20136",122.96022032804,-13.1264375256098,0.188002377748489
"20137",123.04253669114,-13.1264375256098,0.194439560174942
"20138",123.124853054239,-13.1264375256098,0.201957553625107
"20139",123.207169417338,-13.1264375256098,0.210973709821701
"20140",123.289485780437,-13.1264375256098,0.221850231289864
"20141",123.371802143537,-13.1264375256098,0.234904065728188
"20142",123.454118506636,-13.1264375256098,0.250667840242386
"20143",123.536434869735,-13.1264375256098,0.269515484571457
"20144",123.618751232835,-13.1264375256098,0.291682958602905
"20145",123.701067595934,-13.1264375256098,0.317319244146347
"20146",123.783383959033,-13.1264375256098,0.346410691738129
"20147",123.865700322132,-13.1264375256098,0.378693819046021
"20148",123.948016685232,-13.1264375256098,0.41366520524025
"20149",124.030333048331,-13.1264375256098,0.450269490480423
"20150",124.11264941143,-13.1264375256098,0.487259328365326
"20151",124.19496577453,-13.1264375256098,0.523299157619476
"20152",124.277282137629,-13.1264375256098,0.55754142999649
"20153",124.359598500728,-13.1264375256098,0.589789390563965
"20154",124.441914863827,-13.1264375256098,0.620097577571869
"20155",124.524231226927,-13.1264375256098,0.648546814918518
"20156",124.606547590026,-13.1264375256098,0.67536187171936
"20157",124.688863953125,-13.1264375256098,0.700791656970978
"20158",124.771180316225,-13.1264375256098,0.724906980991364
"20159",124.853496679324,-13.1264375256098,0.747962296009064
"20160",124.935813042423,-13.1264375256098,0.769916236400604
"20161",125.018129405522,-13.1264375256098,0.791032731533051
"20162",125.100445768622,-13.1264375256098,0.811417281627655
"20163",125.182762131721,-13.1264375256098,0.831030607223511
"20164",125.26507849482,-13.1264375256098,0.850008845329285
"20165",125.34739485792,-13.1264375256098,0.868357062339783
"20166",125.429711221019,-13.1264375256098,0.886210739612579
"20167",125.512027584118,-13.1264375256098,0.903536021709442
"20168",125.594343947217,-13.1264375256098,0.920370280742645
"20169",125.676660310317,-13.1264375256098,0.936760544776917
"20170",125.758976673416,-13.1264375256098,0.952742218971252
"20171",125.841293036515,-13.1264375256098,0.968319594860077
"20172",125.923609399615,-13.1264375256098,0.983574271202087
"20173",126.005925762714,-13.1264375256098,0.994406819343567
"20174",126.088242125813,-13.1264375256098,0.99891072511673
"20175",126.170558488912,-13.1264375256098,1
"20176",126.252874852012,-13.1264375256098,1
"20177",126.335191215111,-13.1264375256098,1
"20178",126.41750757821,-13.1264375256098,1
"20179",126.49982394131,-13.1264375256098,1
"20180",126.582140304409,-13.1264375256098,1
"20181",126.664456667508,-13.1264375256098,1
"20182",126.746773030607,-13.1264375256098,1
"20183",126.829089393707,-13.1264375256098,1
"20184",126.911405756806,-13.1264375256098,1
"20185",126.993722119905,-13.1264375256098,1
"20186",127.076038483004,-13.1264375256098,1
"20187",127.158354846104,-13.1264375256098,1
"20188",127.240671209203,-13.1264375256098,1
"20189",127.322987572302,-13.1264375256098,1
"20190",127.405303935402,-13.1264375256098,1
"20191",127.487620298501,-13.1264375256098,1
"20192",127.5699366616,-13.1264375256098,1
"20193",127.652253024699,-13.1264375256098,1
"20194",127.734569387799,-13.1264375256098,1
"20195",127.816885750898,-13.1264375256098,1
"20196",127.899202113997,-13.1264375256098,1
"20197",127.981518477097,-13.1264375256098,1
"20198",128.063834840196,-13.1264375256098,1
"20199",128.146151203295,-13.1264375256098,1
"20200",128.228467566394,-13.1264375256098,1
"20201",128.310783929494,-13.1264375256098,1
"20202",128.393100292593,-13.1264375256098,1
"20203",128.475416655692,-13.1264375256098,1
"20204",128.557733018792,-13.1264375256098,1
"20205",128.640049381891,-13.1264375256098,1
"20206",128.72236574499,-13.1264375256098,1
"20207",128.804682108089,-13.1264375256098,1
"20208",128.886998471189,-13.1264375256098,1
"20209",128.969314834288,-13.1264375256098,1
"20210",129.051631197387,-13.1264375256098,1
"20211",129.133947560487,-13.1264375256098,1
"20212",129.216263923586,-13.1264375256098,1
"20213",129.298580286685,-13.1264375256098,1
"20214",129.380896649784,-13.1264375256098,1
"20215",129.463213012884,-13.1264375256098,1
"20216",129.545529375983,-13.1264375256098,1
"20217",129.627845739082,-13.1264375256098,1
"20218",129.710162102182,-13.1264375256098,1
"20219",129.792478465281,-13.1264375256098,1
"20220",129.87479482838,-13.1264375256098,1
"20221",129.957111191479,-13.1264375256098,1
"20222",130.039427554579,-13.1264375256098,1
"20223",130.121743917678,-13.1264375256098,1
"20224",130.204060280777,-13.1264375256098,1
"20407",121.80779124465,-13.2087538887091,0.158492356538773
"20408",121.89010760775,-13.2087538887091,0.156879901885986
"20409",121.972423970849,-13.2087538887091,0.158574342727661
"20410",122.054740333948,-13.2087538887091,0.160577520728111
"20411",122.137056697047,-13.2087538887091,0.16289184987545
"20412",122.219373060147,-13.2087538887091,0.165487363934517
"20413",122.301689423246,-13.2087538887091,0.168391674757004
"20414",122.384005786345,-13.2087538887091,0.171561390161514
"20415",122.466322149445,-13.2087538887091,0.175056546926498
"20416",122.548638512544,-13.2087538887091,0.178928732872009
"20417",122.630954875643,-13.2087538887091,0.183209434151649
"20418",122.713271238742,-13.2087538887091,0.187962740659714
"20419",122.795587601842,-13.2087538887091,0.193243682384491
"20420",122.877903964941,-13.2087538887091,0.199248090386391
"20421",122.96022032804,-13.2087538887091,0.206041023135185
"20422",123.04253669114,-13.2087538887091,0.213844329118729
"20423",123.124853054239,-13.2087538887091,0.222897797822952
"20424",123.207169417338,-13.2087538887091,0.233530342578888
"20425",123.289485780437,-13.2087538887091,0.246054738759995
"20426",123.371802143537,-13.2087538887091,0.260750234127045
"20427",123.454118506636,-13.2087538887091,0.278046101331711
"20428",123.536434869735,-13.2087538887091,0.2982577085495
"20429",123.618751232835,-13.2087538887091,0.321561843156815
"20430",123.701067595934,-13.2087538887091,0.348134577274323
"20431",123.783383959033,-13.2087538887091,0.378049999475479
"20432",123.865700322132,-13.2087538887091,0.41124764084816
"20433",123.948016685232,-13.2087538887091,0.447417557239532
"20434",124.030333048331,-13.2087538887091,0.485469102859497
"20435",124.11264941143,-13.2087538887091,0.523685932159424
"20436",124.19496577453,-13.2087538887091,0.560199022293091
"20437",124.277282137629,-13.2087538887091,0.594159841537476
"20438",124.359598500728,-13.2087538887091,0.625635921955109
"20439",124.441914863827,-13.2087538887091,0.654796540737152
"20440",124.524231226927,-13.2087538887091,0.682001292705536
"20441",124.606547590026,-13.2087538887091,0.70762300491333
"20442",124.688863953125,-13.2087538887091,0.731786787509918
"20443",124.771180316225,-13.2087538887091,0.75478208065033
"20444",124.853496679324,-13.2087538887091,0.776749610900879
"20445",124.935813042423,-13.2087538887091,0.797735393047333
"20446",125.018129405522,-13.2087538887091,0.818000674247742
"20447",125.100445768622,-13.2087538887091,0.837519705295563
"20448",125.182762131721,-13.2087538887091,0.856355726718903
"20449",125.26507849482,-13.2087538887091,0.87455290555954
"20450",125.34739485792,-13.2087538887091,0.892234444618225
"20451",125.429711221019,-13.2087538887091,0.909408211708069
"20452",125.512027584118,-13.2087538887091,0.926118731498718
"20453",125.594343947217,-13.2087538887091,0.94236022233963
"20454",125.676660310317,-13.2087538887091,0.95820814371109
"20455",125.758976673416,-13.2087538887091,0.973636627197266
"20456",125.841293036515,-13.2087538887091,0.988455593585968
"20457",125.923609399615,-13.2087538887091,0.997217357158661
"20458",126.005925762714,-13.2087538887091,0.999616265296936
"20459",126.088242125813,-13.2087538887091,1
"20460",126.170558488912,-13.2087538887091,1
"20461",126.252874852012,-13.2087538887091,1
"20462",126.335191215111,-13.2087538887091,1
"20463",126.41750757821,-13.2087538887091,1
"20464",126.49982394131,-13.2087538887091,1
"20465",126.582140304409,-13.2087538887091,1
"20466",126.664456667508,-13.2087538887091,1
"20467",126.746773030607,-13.2087538887091,1
"20468",126.829089393707,-13.2087538887091,1
"20469",126.911405756806,-13.2087538887091,1
"20470",126.993722119905,-13.2087538887091,1
"20471",127.076038483004,-13.2087538887091,1
"20472",127.158354846104,-13.2087538887091,1
"20473",127.240671209203,-13.2087538887091,1
"20474",127.322987572302,-13.2087538887091,1
"20475",127.405303935402,-13.2087538887091,1
"20476",127.487620298501,-13.2087538887091,1
"20477",127.5699366616,-13.2087538887091,1
"20478",127.652253024699,-13.2087538887091,1
"20479",127.734569387799,-13.2087538887091,1
"20480",127.816885750898,-13.2087538887091,1
"20481",127.899202113997,-13.2087538887091,1
"20482",127.981518477097,-13.2087538887091,1
"20483",128.063834840196,-13.2087538887091,1
"20484",128.146151203295,-13.2087538887091,1
"20485",128.228467566394,-13.2087538887091,1
"20486",128.310783929494,-13.2087538887091,1
"20487",128.393100292593,-13.2087538887091,1
"20488",128.475416655692,-13.2087538887091,1
"20489",128.557733018792,-13.2087538887091,1
"20490",128.640049381891,-13.2087538887091,1
"20491",128.72236574499,-13.2087538887091,1
"20492",128.804682108089,-13.2087538887091,1
"20493",128.886998471189,-13.2087538887091,1
"20494",128.969314834288,-13.2087538887091,1
"20495",129.051631197387,-13.2087538887091,1
"20496",129.133947560487,-13.2087538887091,1
"20497",129.216263923586,-13.2087538887091,1
"20498",129.298580286685,-13.2087538887091,1
"20499",129.380896649784,-13.2087538887091,1
"20500",129.463213012884,-13.2087538887091,1
"20501",129.545529375983,-13.2087538887091,1
"20502",129.627845739082,-13.2087538887091,1
"20503",129.710162102182,-13.2087538887091,1
"20504",129.792478465281,-13.2087538887091,1
"20505",129.87479482838,-13.2087538887091,1
"20506",129.957111191479,-13.2087538887091,1
"20507",130.039427554579,-13.2087538887091,1
"20508",130.121743917678,-13.2087538887091,1
"20509",130.204060280777,-13.2087538887091,1
"20691",121.725474881551,-13.2910702518083,0.167057752609253
"20692",121.80779124465,-13.2910702518083,0.166201323270798
"20693",121.89010760775,-13.2910702518083,0.167830988764763
"20694",121.972423970849,-13.2910702518083,0.169790849089622
"20695",122.054740333948,-13.2910702518083,0.172081798315048
"20696",122.137056697047,-13.2910702518083,0.174693942070007
"20697",122.219373060147,-13.2910702518083,0.177662551403046
"20698",122.301689423246,-13.2910702518083,0.180955454707146
"20699",122.384005786345,-13.2910702518083,0.184644103050232
"20700",122.466322149445,-13.2910702518083,0.188754796981812
"20701",122.548638512544,-13.2910702518083,0.193276554346085
"20702",122.630954875643,-13.2910702518083,0.198295250535011
"20703",122.713271238742,-13.2910702518083,0.203969568014145
"20704",122.795587601842,-13.2910702518083,0.210256636142731
"20705",122.877903964941,-13.2910702518083,0.217336058616638
"20706",122.96022032804,-13.2910702518083,0.225371271371841
"20707",123.04253669114,-13.2910702518083,0.23451255261898
"20708",123.124853054239,-13.2910702518083,0.245020434260368
"20709",123.207169417338,-13.2910702518083,0.257121503353119
"20710",123.289485780437,-13.2910702518083,0.27111029624939
"20711",123.371802143537,-13.2910702518083,0.287370085716248
"20712",123.454118506636,-13.2910702518083,0.306066691875458
"20713",123.536434869735,-13.2910702518083,0.327434599399567
"20714",123.618751232835,-13.2910702518083,0.351689904928207
"20715",123.701067595934,-13.2910702518083,0.379029482603073
"20716",123.783383959033,-13.2910702518083,0.409553736448288
"20717",123.865700322132,-13.2910702518083,0.443434655666351
"20718",123.948016685232,-13.2910702518083,0.480638921260834
"20719",124.030333048331,-13.2910702518083,0.520591974258423
"20720",124.11264941143,-13.2910702518083,0.560490846633911
"20721",124.19496577453,-13.2910702518083,0.597329378128052
"20722",124.277282137629,-13.2910702518083,0.630593299865723
"20723",124.359598500728,-13.2910702518083,0.660884976387024
"20724",124.441914863827,-13.2910702518083,0.688689291477203
"20725",124.524231226927,-13.2910702518083,0.714561939239502
"20726",124.606547590026,-13.2910702518083,0.738885104656219
"20727",124.688863953125,-13.2910702518083,0.76188462972641
"20728",124.771180316225,-13.2910702518083,0.783815622329712
"20729",124.853496679324,-13.2910702518083,0.804730772972107
"20730",124.935813042423,-13.2910702518083,0.824846744537354
"20731",125.018129405522,-13.2910702518083,0.844214618206024
"20732",125.100445768622,-13.2910702518083,0.862932562828064
"20733",125.182762131721,-13.2910702518083,0.880991339683533
"20734",125.26507849482,-13.2910702518083,0.898488283157349
"20735",125.34739485792,-13.2910702518083,0.915474653244019
"20736",125.429711221019,-13.2910702518083,0.932007789611816
"20737",125.512027584118,-13.2910702518083,0.948157548904419
"20738",125.594343947217,-13.2910702518083,0.963853597640991
"20739",125.676660310317,-13.2910702518083,0.979115545749664
"20740",125.758976673416,-13.2910702518083,0.992192506790161
"20741",125.841293036515,-13.2910702518083,0.998640179634094
"20742",125.923609399615,-13.2910702518083,1
"20743",126.005925762714,-13.2910702518083,1
"20744",126.088242125813,-13.2910702518083,1
"20745",126.170558488912,-13.2910702518083,1
"20746",126.252874852012,-13.2910702518083,1
"20747",126.335191215111,-13.2910702518083,1
"20748",126.41750757821,-13.2910702518083,1
"20749",126.49982394131,-13.2910702518083,1
"20750",126.582140304409,-13.2910702518083,1
"20751",126.664456667508,-13.2910702518083,1
"20752",126.746773030607,-13.2910702518083,1
"20753",126.829089393707,-13.2910702518083,1
"20754",126.911405756806,-13.2910702518083,1
"20755",126.993722119905,-13.2910702518083,1
"20756",127.076038483004,-13.2910702518083,1
"20757",127.158354846104,-13.2910702518083,1
"20758",127.240671209203,-13.2910702518083,1
"20759",127.322987572302,-13.2910702518083,1
"20760",127.405303935402,-13.2910702518083,1
"20761",127.487620298501,-13.2910702518083,1
"20762",127.5699366616,-13.2910702518083,1
"20763",127.652253024699,-13.2910702518083,1
"20764",127.734569387799,-13.2910702518083,1
"20765",127.816885750898,-13.2910702518083,1
"20766",127.899202113997,-13.2910702518083,1
"20767",127.981518477097,-13.2910702518083,1
"20768",128.063834840196,-13.2910702518083,1
"20769",128.146151203295,-13.2910702518083,1
"20770",128.228467566394,-13.2910702518083,1
"20771",128.310783929494,-13.2910702518083,1
"20772",128.393100292593,-13.2910702518083,1
"20773",128.475416655692,-13.2910702518083,1
"20774",128.557733018792,-13.2910702518083,1
"20775",128.640049381891,-13.2910702518083,1
"20776",128.72236574499,-13.2910702518083,1
"20777",128.804682108089,-13.2910702518083,1
"20778",128.886998471189,-13.2910702518083,1
"20779",128.969314834288,-13.2910702518083,1
"20780",129.051631197387,-13.2910702518083,1
"20781",129.133947560487,-13.2910702518083,1
"20782",129.216263923586,-13.2910702518083,1
"20783",129.298580286685,-13.2910702518083,1
"20784",129.380896649784,-13.2910702518083,1
"20785",129.463213012884,-13.2910702518083,1
"20786",129.545529375983,-13.2910702518083,1
"20787",129.627845739082,-13.2910702518083,1
"20788",129.710162102182,-13.2910702518083,1
"20789",129.792478465281,-13.2910702518083,1
"20790",129.87479482838,-13.2910702518083,1
"20791",129.957111191479,-13.2910702518083,1
"20792",130.039427554579,-13.2910702518083,1
"20793",130.121743917678,-13.2910702518083,1
"20794",130.204060280777,-13.2910702518083,1
"20795",130.286376643877,-13.2910702518083,1
"20976",121.725474881551,-13.3733866149076,0.17634528875351
"20977",121.80779124465,-13.3733866149076,0.177746012806892
"20978",121.89010760775,-13.3733866149076,0.179593876004219
"20979",121.972423970849,-13.3733866149076,0.181777596473694
"20980",122.054740333948,-13.3733866149076,0.184379816055298
"20981",122.137056697047,-13.3733866149076,0.187309443950653
"20982",122.219373060147,-13.3733866149076,0.190698444843292
"20983",122.301689423246,-13.3733866149076,0.194437205791473
"20984",122.384005786345,-13.3733866149076,0.198671102523804
"20985",122.466322149445,-13.3733866149076,0.203428760170937
"20986",122.548638512544,-13.3733866149076,0.208705350756645
"20987",122.630954875643,-13.3733866149076,0.2145856320858
"20988",122.713271238742,-13.3733866149076,0.221101269125938
"20989",122.795587601842,-13.3733866149076,0.228366330265999
"20990",122.877903964941,-13.3733866149076,0.236530631780624
"20991",122.96022032804,-13.3733866149076,0.245751708745956
"20992",123.04253669114,-13.3733866149076,0.256183505058289
"20993",123.124853054239,-13.3733866149076,0.268041640520096
"20994",123.207169417338,-13.3733866149076,0.281572043895721
"20995",123.289485780437,-13.3733866149076,0.296917349100113
"20996",123.371802143537,-13.3733866149076,0.314452469348907
"20997",123.454118506636,-13.3733866149076,0.334355056285858
"20998",123.536434869735,-13.3733866149076,0.356781095266342
"20999",123.618751232835,-13.3733866149076,0.381976962089539
"21000",123.701067595934,-13.3733866149076,0.409956693649292
"21001",123.783383959033,-13.3733866149076,0.440934777259827
"21002",123.865700322132,-13.3733866149076,0.475121855735779
"21003",123.948016685232,-13.3733866149076,0.512745380401611
"21004",124.030333048331,-13.3733866149076,0.55485063791275
"21005",124.11264941143,-13.3733866149076,0.59711480140686
"21006",124.19496577453,-13.3733866149076,0.633635520935059
"21007",124.277282137629,-13.3733866149076,0.665628373622894
"21008",124.359598500728,-13.3733866149076,0.694454252719879
"21009",124.441914863827,-13.3733866149076,0.720924377441406
"21010",124.524231226927,-13.3733866149076,0.745575368404388
"21011",124.606547590026,-13.3733866149076,0.768754482269287
"21012",124.688863953125,-13.3733866149076,0.790690422058105
"21013",124.771180316225,-13.3733866149076,0.811631083488464
"21014",124.853496679324,-13.3733866149076,0.831644415855408
"21015",124.935813042423,-13.3733866149076,0.85094290971756
"21016",125.018129405522,-13.3733866149076,0.869487404823303
"21017",125.100445768622,-13.3733866149076,0.887414574623108
"21018",125.182762131721,-13.3733866149076,0.904766082763672
"21019",125.26507849482,-13.3733866149076,0.921604216098785
"21020",125.34739485792,-13.3733866149076,0.937977850437164
"21021",125.429711221019,-13.3733866149076,0.953934192657471
"21022",125.512027584118,-13.3733866149076,0.969488382339478
"21023",125.594343947217,-13.3733866149076,0.984667360782623
"21024",125.676660310317,-13.3733866149076,0.995505452156067
"21025",125.758976673416,-13.3733866149076,0.999364376068115
"21026",125.841293036515,-13.3733866149076,1
"21027",125.923609399615,-13.3733866149076,1
"21028",126.005925762714,-13.3733866149076,1
"21029",126.088242125813,-13.3733866149076,1
"21030",126.170558488912,-13.3733866149076,1
"21031",126.252874852012,-13.3733866149076,1
"21032",126.335191215111,-13.3733866149076,1
"21033",126.41750757821,-13.3733866149076,1
"21034",126.49982394131,-13.3733866149076,1
"21035",126.582140304409,-13.3733866149076,1
"21036",126.664456667508,-13.3733866149076,1
"21037",126.746773030607,-13.3733866149076,1
"21038",126.829089393707,-13.3733866149076,1
"21039",126.911405756806,-13.3733866149076,1
"21040",126.993722119905,-13.3733866149076,1
"21041",127.076038483004,-13.3733866149076,1
"21042",127.158354846104,-13.3733866149076,1
"21043",127.240671209203,-13.3733866149076,1
"21044",127.322987572302,-13.3733866149076,1
"21045",127.405303935402,-13.3733866149076,1
"21046",127.487620298501,-13.3733866149076,1
"21047",127.5699366616,-13.3733866149076,1
"21048",127.652253024699,-13.3733866149076,1
"21049",127.734569387799,-13.3733866149076,1
"21050",127.816885750898,-13.3733866149076,1
"21051",127.899202113997,-13.3733866149076,1
"21052",127.981518477097,-13.3733866149076,1
"21053",128.063834840196,-13.3733866149076,1
"21054",128.146151203295,-13.3733866149076,1
"21055",128.228467566394,-13.3733866149076,1
"21056",128.310783929494,-13.3733866149076,1
"21057",128.393100292593,-13.3733866149076,1
"21058",128.475416655692,-13.3733866149076,1
"21059",128.557733018792,-13.3733866149076,1
"21060",128.640049381891,-13.3733866149076,1
"21061",128.72236574499,-13.3733866149076,1
"21062",128.804682108089,-13.3733866149076,1
"21063",128.886998471189,-13.3733866149076,1
"21064",128.969314834288,-13.3733866149076,1
"21065",129.051631197387,-13.3733866149076,1
"21066",129.133947560487,-13.3733866149076,1
"21067",129.216263923586,-13.3733866149076,1
"21068",129.298580286685,-13.3733866149076,1
"21069",129.380896649784,-13.3733866149076,1
"21070",129.463213012884,-13.3733866149076,1
"21071",129.545529375983,-13.3733866149076,1
"21072",129.627845739082,-13.3733866149076,1
"21073",129.710162102182,-13.3733866149076,1
"21074",129.792478465281,-13.3733866149076,1
"21075",129.87479482838,-13.3733866149076,1
"21076",129.957111191479,-13.3733866149076,1
"21077",130.039427554579,-13.3733866149076,1
"21078",130.121743917678,-13.3733866149076,1
"21079",130.204060280777,-13.3733866149076,1
"21080",130.286376643877,-13.3733866149076,1
"21262",121.80779124465,-13.4557029780069,0.19001042842865
"21263",121.89010760775,-13.4557029780069,0.192063450813293
"21264",121.972423970849,-13.4557029780069,0.19451268017292
"21265",122.054740333948,-13.4557029780069,0.197402775287628
"21266",122.137056697047,-13.4557029780069,0.200716331601143
"21267",122.219373060147,-13.4557029780069,0.204570442438126
"21268",122.301689423246,-13.4557029780069,0.208856150507927
"21269",122.384005786345,-13.4557029780069,0.213665589690208
"21270",122.466322149445,-13.4557029780069,0.219050779938698
"21271",122.548638512544,-13.4557029780069,0.225043594837189
"21272",122.630954875643,-13.4557029780069,0.231727868318558
"21273",122.713271238742,-13.4557029780069,0.239144653081894
"21274",122.795587601842,-13.4557029780069,0.247383907437325
"21275",122.877903964941,-13.4557029780069,0.25663223862648
"21276",122.96022032804,-13.4557029780069,0.266989707946777
"21277",123.04253669114,-13.4557029780069,0.278665959835052
"21278",123.124853054239,-13.4557029780069,0.291802436113358
"21279",123.207169417338,-13.4557029780069,0.306525111198425
"21280",123.289485780437,-13.4557029780069,0.323139220476151
"21281",123.371802143537,-13.4557029780069,0.341873526573181
"21282",123.454118506636,-13.4557029780069,0.362921833992004
"21283",123.536434869735,-13.4557029780069,0.386309415102005
"21284",123.618751232835,-13.4557029780069,0.41229721903801
"21285",123.701067595934,-13.4557029780069,0.440911620855331
"21286",123.783383959033,-13.4557029780069,0.472381860017776
"21287",123.865700322132,-13.4557029780069,0.50679475069046
"21288",123.948016685232,-13.4557029780069,0.544682800769806
"21289",124.030333048331,-13.4557029780069,0.588071763515472
"21290",124.11264941143,-13.4557029780069,0.631518006324768
"21291",124.19496577453,-13.4557029780069,0.666921436786652
"21292",124.277282137629,-13.4557029780069,0.697728216648102
"21293",124.359598500728,-13.4557029780069,0.72543203830719
"21294",124.441914863827,-13.4557029780069,0.750902116298676
"21295",124.524231226927,-13.4557029780069,0.774491548538208
"21296",124.606547590026,-13.4557029780069,0.796700716018677
"21297",124.688863953125,-13.4557029780069,0.817798018455505
"21298",124.771180316225,-13.4557029780069,0.837912380695343
"21299",124.853496679324,-13.4557029780069,0.85715913772583
"21300",124.935813042423,-13.4557029780069,0.875693678855896
"21301",125.018129405522,-13.4557029780069,0.893540501594543
"21302",125.100445768622,-13.4557029780069,0.910801231861115
"21303",125.182762131721,-13.4557029780069,0.927533149719238
"21304",125.26507849482,-13.4557029780069,0.943770408630371
"21305",125.34739485792,-13.4557029780069,0.959590971469879
"21306",125.429711221019,-13.4557029780069,0.975011646747589
"21307",125.512027584118,-13.4557029780069,0.989531338214874
"21308",125.594343947217,-13.4557029780069,0.998179316520691
"21309",125.676660310317,-13.4557029780069,0.999804437160492
"21310",125.758976673416,-13.4557029780069,1
"21311",125.841293036515,-13.4557029780069,1
"21312",125.923609399615,-13.4557029780069,1
"21313",126.005925762714,-13.4557029780069,1
"21314",126.088242125813,-13.4557029780069,1
"21315",126.170558488912,-13.4557029780069,1
"21316",126.252874852012,-13.4557029780069,1
"21317",126.335191215111,-13.4557029780069,1
"21318",126.41750757821,-13.4557029780069,1
"21319",126.49982394131,-13.4557029780069,1
"21320",126.582140304409,-13.4557029780069,1
"21321",126.664456667508,-13.4557029780069,1
"21322",126.746773030607,-13.4557029780069,1
"21323",126.829089393707,-13.4557029780069,1
"21324",126.911405756806,-13.4557029780069,1
"21325",126.993722119905,-13.4557029780069,1
"21326",127.076038483004,-13.4557029780069,1
"21327",127.158354846104,-13.4557029780069,1
"21328",127.240671209203,-13.4557029780069,1
"21329",127.322987572302,-13.4557029780069,1
"21330",127.405303935402,-13.4557029780069,1
"21331",127.487620298501,-13.4557029780069,1
"21332",127.5699366616,-13.4557029780069,1
"21333",127.652253024699,-13.4557029780069,1
"21334",127.734569387799,-13.4557029780069,1
"21335",127.816885750898,-13.4557029780069,1
"21336",127.899202113997,-13.4557029780069,1
"21337",127.981518477097,-13.4557029780069,1
"21338",128.063834840196,-13.4557029780069,1
"21339",128.146151203295,-13.4557029780069,1
"21340",128.228467566394,-13.4557029780069,1
"21341",128.310783929494,-13.4557029780069,1
"21342",128.393100292593,-13.4557029780069,1
"21343",128.475416655692,-13.4557029780069,1
"21344",128.557733018792,-13.4557029780069,1
"21345",128.640049381891,-13.4557029780069,1
"21346",128.72236574499,-13.4557029780069,1
"21347",128.804682108089,-13.4557029780069,1
"21348",128.886998471189,-13.4557029780069,1
"21349",128.969314834288,-13.4557029780069,1
"21350",129.051631197387,-13.4557029780069,1
"21351",129.133947560487,-13.4557029780069,1
"21352",129.216263923586,-13.4557029780069,1
"21353",129.298580286685,-13.4557029780069,1
"21354",129.380896649784,-13.4557029780069,1
"21355",129.463213012884,-13.4557029780069,1
"21356",129.545529375983,-13.4557029780069,1
"21357",129.627845739082,-13.4557029780069,1
"21358",129.710162102182,-13.4557029780069,1
"21359",129.792478465281,-13.4557029780069,1
"21360",129.87479482838,-13.4557029780069,1
"21361",129.957111191479,-13.4557029780069,1
"21362",130.039427554579,-13.4557029780069,1
"21363",130.121743917678,-13.4557029780069,1
"21364",130.204060280777,-13.4557029780069,1
"21365",130.286376643877,-13.4557029780069,1
"21366",130.368693006976,-13.4557029780069,1
"21547",121.80779124465,-13.5380193411062,0.202923282980919
"21548",121.89010760775,-13.5380193411062,0.205191865563393
"21549",121.972423970849,-13.5380193411062,0.20793505012989
"21550",122.054740333948,-13.5380193411062,0.211184665560722
"21551",122.137056697047,-13.5380193411062,0.214933276176453
"21552",122.219373060147,-13.5380193411062,0.219196751713753
"21553",122.301689423246,-13.5380193411062,0.224013581871986
"21554",122.384005786345,-13.5380193411062,0.229451060295105
"21555",122.466322149445,-13.5380193411062,0.235493451356888
"21556",122.548638512544,-13.5380193411062,0.242235794663429
"21557",122.630954875643,-13.5380193411062,0.249732747673988
"21558",122.713271238742,-13.5380193411062,0.257994204759598
"21559",122.795587601842,-13.5380193411062,0.267183154821396
"21560",122.877903964941,-13.5380193411062,0.27745646238327
"21561",122.96022032804,-13.5380193411062,0.288850694894791
"21562",123.04253669114,-13.5380193411062,0.301594525575638
"21563",123.124853054239,-13.5380193411062,0.315912246704102
"21564",123.207169417338,-13.5380193411062,0.331804364919662
"21565",123.289485780437,-13.5380193411062,0.349578887224197
"21566",123.371802143537,-13.5380193411062,0.369398593902588
"21567",123.454118506636,-13.5380193411062,0.391381084918976
"21568",123.536434869735,-13.5380193411062,0.415708303451538
"21569",123.618751232835,-13.5380193411062,0.44243386387825
"21570",123.701067595934,-13.5380193411062,0.471772760152817
"21571",123.783383959033,-13.5380193411062,0.503845751285553
"21572",123.865700322132,-13.5380193411062,0.538828909397125
"21573",123.948016685232,-13.5380193411062,0.577284932136536
"21574",124.030333048331,-13.5380193411062,0.619654953479767
"21575",124.11264941143,-13.5380193411062,0.660904407501221
"21576",124.19496577453,-13.5380193411062,0.695612251758575
"21577",124.277282137629,-13.5380193411062,0.725872993469238
"21578",124.359598500728,-13.5380193411062,0.753077387809753
"21579",124.441914863827,-13.5380193411062,0.777941524982452
"21580",124.524231226927,-13.5380193411062,0.80088484287262
"21581",124.606547590026,-13.5380193411062,0.822480022907257
"21582",124.688863953125,-13.5380193411062,0.842926144599915
"21583",124.771180316225,-13.5380193411062,0.862373828887939
"21584",124.853496679324,-13.5380193411062,0.881027281284332
"21585",124.935813042423,-13.5380193411062,0.898971796035767
"21586",125.018129405522,-13.5380193411062,0.916223704814911
"21587",125.100445768622,-13.5380193411062,0.932942628860474
"21588",125.182762131721,-13.5380193411062,0.94918155670166
"21589",125.26507849482,-13.5380193411062,0.964921176433563
"21590",125.34739485792,-13.5380193411062,0.980071723461151
"21591",125.429711221019,-13.5380193411062,0.993689656257629
"21592",125.512027584118,-13.5380193411062,0.99953705072403
"21593",125.594343947217,-13.5380193411062,1
"21594",125.676660310317,-13.5380193411062,1
"21595",125.758976673416,-13.5380193411062,1
"21596",125.841293036515,-13.5380193411062,1
"21597",125.923609399615,-13.5380193411062,1
"21598",126.005925762714,-13.5380193411062,1
"21599",126.088242125813,-13.5380193411062,1
"21600",126.170558488912,-13.5380193411062,1
"21601",126.252874852012,-13.5380193411062,1
"21602",126.335191215111,-13.5380193411062,1
"21603",126.41750757821,-13.5380193411062,1
"21604",126.49982394131,-13.5380193411062,1
"21605",126.582140304409,-13.5380193411062,1
"21606",126.664456667508,-13.5380193411062,1
"21607",126.746773030607,-13.5380193411062,1
"21608",126.829089393707,-13.5380193411062,1
"21609",126.911405756806,-13.5380193411062,1
"21610",126.993722119905,-13.5380193411062,1
"21611",127.076038483004,-13.5380193411062,1
"21612",127.158354846104,-13.5380193411062,1
"21613",127.240671209203,-13.5380193411062,1
"21614",127.322987572302,-13.5380193411062,1
"21615",127.405303935402,-13.5380193411062,1
"21616",127.487620298501,-13.5380193411062,1
"21617",127.5699366616,-13.5380193411062,1
"21618",127.652253024699,-13.5380193411062,1
"21619",127.734569387799,-13.5380193411062,1
"21620",127.816885750898,-13.5380193411062,1
"21621",127.899202113997,-13.5380193411062,1
"21622",127.981518477097,-13.5380193411062,1
"21623",128.063834840196,-13.5380193411062,1
"21624",128.146151203295,-13.5380193411062,1
"21625",128.228467566394,-13.5380193411062,1
"21626",128.310783929494,-13.5380193411062,1
"21627",128.393100292593,-13.5380193411062,1
"21628",128.475416655692,-13.5380193411062,1
"21629",128.557733018792,-13.5380193411062,1
"21630",128.640049381891,-13.5380193411062,1
"21631",128.72236574499,-13.5380193411062,1
"21632",128.804682108089,-13.5380193411062,1
"21633",128.886998471189,-13.5380193411062,1
"21634",128.969314834288,-13.5380193411062,1
"21635",129.051631197387,-13.5380193411062,1
"21636",129.133947560487,-13.5380193411062,1
"21637",129.216263923586,-13.5380193411062,1
"21638",129.298580286685,-13.5380193411062,1
"21639",129.380896649784,-13.5380193411062,1
"21640",129.463213012884,-13.5380193411062,1
"21641",129.545529375983,-13.5380193411062,1
"21642",129.627845739082,-13.5380193411062,1
"21643",129.710162102182,-13.5380193411062,1
"21644",129.792478465281,-13.5380193411062,1
"21645",129.87479482838,-13.5380193411062,1
"21646",129.957111191479,-13.5380193411062,1
"21647",130.039427554579,-13.5380193411062,1
"21648",130.121743917678,-13.5380193411062,1
"21649",130.204060280777,-13.5380193411062,1
"21832",121.80779124465,-13.6203357042055,0.216429159045219
"21833",121.89010760775,-13.6203357042055,0.218953654170036
"21834",121.972423970849,-13.6203357042055,0.222005560994148
"21835",122.054740333948,-13.6203357042055,0.225651413202286
"21836",122.137056697047,-13.6203357042055,0.229830801486969
"21837",122.219373060147,-13.6203357042055,0.234585821628571
"21838",122.301689423246,-13.6203357042055,0.239939570426941
"21839",122.384005786345,-13.6203357042055,0.24595819413662
"21840",122.466322149445,-13.6203357042055,0.25265184044838
"21841",122.548638512544,-13.6203357042055,0.260098397731781
"21842",122.630954875643,-13.6203357042055,0.268378913402557
"21843",122.713271238742,-13.6203357042055,0.277460813522339
"21844",122.795587601842,-13.6203357042055,0.287558615207672
"21845",122.877903964941,-13.6203357042055,0.298774540424347
"21846",122.96022032804,-13.6203357042055,0.311154663562775
"21847",123.04253669114,-13.6203357042055,0.32492133975029
"21848",123.124853054239,-13.6203357042055,0.340208023786545
"21849",123.207169417338,-13.6203357042055,0.3571497797966
"21850",123.289485780437,-13.6203357042055,0.375914812088013
"21851",123.371802143537,-13.6203357042055,0.396680325269699
"21852",123.454118506636,-13.6203357042055,0.419533967971802
"21853",123.536434869735,-13.6203357042055,0.444676965475082
"21854",123.618751232835,-13.6203357042055,0.472149312496185
"21855",123.701067595934,-13.6203357042055,0.502066075801849
"21856",123.783383959033,-13.6203357042055,0.534534215927124
"21857",123.865700322132,-13.6203357042055,0.569803833961487
"21858",123.948016685232,-13.6203357042055,0.607731878757477
"21859",124.030333048331,-13.6203357042055,0.647463321685791
"21860",124.11264941143,-13.6203357042055,0.685746848583221
"21861",124.19496577453,-13.6203357042055,0.719917476177216
"21862",124.277282137629,-13.6203357042055,0.750116765499115
"21863",124.359598500728,-13.6203357042055,0.777182281017303
"21864",124.441914863827,-13.6203357042055,0.801883220672607
"21865",124.524231226927,-13.6203357042055,0.824609816074371
"21866",124.606547590026,-13.6203357042055,0.845842659473419
"21867",124.688863953125,-13.6203357042055,0.86588716506958
"21868",124.771180316225,-13.6203357042055,0.884907305240631
"21869",124.853496679324,-13.6203357042055,0.903159320354462
"21870",124.935813042423,-13.6203357042055,0.92064380645752
"21871",125.018129405522,-13.6203357042055,0.937465727329254
"21872",125.100445768622,-13.6203357042055,0.95375657081604
"21873",125.182762131721,-13.6203357042055,0.969527244567871
"21874",125.26507849482,-13.6203357042055,0.984243094921112
"21875",125.34739485792,-13.6203357042055,0.996228814125061
"21876",125.429711221019,-13.6203357042055,1
"21877",125.512027584118,-13.6203357042055,1
"21878",125.594343947217,-13.6203357042055,1
"21879",125.676660310317,-13.6203357042055,1
"21880",125.758976673416,-13.6203357042055,1
"21881",125.841293036515,-13.6203357042055,1
"21882",125.923609399615,-13.6203357042055,1
"21883",126.005925762714,-13.6203357042055,1
"21884",126.088242125813,-13.6203357042055,1
"21885",126.170558488912,-13.6203357042055,1
"21886",126.252874852012,-13.6203357042055,1
"21887",126.335191215111,-13.6203357042055,1
"21888",126.41750757821,-13.6203357042055,1
"21889",126.49982394131,-13.6203357042055,1
"21890",126.582140304409,-13.6203357042055,1
"21891",126.664456667508,-13.6203357042055,1
"21892",126.746773030607,-13.6203357042055,1
"21893",126.829089393707,-13.6203357042055,1
"21894",126.911405756806,-13.6203357042055,1
"21895",126.993722119905,-13.6203357042055,1
"21896",127.076038483004,-13.6203357042055,1
"21897",127.158354846104,-13.6203357042055,1
"21898",127.240671209203,-13.6203357042055,1
"21899",127.322987572302,-13.6203357042055,1
"21900",127.405303935402,-13.6203357042055,1
"21901",127.487620298501,-13.6203357042055,1
"21902",127.5699366616,-13.6203357042055,1
"21903",127.652253024699,-13.6203357042055,1
"21904",127.734569387799,-13.6203357042055,1
"21905",127.816885750898,-13.6203357042055,1
"21906",127.899202113997,-13.6203357042055,1
"21907",127.981518477097,-13.6203357042055,1
"21908",128.063834840196,-13.6203357042055,1
"21909",128.146151203295,-13.6203357042055,1
"21910",128.228467566394,-13.6203357042055,1
"21911",128.310783929494,-13.6203357042055,1
"21912",128.393100292593,-13.6203357042055,1
"21913",128.475416655692,-13.6203357042055,1
"21914",128.557733018792,-13.6203357042055,1
"21915",128.640049381891,-13.6203357042055,1
"21916",128.72236574499,-13.6203357042055,1
"21917",128.804682108089,-13.6203357042055,1
"21918",128.886998471189,-13.6203357042055,1
"21919",128.969314834288,-13.6203357042055,1
"21920",129.051631197387,-13.6203357042055,1
"21921",129.133947560487,-13.6203357042055,1
"21922",129.216263923586,-13.6203357042055,1
"21923",129.298580286685,-13.6203357042055,1
"21924",129.380896649784,-13.6203357042055,1
"21925",129.463213012884,-13.6203357042055,1
"21926",129.545529375983,-13.6203357042055,1
"21927",129.627845739082,-13.6203357042055,1
"21928",129.710162102182,-13.6203357042055,1
"21929",129.792478465281,-13.6203357042055,1
"21930",129.87479482838,-13.6203357042055,1
"21931",129.957111191479,-13.6203357042055,1
"21932",130.039427554579,-13.6203357042055,1
"22116",121.725474881551,-13.7026520673048,0.229792207479477
"22117",121.80779124465,-13.7026520673048,0.230566322803497
"22118",121.89010760775,-13.7026520673048,0.233370095491409
"22119",121.972423970849,-13.7026520673048,0.236762389540672
"22120",122.054740333948,-13.7026520673048,0.240759715437889
"22121",122.137056697047,-13.7026520673048,0.245357885956764
"22122",122.219373060147,-13.7026520673048,0.250615984201431
"22123",122.301689423246,-13.7026520673048,0.256528854370117
"22124",122.384005786345,-13.7026520673048,0.263143181800842
"22125",122.466322149445,-13.7026520673048,0.270448505878448
"22126",122.548638512544,-13.7026520673048,0.278577446937561
"22127",122.630954875643,-13.7026520673048,0.287569791078568
"22128",122.713271238742,-13.7026520673048,0.29742419719696
"22129",122.795587601842,-13.7026520673048,0.308383077383041
"22130",122.877903964941,-13.7026520673048,0.320426911115646
"22131",122.96022032804,-13.7026520673048,0.333701997995377
"22132",123.04253669114,-13.7026520673048,0.348383784294128
"22133",123.124853054239,-13.7026520673048,0.364591151475906
"22134",123.207169417338,-13.7026520673048,0.382415235042572
"22135",123.289485780437,-13.7026520673048,0.402065843343735
"22136",123.371802143537,-13.7026520673048,0.423654794692993
"22137",123.454118506636,-13.7026520673048,0.447248548269272
"22138",123.536434869735,-13.7026520673048,0.472931176424026
"22139",123.618751232835,-13.7026520673048,0.50083589553833
"22140",123.701067595934,-13.7026520673048,0.531022548675537
"22141",123.783383959033,-13.7026520673048,0.563549697399139
"22142",123.865700322132,-13.7026520673048,0.598327219486237
"22143",123.948016685232,-13.7026520673048,0.634871184825897
"22144",124.030333048331,-13.7026520673048,0.67212188243866
"22145",124.11264941143,-13.7026520673048,0.708119630813599
"22146",124.19496577453,-13.7026520673048,0.741239011287689
"22147",124.277282137629,-13.7026520673048,0.771174848079681
"22148",124.359598500728,-13.7026520673048,0.798283576965332
"22149",124.441914863827,-13.7026520673048,0.823021054267883
"22150",124.524231226927,-13.7026520673048,0.845723867416382
"22151",124.606547590026,-13.7026520673048,0.866836071014404
"22152",124.688863953125,-13.7026520673048,0.886675179004669
"22153",124.771180316225,-13.7026520673048,0.905500888824463
"22154",124.853496679324,-13.7026520673048,0.923455536365509
"22155",124.935813042423,-13.7026520673048,0.940627098083496
"22156",125.018129405522,-13.7026520673048,0.957134902477264
"22157",125.100445768622,-13.7026520673048,0.973105370998383
"22158",125.182762131721,-13.7026520673048,0.987448453903198
"22159",125.26507849482,-13.7026520673048,0.997442364692688
"22160",125.34739485792,-13.7026520673048,1
"22161",125.429711221019,-13.7026520673048,1
"22162",125.512027584118,-13.7026520673048,1
"22163",125.594343947217,-13.7026520673048,1
"22164",125.676660310317,-13.7026520673048,1
"22165",125.758976673416,-13.7026520673048,1
"22166",125.841293036515,-13.7026520673048,1
"22167",125.923609399615,-13.7026520673048,1
"22168",126.005925762714,-13.7026520673048,1
"22169",126.088242125813,-13.7026520673048,1
"22170",126.170558488912,-13.7026520673048,1
"22171",126.252874852012,-13.7026520673048,1
"22172",126.335191215111,-13.7026520673048,1
"22173",126.41750757821,-13.7026520673048,1
"22174",126.49982394131,-13.7026520673048,1
"22175",126.582140304409,-13.7026520673048,1
"22176",126.664456667508,-13.7026520673048,1
"22177",126.746773030607,-13.7026520673048,1
"22178",126.829089393707,-13.7026520673048,1
"22179",126.911405756806,-13.7026520673048,1
"22180",126.993722119905,-13.7026520673048,1
"22181",127.076038483004,-13.7026520673048,1
"22182",127.158354846104,-13.7026520673048,1
"22183",127.240671209203,-13.7026520673048,1
"22184",127.322987572302,-13.7026520673048,1
"22185",127.405303935402,-13.7026520673048,1
"22186",127.487620298501,-13.7026520673048,1
"22187",127.5699366616,-13.7026520673048,1
"22188",127.652253024699,-13.7026520673048,1
"22189",127.734569387799,-13.7026520673048,1
"22190",127.816885750898,-13.7026520673048,1
"22191",127.899202113997,-13.7026520673048,1
"22192",127.981518477097,-13.7026520673048,1
"22193",128.063834840196,-13.7026520673048,1
"22194",128.146151203295,-13.7026520673048,1
"22195",128.228467566394,-13.7026520673048,1
"22196",128.310783929494,-13.7026520673048,1
"22197",128.393100292593,-13.7026520673048,1
"22198",128.475416655692,-13.7026520673048,1
"22199",128.557733018792,-13.7026520673048,1
"22200",128.640049381891,-13.7026520673048,1
"22201",128.72236574499,-13.7026520673048,1
"22202",128.804682108089,-13.7026520673048,1
"22203",128.886998471189,-13.7026520673048,1
"22204",128.969314834288,-13.7026520673048,1
"22205",129.051631197387,-13.7026520673048,1
"22206",129.133947560487,-13.7026520673048,1
"22207",129.216263923586,-13.7026520673048,1
"22208",129.298580286685,-13.7026520673048,1
"22209",129.380896649784,-13.7026520673048,1
"22210",129.463213012884,-13.7026520673048,1
"22211",129.545529375983,-13.7026520673048,1
"22212",129.627845739082,-13.7026520673048,1
"22213",129.710162102182,-13.7026520673048,1
"22214",129.792478465281,-13.7026520673048,1
"22215",129.87479482838,-13.7026520673048,1
"22400",121.643158518452,-13.7849684304041,0.243293583393097
"22401",121.725474881551,-13.7849684304041,0.243860021233559
"22402",121.80779124465,-13.7849684304041,0.245361670851707
"22403",121.89010760775,-13.7849684304041,0.248412802815437
"22404",121.972423970849,-13.7849684304041,0.252176731824875
"22405",122.054740333948,-13.7849684304041,0.256508111953735
"22406",122.137056697047,-13.7849684304041,0.261550009250641
"22407",122.219373060147,-13.7849684304041,0.267314702272415
"22408",122.301689423246,-13.7849684304041,0.273716062307358
"22409",122.384005786345,-13.7849684304041,0.280834972858429
"22410",122.466322149445,-13.7849684304041,0.288787990808487
"22411",122.548638512544,-13.7849684304041,0.297513395547867
"22412",122.630954875643,-13.7849684304041,0.307255625724792
"22413",122.713271238742,-13.7849684304041,0.317787379026413
"22414",122.795587601842,-13.7849684304041,0.329534709453583
"22415",122.877903964941,-13.7849684304041,0.3422891497612
"22416",122.96022032804,-13.7849684304041,0.356377720832825
"22417",123.04253669114,-13.7849684304041,0.371900051832199
"22418",123.124853054239,-13.7849684304041,0.388868421316147
"22419",123.207169417338,-13.7849684304041,0.407446801662445
"22420",123.289485780437,-13.7849684304041,0.427811443805695
"22421",123.371802143537,-13.7849684304041,0.45004603266716
"22422",123.454118506636,-13.7849684304041,0.474100977182388
"22423",123.536434869735,-13.7849684304041,0.500144958496094
"22424",123.618751232835,-13.7849684304041,0.528243124485016
"22425",123.701067595934,-13.7849684304041,0.558386445045471
"22426",123.783383959033,-13.7849684304041,0.590476930141449
"22427",123.865700322132,-13.7849684304041,0.624297618865967
"22428",123.948016685232,-13.7849684304041,0.659266650676727
"22429",124.030333048331,-13.7849684304041,0.6944580078125
"22430",124.11264941143,-13.7849684304041,0.728563129901886
"22431",124.19496577453,-13.7849684304041,0.760575652122498
"22432",124.277282137629,-13.7849684304041,0.790025949478149
"22433",124.359598500728,-13.7849684304041,0.816971719264984
"22434",124.441914863827,-13.7849684304041,0.841714024543762
"22435",124.524231226927,-13.7849684304041,0.864416658878326
"22436",124.606547590026,-13.7849684304041,0.885565578937531
"22437",124.688863953125,-13.7849684304041,0.905418932437897
"22438",124.771180316225,-13.7849684304041,0.924162745475769
"22439",124.853496679324,-13.7849684304041,0.94194495677948
"22440",124.935813042423,-13.7849684304041,0.958969116210938
"22441",125.018129405522,-13.7849684304041,0.975292384624481
"22442",125.100445768622,-13.7849684304041,0.989642381668091
"22443",125.182762131721,-13.7849684304041,0.998231887817383
"22444",125.26507849482,-13.7849684304041,1
"22445",125.34739485792,-13.7849684304041,1
"22446",125.429711221019,-13.7849684304041,1
"22447",125.512027584118,-13.7849684304041,1
"22448",125.594343947217,-13.7849684304041,1
"22449",125.676660310317,-13.7849684304041,1
"22450",125.758976673416,-13.7849684304041,1
"22451",125.841293036515,-13.7849684304041,1
"22452",125.923609399615,-13.7849684304041,1
"22453",126.005925762714,-13.7849684304041,1
"22454",126.088242125813,-13.7849684304041,1
"22455",126.170558488912,-13.7849684304041,1
"22456",126.252874852012,-13.7849684304041,1
"22457",126.335191215111,-13.7849684304041,1
"22458",126.41750757821,-13.7849684304041,1
"22459",126.49982394131,-13.7849684304041,1
"22460",126.582140304409,-13.7849684304041,1
"22461",126.664456667508,-13.7849684304041,1
"22462",126.746773030607,-13.7849684304041,1
"22463",126.829089393707,-13.7849684304041,1
"22464",126.911405756806,-13.7849684304041,1
"22465",126.993722119905,-13.7849684304041,1
"22466",127.076038483004,-13.7849684304041,1
"22467",127.158354846104,-13.7849684304041,1
"22468",127.240671209203,-13.7849684304041,1
"22469",127.322987572302,-13.7849684304041,1
"22470",127.405303935402,-13.7849684304041,1
"22471",127.487620298501,-13.7849684304041,1
"22472",127.5699366616,-13.7849684304041,1
"22473",127.652253024699,-13.7849684304041,1
"22474",127.734569387799,-13.7849684304041,1
"22475",127.816885750898,-13.7849684304041,1
"22476",127.899202113997,-13.7849684304041,1
"22477",127.981518477097,-13.7849684304041,1
"22478",128.063834840196,-13.7849684304041,1
"22479",128.146151203295,-13.7849684304041,1
"22480",128.228467566394,-13.7849684304041,1
"22481",128.310783929494,-13.7849684304041,1
"22482",128.393100292593,-13.7849684304041,1
"22483",128.475416655692,-13.7849684304041,1
"22484",128.557733018792,-13.7849684304041,1
"22485",128.640049381891,-13.7849684304041,1
"22486",128.72236574499,-13.7849684304041,1
"22487",128.804682108089,-13.7849684304041,1
"22488",128.886998471189,-13.7849684304041,1
"22489",128.969314834288,-13.7849684304041,1
"22490",129.051631197387,-13.7849684304041,1
"22491",129.133947560487,-13.7849684304041,1
"22492",129.216263923586,-13.7849684304041,1
"22493",129.298580286685,-13.7849684304041,1
"22494",129.380896649784,-13.7849684304041,1
"22495",129.463213012884,-13.7849684304041,1
"22496",129.545529375983,-13.7849684304041,1
"22497",129.627845739082,-13.7849684304041,1
"22498",129.710162102182,-13.7849684304041,1
"22499",129.792478465281,-13.7849684304041,1
"22500",129.87479482838,-13.7849684304041,1
"22686",121.725474881551,-13.8672847935033,0.25799235701561
"22687",121.80779124465,-13.8672847935033,0.260694056749344
"22688",121.89010760775,-13.8672847935033,0.26404932141304
"22689",121.972423970849,-13.8672847935033,0.268128126859665
"22690",122.054740333948,-13.8672847935033,0.272879153490067
"22691",122.137056697047,-13.8672847935033,0.27834153175354
"22692",122.219373060147,-13.8672847935033,0.28454378247261
"22693",122.301689423246,-13.8672847935033,0.291392832994461
"22694",122.384005786345,-13.8672847935033,0.299087226390839
"22695",122.466322149445,-13.8672847935033,0.307593375444412
"22696",122.548638512544,-13.8672847935033,0.317023754119873
"22697",122.630954875643,-13.8672847935033,0.327186852693558
"22698",122.713271238742,-13.8672847935033,0.338456928730011
"22699",122.795587601842,-13.8672847935033,0.350808650255203
"22700",122.877903964941,-13.8672847935033,0.364324986934662
"22701",122.96022032804,-13.8672847935033,0.379097670316696
"22702",123.04253669114,-13.8672847935033,0.395260155200958
"22703",123.124853054239,-13.8672847935033,0.412835597991943
"22704",123.207169417338,-13.8672847935033,0.432029843330383
"22705",123.289485780437,-13.8672847935033,0.452870607376099
"22706",123.371802143537,-13.8672847935033,0.475467592477798
"22707",123.454118506636,-13.8672847935033,0.499859064817429
"22708",123.536434869735,-13.8672847935033,0.52601033449173
"22709",123.618751232835,-13.8672847935033,0.554058909416199
"22710",123.701067595934,-13.8672847935033,0.583878695964813
"22711",123.783383959033,-13.8672847935033,0.615285456180573
"22712",123.865700322132,-13.8672847935033,0.648003220558167
"22713",123.948016685232,-13.8672847935033,0.681435585021973
"22714",124.030333048331,-13.8672847935033,0.714881420135498
"22715",124.11264941143,-13.8672847935033,0.747406363487244
"22716",124.19496577453,-13.8672847935033,0.77828723192215
"22717",124.277282137629,-13.8672847935033,0.807101488113403
"22718",124.359598500728,-13.8672847935033,0.833750247955322
"22719",124.441914863827,-13.8672847935033,0.858420670032501
"22720",124.524231226927,-13.8672847935033,0.881222248077393
"22721",124.606547590026,-13.8672847935033,0.902422428131104
"22722",124.688863953125,-13.8672847935033,0.922252953052521
"22723",124.771180316225,-13.8672847935033,0.941017627716064
"22724",124.853496679324,-13.8672847935033,0.958761632442474
"22725",124.935813042423,-13.8672847935033,0.975694954395294
"22726",125.018129405522,-13.8672847935033,0.990790188312531
"22727",125.100445768622,-13.8672847935033,0.99869292974472
"22728",125.182762131721,-13.8672847935033,1
"22729",125.26507849482,-13.8672847935033,1
"22730",125.34739485792,-13.8672847935033,1
"22731",125.429711221019,-13.8672847935033,1
"22732",125.512027584118,-13.8672847935033,1
"22733",125.594343947217,-13.8672847935033,1
"22734",125.676660310317,-13.8672847935033,1
"22735",125.758976673416,-13.8672847935033,1
"22736",125.841293036515,-13.8672847935033,1
"22737",125.923609399615,-13.8672847935033,1
"22738",126.005925762714,-13.8672847935033,1
"22739",126.088242125813,-13.8672847935033,1
"22740",126.170558488912,-13.8672847935033,1
"22741",126.252874852012,-13.8672847935033,1
"22742",126.335191215111,-13.8672847935033,1
"22743",126.41750757821,-13.8672847935033,1
"22744",126.49982394131,-13.8672847935033,1
"22745",126.582140304409,-13.8672847935033,1
"22746",126.664456667508,-13.8672847935033,1
"22747",126.746773030607,-13.8672847935033,1
"22748",126.829089393707,-13.8672847935033,1
"22749",126.911405756806,-13.8672847935033,1
"22750",126.993722119905,-13.8672847935033,1
"22751",127.076038483004,-13.8672847935033,1
"22752",127.158354846104,-13.8672847935033,1
"22753",127.240671209203,-13.8672847935033,1
"22754",127.322987572302,-13.8672847935033,1
"22755",127.405303935402,-13.8672847935033,1
"22756",127.487620298501,-13.8672847935033,1
"22757",127.5699366616,-13.8672847935033,1
"22758",127.652253024699,-13.8672847935033,1
"22759",127.734569387799,-13.8672847935033,1
"22760",127.816885750898,-13.8672847935033,1
"22761",127.899202113997,-13.8672847935033,1
"22762",127.981518477097,-13.8672847935033,1
"22763",128.063834840196,-13.8672847935033,1
"22764",128.146151203295,-13.8672847935033,1
"22765",128.228467566394,-13.8672847935033,1
"22766",128.310783929494,-13.8672847935033,1
"22767",128.393100292593,-13.8672847935033,1
"22768",128.475416655692,-13.8672847935033,1
"22769",128.557733018792,-13.8672847935033,1
"22770",128.640049381891,-13.8672847935033,1
"22771",128.72236574499,-13.8672847935033,1
"22772",128.804682108089,-13.8672847935033,1
"22773",128.886998471189,-13.8672847935033,1
"22774",128.969314834288,-13.8672847935033,1
"22775",129.051631197387,-13.8672847935033,1
"22776",129.133947560487,-13.8672847935033,1
"22777",129.216263923586,-13.8672847935033,1
"22778",129.298580286685,-13.8672847935033,1
"22779",129.380896649784,-13.8672847935033,1
"22780",129.463213012884,-13.8672847935033,1
"22781",129.545529375983,-13.8672847935033,1
"22782",129.627845739082,-13.8672847935033,1
"22783",129.710162102182,-13.8672847935033,1
"22784",129.792478465281,-13.8672847935033,1
"22971",121.725474881551,-13.9496011566026,0.274270594120026
"22972",121.80779124465,-13.9496011566026,0.276642054319382
"22973",121.89010760775,-13.9496011566026,0.280250430107117
"22974",121.972423970849,-13.9496011566026,0.284668058156967
"22975",122.054740333948,-13.9496011566026,0.28979954123497
"22976",122.137056697047,-13.9496011566026,0.295657962560654
"22977",122.219373060147,-13.9496011566026,0.302314430475235
"22978",122.301689423246,-13.9496011566026,0.309612482786179
"22979",122.384005786345,-13.9496011566026,0.317793399095535
"22980",122.466322149445,-13.9496011566026,0.326754033565521
"22981",122.548638512544,-13.9496011566026,0.3366938829422
"22982",122.630954875643,-13.9496011566026,0.347528487443924
"22983",122.713271238742,-13.9496011566026,0.35932582616806
"22984",122.795587601842,-13.9496011566026,0.37221547961235
"22985",122.877903964941,-13.9496011566026,0.386313945055008
"22986",122.96022032804,-13.9496011566026,0.401620864868164
"22987",123.04253669114,-13.9496011566026,0.418270379304886
"22988",123.124853054239,-13.9496011566026,0.43637228012085
"22989",123.207169417338,-13.9496011566026,0.455965220928192
"22990",123.289485780437,-13.9496011566026,0.47715836763382
"22991",123.371802143537,-13.9496011566026,0.49998539686203
"22992",123.454118506636,-13.9496011566026,0.524459064006805
"22993",123.536434869735,-13.9496011566026,0.550594210624695
"22994",123.618751232835,-13.9496011566026,0.578341782093048
"22995",123.701067595934,-13.9496011566026,0.60760909318924
"22996",123.783383959033,-13.9496011566026,0.638172924518585
"22997",123.865700322132,-13.9496011566026,0.669712424278259
"22998",123.948016685232,-13.9496011566026,0.701736390590668
"22999",124.030333048331,-13.9496011566026,0.7336665391922
"23000",124.11264941143,-13.9496011566026,0.764814615249634
"23001",124.19496577453,-13.9496011566026,0.79459810256958
"23002",124.277282137629,-13.9496011566026,0.822736084461212
"23003",124.359598500728,-13.9496011566026,0.849021077156067
"23004",124.441914863827,-13.9496011566026,0.873544216156006
"23005",124.524231226927,-13.9496011566026,0.896284461021423
"23006",124.606547590026,-13.9496011566026,0.917545020580292
"23007",124.688863953125,-13.9496011566026,0.937431395053864
"23008",124.771180316225,-13.9496011566026,0.956211030483246
"23009",124.853496679324,-13.9496011566026,0.974005281925201
"23010",124.935813042423,-13.9496011566026,0.990940511226654
"23011",125.018129405522,-13.9496011566026,0.998958587646484
"23012",125.100445768622,-13.9496011566026,1
"23013",125.182762131721,-13.9496011566026,1
"23014",125.26507849482,-13.9496011566026,1
"23015",125.34739485792,-13.9496011566026,1
"23016",125.429711221019,-13.9496011566026,1
"23017",125.512027584118,-13.9496011566026,1
"23018",125.594343947217,-13.9496011566026,1
"23019",125.676660310317,-13.9496011566026,1
"23020",125.758976673416,-13.9496011566026,1
"23021",125.841293036515,-13.9496011566026,1
"23022",125.923609399615,-13.9496011566026,1
"23023",126.005925762714,-13.9496011566026,1
"23024",126.088242125813,-13.9496011566026,1
"23025",126.170558488912,-13.9496011566026,1
"23026",126.252874852012,-13.9496011566026,1
"23027",126.335191215111,-13.9496011566026,1
"23028",126.41750757821,-13.9496011566026,1
"23029",126.49982394131,-13.9496011566026,1
"23030",126.582140304409,-13.9496011566026,1
"23031",126.664456667508,-13.9496011566026,1
"23032",126.746773030607,-13.9496011566026,1
"23033",126.829089393707,-13.9496011566026,1
"23034",126.911405756806,-13.9496011566026,1
"23036",127.076038483004,-13.9496011566026,1
"23037",127.158354846104,-13.9496011566026,1
"23038",127.240671209203,-13.9496011566026,1
"23039",127.322987572302,-13.9496011566026,1
"23040",127.405303935402,-13.9496011566026,1
"23041",127.487620298501,-13.9496011566026,1
"23042",127.5699366616,-13.9496011566026,1
"23043",127.652253024699,-13.9496011566026,1
"23044",127.734569387799,-13.9496011566026,1
"23045",127.816885750898,-13.9496011566026,1
"23046",127.899202113997,-13.9496011566026,1
"23047",127.981518477097,-13.9496011566026,1
"23048",128.063834840196,-13.9496011566026,1
"23049",128.146151203295,-13.9496011566026,1
"23050",128.228467566394,-13.9496011566026,1
"23051",128.310783929494,-13.9496011566026,1
"23052",128.393100292593,-13.9496011566026,1
"23053",128.475416655692,-13.9496011566026,1
"23054",128.557733018792,-13.9496011566026,1
"23055",128.640049381891,-13.9496011566026,1
"23056",128.72236574499,-13.9496011566026,1
"23057",128.804682108089,-13.9496011566026,1
"23058",128.886998471189,-13.9496011566026,1
"23059",128.969314834288,-13.9496011566026,1
"23060",129.051631197387,-13.9496011566026,1
"23061",129.133947560487,-13.9496011566026,1
"23062",129.216263923586,-13.9496011566026,1
"23063",129.298580286685,-13.9496011566026,1
"23064",129.380896649784,-13.9496011566026,1
"23065",129.463213012884,-13.9496011566026,1
"23066",129.545529375983,-13.9496011566026,1
"23067",129.627845739082,-13.9496011566026,1
"23068",129.710162102182,-13.9496011566026,1
"23069",129.792478465281,-13.9496011566026,1
"23255",121.643158518452,-14.0319175197019,0.289237856864929
"23256",121.725474881551,-14.0319175197019,0.290223926305771
"23257",121.80779124465,-14.0319175197019,0.293199270963669
"23258",121.89010760775,-14.0319175197019,0.297050774097443
"23259",121.972423970849,-14.0319175197019,0.301851481199265
"23260",122.054740333948,-14.0319175197019,0.307306438684464
"23261",122.137056697047,-14.0319175197019,0.313555270433426
"23262",122.219373060147,-14.0319175197019,0.320658147335052
"23263",122.301689423246,-14.0319175197019,0.328369051218033
"23264",122.384005786345,-14.0319175197019,0.336964070796967
"23265",122.466322149445,-14.0319175197019,0.346389293670654
"23266",122.548638512544,-14.0319175197019,0.356677502393723
"23267",122.630954875643,-14.0319175197019,0.368006139993668
"23268",122.713271238742,-14.0319175197019,0.380261331796646
"23269",122.795587601842,-14.0319175197019,0.393615275621414
"23270",122.877903964941,-14.0319175197019,0.40813672542572
"23271",122.96022032804,-14.0319175197019,0.423878014087677
"23272",123.04253669114,-14.0319175197019,0.440907597541809
"23273",123.124853054239,-14.0319175197019,0.459305137395859
"23274",123.207169417338,-14.0319175197019,0.479202210903168
"23275",123.289485780437,-14.0319175197019,0.500578045845032
"23276",123.371802143537,-14.0319175197019,0.523484766483307
"23277",123.454118506636,-14.0319175197019,0.547879993915558
"23278",123.536434869735,-14.0319175197019,0.573754131793976
"23279",123.618751232835,-14.0319175197019,0.60109555721283
"23280",123.701067595934,-14.0319175197019,0.629663228988647
"23281",123.783383959033,-14.0319175197019,0.659311532974243
"23282",123.865700322132,-14.0319175197019,0.689724445343018
"23283",123.948016685232,-14.0319175197019,0.720467269420624
"23284",124.030333048331,-14.0319175197019,0.751035988330841
"23285",124.11264941143,-14.0319175197019,0.780953288078308
"23286",124.19496577453,-14.0319175197019,0.809771597385406
"23287",124.277282137629,-14.0319175197019,0.837159872055054
"23288",124.359598500728,-14.0319175197019,0.863029181957245
"23289",124.441914863827,-14.0319175197019,0.887279748916626
"23290",124.524231226927,-14.0319175197019,0.909932851791382
"23291",124.606547590026,-14.0319175197019,0.931105613708496
"23292",124.688863953125,-14.0319175197019,0.951072633266449
"23293",124.771180316225,-14.0319175197019,0.969925105571747
"23294",124.853496679324,-14.0319175197019,0.987792789936066
"23295",124.935813042423,-14.0319175197019,0.998790860176086
"23296",125.018129405522,-14.0319175197019,0.999987304210663
"23297",125.100445768622,-14.0319175197019,1
"23298",125.182762131721,-14.0319175197019,1
"23299",125.26507849482,-14.0319175197019,1
"23300",125.34739485792,-14.0319175197019,1
"23301",125.429711221019,-14.0319175197019,1
"23302",125.512027584118,-14.0319175197019,1
"23303",125.594343947217,-14.0319175197019,1
"23304",125.676660310317,-14.0319175197019,1
"23305",125.758976673416,-14.0319175197019,1
"23306",125.841293036515,-14.0319175197019,1
"23307",125.923609399615,-14.0319175197019,1
"23308",126.005925762714,-14.0319175197019,1
"23309",126.088242125813,-14.0319175197019,1
"23310",126.170558488912,-14.0319175197019,1
"23311",126.252874852012,-14.0319175197019,1
"23312",126.335191215111,-14.0319175197019,1
"23313",126.41750757821,-14.0319175197019,1
"23314",126.49982394131,-14.0319175197019,1
"23315",126.582140304409,-14.0319175197019,1
"23316",126.664456667508,-14.0319175197019,1
"23317",126.746773030607,-14.0319175197019,1
"23318",126.829089393707,-14.0319175197019,1
"23325",127.405303935402,-14.0319175197019,1
"23326",127.487620298501,-14.0319175197019,1
"23327",127.5699366616,-14.0319175197019,1
"23328",127.652253024699,-14.0319175197019,1
"23329",127.734569387799,-14.0319175197019,1
"23330",127.816885750898,-14.0319175197019,1
"23331",127.899202113997,-14.0319175197019,1
"23332",127.981518477097,-14.0319175197019,1
"23333",128.063834840196,-14.0319175197019,1
"23334",128.146151203295,-14.0319175197019,1
"23335",128.228467566394,-14.0319175197019,1
"23336",128.310783929494,-14.0319175197019,1
"23337",128.393100292593,-14.0319175197019,1
"23338",128.475416655692,-14.0319175197019,1
"23339",128.557733018792,-14.0319175197019,1
"23340",128.640049381891,-14.0319175197019,1
"23341",128.72236574499,-14.0319175197019,1
"23342",128.804682108089,-14.0319175197019,1
"23343",128.886998471189,-14.0319175197019,1
"23344",128.969314834288,-14.0319175197019,1
"23345",129.051631197387,-14.0319175197019,1
"23346",129.133947560487,-14.0319175197019,1
"23347",129.216263923586,-14.0319175197019,1
"23348",129.298580286685,-14.0319175197019,1
"23349",129.380896649784,-14.0319175197019,1
"23350",129.463213012884,-14.0319175197019,1
"23351",129.545529375983,-14.0319175197019,1
"23352",129.627845739082,-14.0319175197019,1
"23353",129.710162102182,-14.0319175197019,1
"23540",121.643158518452,-14.1142338828012,0.304543823003769
"23541",121.725474881551,-14.1142338828012,0.307058811187744
"23542",121.80779124465,-14.1142338828012,0.310366064310074
"23543",121.89010760775,-14.1142338828012,0.314629465341568
"23544",121.972423970849,-14.1142338828012,0.319659829139709
"23545",122.054740333948,-14.1142338828012,0.325475096702576
"23546",122.137056697047,-14.1142338828012,0.332039028406143
"23547",122.219373060147,-14.1142338828012,0.339386254549026
"23548",122.301689423246,-14.1142338828012,0.347494184970856
"23549",122.384005786345,-14.1142338828012,0.356427669525146
"23550",122.466322149445,-14.1142338828012,0.366239666938782
"23551",122.548638512544,-14.1142338828012,0.376919716596603
"23552",122.630954875643,-14.1142338828012,0.388543993234634
"23553",122.713271238742,-14.1142338828012,0.401185750961304
"23554",122.795587601842,-14.1142338828012,0.414848774671555
"23555",122.877903964941,-14.1142338828012,0.429692924022675
"23556",122.96022032804,-14.1142338828012,0.445735573768616
"23557",123.04253669114,-14.1142338828012,0.463054805994034
"23558",123.124853054239,-14.1142338828012,0.481637895107269
"23559",123.207169417338,-14.1142338828012,0.501638352870941
"23560",123.289485780437,-14.1142338828012,0.523045361042023
"23561",123.371802143537,-14.1142338828012,0.545865654945374
"23562",123.454118506636,-14.1142338828012,0.570045948028564
"23563",123.536434869735,-14.1142338828012,0.595565140247345
"23564",123.618751232835,-14.1142338828012,0.622340977191925
"23565",123.701067595934,-14.1142338828012,0.650173842906952
"23566",123.783383959033,-14.1142338828012,0.678910672664642
"23567",123.865700322132,-14.1142338828012,0.708236336708069
"23568",123.948016685232,-14.1142338828012,0.737794578075409
"23569",124.030333048331,-14.1142338828012,0.767137944698334
"23570",124.11264941143,-14.1142338828012,0.795961737632751
"23571",124.19496577453,-14.1142338828012,0.823847472667694
"23572",124.277282137629,-14.1142338828012,0.850518405437469
"23573",124.359598500728,-14.1142338828012,0.875871777534485
"23574",124.441914863827,-14.1142338828012,0.899770081043243
"23575",124.524231226927,-14.1142338828012,0.922298967838287
"23576",124.606547590026,-14.1142338828012,0.943505883216858
"23577",124.688863953125,-14.1142338828012,0.96341860294342
"23578",124.771180316225,-14.1142338828012,0.982330679893494
"23579",124.853496679324,-14.1142338828012,0.997257173061371
"23580",124.935813042423,-14.1142338828012,0.999941766262054
"23581",125.018129405522,-14.1142338828012,1
"23582",125.100445768622,-14.1142338828012,1
"23583",125.182762131721,-14.1142338828012,1
"23584",125.26507849482,-14.1142338828012,1
"23585",125.34739485792,-14.1142338828012,1
"23586",125.429711221019,-14.1142338828012,1
"23587",125.512027584118,-14.1142338828012,1
"23588",125.594343947217,-14.1142338828012,1
"23589",125.676660310317,-14.1142338828012,1
"23590",125.758976673416,-14.1142338828012,1
"23591",125.841293036515,-14.1142338828012,1
"23592",125.923609399615,-14.1142338828012,1
"23593",126.005925762714,-14.1142338828012,1
"23594",126.088242125813,-14.1142338828012,1
"23595",126.170558488912,-14.1142338828012,1
"23596",126.252874852012,-14.1142338828012,1
"23597",126.335191215111,-14.1142338828012,1
"23598",126.41750757821,-14.1142338828012,1
"23599",126.49982394131,-14.1142338828012,1
"23600",126.582140304409,-14.1142338828012,1
"23601",126.664456667508,-14.1142338828012,1
"23602",126.746773030607,-14.1142338828012,1
"23611",127.487620298501,-14.1142338828012,1
"23612",127.5699366616,-14.1142338828012,1
"23613",127.652253024699,-14.1142338828012,1
"23614",127.734569387799,-14.1142338828012,1
"23615",127.816885750898,-14.1142338828012,1
"23616",127.899202113997,-14.1142338828012,1
"23617",127.981518477097,-14.1142338828012,1
"23618",128.063834840196,-14.1142338828012,1
"23619",128.146151203295,-14.1142338828012,1
"23620",128.228467566394,-14.1142338828012,1
"23621",128.310783929494,-14.1142338828012,1
"23622",128.393100292593,-14.1142338828012,1
"23623",128.475416655692,-14.1142338828012,1
"23624",128.557733018792,-14.1142338828012,1
"23625",128.640049381891,-14.1142338828012,1
"23626",128.72236574499,-14.1142338828012,1
"23627",128.804682108089,-14.1142338828012,1
"23628",128.886998471189,-14.1142338828012,1
"23629",128.969314834288,-14.1142338828012,1
"23630",129.051631197387,-14.1142338828012,1
"23631",129.133947560487,-14.1142338828012,1
"23632",129.216263923586,-14.1142338828012,1
"23633",129.298580286685,-14.1142338828012,1
"23634",129.380896649784,-14.1142338828012,1
"23635",129.463213012884,-14.1142338828012,1
"23636",129.545529375983,-14.1142338828012,1
"23637",129.627845739082,-14.1142338828012,1
"23825",121.643158518452,-14.1965502459005,0.322233080863953
"23826",121.725474881551,-14.1965502459005,0.324875503778458
"23827",121.80779124465,-14.1965502459005,0.328390449285507
"23828",121.89010760775,-14.1965502459005,0.332858055830002
"23829",121.972423970849,-14.1965502459005,0.338095456361771
"23830",122.054740333948,-14.1965502459005,0.344174742698669
"23831",122.137056697047,-14.1965502459005,0.350992947816849
"23832",122.219373060147,-14.1965502459005,0.358550757169724
"23833",122.301689423246,-14.1965502459005,0.366962403059006
"23834",122.384005786345,-14.1965502459005,0.376181662082672
"23835",122.466322149445,-14.1965502459005,0.386237233877182
"23836",122.548638512544,-14.1965502459005,0.397179991006851
"23837",122.630954875643,-14.1965502459005,0.40906098484993
"23838",122.713271238742,-14.1965502459005,0.421979486942291
"23839",122.795587601842,-14.1965502459005,0.435905754566193
"23840",122.877903964941,-14.1965502459005,0.450957328081131
"23841",122.96022032804,-14.1965502459005,0.467154651880264
"23842",123.04253669114,-14.1965502459005,0.484603434801102
"23843",123.124853054239,-14.1965502459005,0.503306448459625
"23844",123.207169417338,-14.1965502459005,0.523285806179047
"23845",123.289485780437,-14.1965502459005,0.544618010520935
"23846",123.371802143537,-14.1965502459005,0.567250907421112
"23847",123.454118506636,-14.1965502459005,0.591124951839447
"23848",123.536434869735,-14.1965502459005,0.616127371788025
"23849",123.618751232835,-14.1965502459005,0.642233788967133
"23850",123.701067595934,-14.1965502459005,0.669294714927673
"23851",123.783383959033,-14.1965502459005,0.697131454944611
"23852",123.865700322132,-14.1965502459005,0.725401103496552
"23853",123.948016685232,-14.1965502459005,0.75386369228363
"23854",124.030333048331,-14.1965502459005,0.782133042812347
"23855",124.11264941143,-14.1965502459005,0.809914648532867
"23856",124.19496577453,-14.1965502459005,0.83688873052597
"23857",124.277282137629,-14.1965502459005,0.862909495830536
"23858",124.359598500728,-14.1965502459005,0.887710988521576
"23859",124.441914863827,-14.1965502459005,0.911277532577515
"23860",124.524231226927,-14.1965502459005,0.933612763881683
"23861",124.606547590026,-14.1965502459005,0.954682171344757
"23862",124.688863953125,-14.1965502459005,0.974632203578949
"23863",124.771180316225,-14.1965502459005,0.993474662303925
"23864",124.853496679324,-14.1965502459005,1
"23865",124.935813042423,-14.1965502459005,1
"23866",125.018129405522,-14.1965502459005,1
"23867",125.100445768622,-14.1965502459005,1
"23868",125.182762131721,-14.1965502459005,1
"23869",125.26507849482,-14.1965502459005,1
"23870",125.34739485792,-14.1965502459005,1
"23871",125.429711221019,-14.1965502459005,1
"23872",125.512027584118,-14.1965502459005,1
"23873",125.594343947217,-14.1965502459005,1
"23874",125.676660310317,-14.1965502459005,1
"23875",125.758976673416,-14.1965502459005,1
"23876",125.841293036515,-14.1965502459005,1
"23877",125.923609399615,-14.1965502459005,1
"23878",126.005925762714,-14.1965502459005,1
"23879",126.088242125813,-14.1965502459005,1
"23880",126.170558488912,-14.1965502459005,1
"23881",126.252874852012,-14.1965502459005,1
"23882",126.335191215111,-14.1965502459005,1
"23883",126.41750757821,-14.1965502459005,1
"23884",126.49982394131,-14.1965502459005,1
"23885",126.582140304409,-14.1965502459005,1
"23886",126.664456667508,-14.1965502459005,1
"23898",127.652253024699,-14.1965502459005,1
"23899",127.734569387799,-14.1965502459005,1
"23900",127.816885750898,-14.1965502459005,1
"23901",127.899202113997,-14.1965502459005,1
"23902",127.981518477097,-14.1965502459005,1
"23903",128.063834840196,-14.1965502459005,1
"23904",128.146151203295,-14.1965502459005,1
"23905",128.228467566394,-14.1965502459005,1
"23906",128.310783929494,-14.1965502459005,1
"23907",128.393100292593,-14.1965502459005,1
"23908",128.475416655692,-14.1965502459005,1
"23909",128.557733018792,-14.1965502459005,1
"23910",128.640049381891,-14.1965502459005,1
"23911",128.72236574499,-14.1965502459005,1
"23912",128.804682108089,-14.1965502459005,1
"23913",128.886998471189,-14.1965502459005,1
"23914",128.969314834288,-14.1965502459005,1
"23915",129.051631197387,-14.1965502459005,1
"23916",129.133947560487,-14.1965502459005,1
"23917",129.216263923586,-14.1965502459005,1
"23918",129.298580286685,-14.1965502459005,1
"23919",129.380896649784,-14.1965502459005,1
"23920",129.463213012884,-14.1965502459005,1
"23921",129.545529375983,-14.1965502459005,1
"24109",121.560842155352,-14.2788666089998,0.338343501091003
"24110",121.643158518452,-14.2788666089998,0.340542942285538
"24111",121.725474881551,-14.2788666089998,0.343429714441299
"24112",121.80779124465,-14.2788666089998,0.347120523452759
"24113",121.89010760775,-14.2788666089998,0.351722866296768
"24114",121.972423970849,-14.2788666089998,0.35716301202774
"24115",122.054740333948,-14.2788666089998,0.363399177789688
"24116",122.137056697047,-14.2788666089998,0.370385110378265
"24117",122.219373060147,-14.2788666089998,0.378155946731567
"24118",122.301689423246,-14.2788666089998,0.386743158102036
"24119",122.384005786345,-14.2788666089998,0.396124809980392
"24120",122.466322149445,-14.2788666089998,0.406392514705658
"24121",122.548638512544,-14.2788666089998,0.417554378509521
"24122",122.630954875643,-14.2788666089998,0.429581075906754
"24123",122.713271238742,-14.2788666089998,0.442654490470886
"24124",122.795587601842,-14.2788666089998,0.456728875637054
"24125",122.877903964941,-14.2788666089998,0.471853733062744
"24126",122.96022032804,-14.2788666089998,0.48812735080719
"24127",123.04253669114,-14.2788666089998,0.505594551563263
"24128",123.124853054239,-14.2788666089998,0.524268507957458
"24129",123.207169417338,-14.2788666089998,0.544126451015472
"24130",123.289485780437,-14.2788666089998,0.56522011756897
"24131",123.371802143537,-14.2788666089998,0.587578773498535
"24132",123.454118506636,-14.2788666089998,0.611006438732147
"24133",123.536434869735,-14.2788666089998,0.635505080223083
"24134",123.618751232835,-14.2788666089998,0.660938203334808
"24135",123.701067595934,-14.2788666089998,0.687198281288147
"24136",123.783383959033,-14.2788666089998,0.714102745056152
"24137",123.865700322132,-14.2788666089998,0.74138355255127
"24138",123.948016685232,-14.2788666089998,0.768833935260773
"24139",124.030333048331,-14.2788666089998,0.796099960803986
"24140",124.11264941143,-14.2788666089998,0.822924792766571
"24141",124.19496577453,-14.2788666089998,0.849060535430908
"24142",124.277282137629,-14.2788666089998,0.874418377876282
"24143",124.359598500728,-14.2788666089998,0.898674547672272
"24144",124.441914863827,-14.2788666089998,0.921895503997803
"24145",124.524231226927,-14.2788666089998,0.943967700004578
"24146",124.606547590026,-14.2788666089998,0.964863538742065
"24147",124.688863953125,-14.2788666089998,0.98448646068573
"24148",124.771180316225,-14.2788666089998,0.99900484085083
"24149",124.853496679324,-14.2788666089998,1
"24150",124.935813042423,-14.2788666089998,1
"24151",125.018129405522,-14.2788666089998,1
"24152",125.100445768622,-14.2788666089998,1
"24153",125.182762131721,-14.2788666089998,1
"24154",125.26507849482,-14.2788666089998,1
"24155",125.34739485792,-14.2788666089998,1
"24156",125.429711221019,-14.2788666089998,1
"24157",125.512027584118,-14.2788666089998,1
"24158",125.594343947217,-14.2788666089998,1
"24159",125.676660310317,-14.2788666089998,1
"24160",125.758976673416,-14.2788666089998,1
"24161",125.841293036515,-14.2788666089998,1
"24162",125.923609399615,-14.2788666089998,1
"24163",126.005925762714,-14.2788666089998,1
"24164",126.088242125813,-14.2788666089998,1
"24167",126.335191215111,-14.2788666089998,1
"24170",126.582140304409,-14.2788666089998,1
"24184",127.734569387799,-14.2788666089998,1
"24185",127.816885750898,-14.2788666089998,1
"24186",127.899202113997,-14.2788666089998,1
"24187",127.981518477097,-14.2788666089998,1
"24188",128.063834840196,-14.2788666089998,1
"24189",128.146151203295,-14.2788666089998,1
"24190",128.228467566394,-14.2788666089998,1
"24191",128.310783929494,-14.2788666089998,1
"24192",128.393100292593,-14.2788666089998,1
"24193",128.475416655692,-14.2788666089998,1
"24194",128.557733018792,-14.2788666089998,1
"24195",128.640049381891,-14.2788666089998,1
"24196",128.72236574499,-14.2788666089998,1
"24197",128.804682108089,-14.2788666089998,1
"24198",128.886998471189,-14.2788666089998,1
"24199",128.969314834288,-14.2788666089998,1
"24200",129.051631197387,-14.2788666089998,1
"24201",129.133947560487,-14.2788666089998,1
"24202",129.216263923586,-14.2788666089998,1
"24203",129.298580286685,-14.2788666089998,1
"24204",129.380896649784,-14.2788666089998,1
"24205",129.463213012884,-14.2788666089998,1
"24393",121.478525792253,-14.361182972099,0.355239361524582
"24394",121.560842155352,-14.361182972099,0.357045412063599
"24395",121.643158518452,-14.361182972099,0.35950630903244
"24396",121.725474881551,-14.361182972099,0.362610906362534
"24397",121.80779124465,-14.361182972099,0.36649152636528
"24398",121.89010760775,-14.361182972099,0.37119734287262
"24399",121.972423970849,-14.361182972099,0.37673220038414
"24400",122.054740333948,-14.361182972099,0.383050262928009
"24401",122.137056697047,-14.361182972099,0.390148490667343
"24402",122.219373060147,-14.361182972099,0.398043006658554
"24403",122.301689423246,-14.361182972099,0.406724452972412
"24404",122.384005786345,-14.361182972099,0.41622194647789
"24405",122.466322149445,-14.361182972099,0.426585704088211
"24406",122.548638512544,-14.361182972099,0.43779930472374
"24407",122.630954875643,-14.361182972099,0.449932157993317
"24408",122.713271238742,-14.361182972099,0.463066130876541
"24409",122.795587601842,-14.361182972099,0.477193802595139
"24410",122.877903964941,-14.361182972099,0.492343574762344
"24411",122.96022032804,-14.361182972099,0.508576571941376
"24412",123.04253669114,-14.361182972099,0.525958776473999
"24413",123.124853054239,-14.361182972099,0.544459581375122
"24414",123.207169417338,-14.361182972099,0.564133763313293
"24415",123.289485780437,-14.361182972099,0.584938704967499
"24416",123.371802143537,-14.361182972099,0.606838703155518
"24417",123.454118506636,-14.361182972099,0.629794836044312
"24418",123.536434869735,-14.361182972099,0.653764724731445
"24419",123.618751232835,-14.361182972099,0.678487181663513
"24420",123.701067595934,-14.361182972099,0.703919649124146
"24421",123.783383959033,-14.361182972099,0.72995525598526
"24422",123.865700322132,-14.361182972099,0.75630784034729
"24423",123.948016685232,-14.361182972099,0.782794177532196
"24424",124.030333048331,-14.361182972099,0.809110939502716
"24425",124.11264941143,-14.361182972099,0.835043013095856
"24426",124.19496577453,-14.361182972099,0.860446870326996
"24427",124.277282137629,-14.361182972099,0.885069489479065
"24428",124.359598500728,-14.361182972099,0.908879637718201
"24429",124.441914863827,-14.361182972099,0.931613028049469
"24430",124.524231226927,-14.361182972099,0.953321099281311
"24431",124.606547590026,-14.361182972099,0.974093019962311
"24432",124.688863953125,-14.361182972099,0.992500066757202
"24433",124.771180316225,-14.361182972099,1
"24434",124.853496679324,-14.361182972099,1
"24435",124.935813042423,-14.361182972099,1
"24436",125.018129405522,-14.361182972099,1
"24437",125.100445768622,-14.361182972099,1
"24438",125.182762131721,-14.361182972099,1
"24439",125.26507849482,-14.361182972099,1
"24440",125.34739485792,-14.361182972099,1
"24441",125.429711221019,-14.361182972099,1
"24442",125.512027584118,-14.361182972099,1
"24443",125.594343947217,-14.361182972099,1
"24444",125.676660310317,-14.361182972099,1
"24445",125.758976673416,-14.361182972099,1
"24446",125.841293036515,-14.361182972099,1
"24447",125.923609399615,-14.361182972099,1
"24448",126.005925762714,-14.361182972099,1
"24449",126.088242125813,-14.361182972099,1
"24469",127.734569387799,-14.361182972099,1
"24470",127.816885750898,-14.361182972099,1
"24471",127.899202113997,-14.361182972099,1
"24472",127.981518477097,-14.361182972099,1
"24473",128.063834840196,-14.361182972099,1
"24474",128.146151203295,-14.361182972099,1
"24475",128.228467566394,-14.361182972099,1
"24476",128.310783929494,-14.361182972099,1
"24477",128.393100292593,-14.361182972099,1
"24478",128.475416655692,-14.361182972099,1
"24479",128.557733018792,-14.361182972099,1
"24480",128.640049381891,-14.361182972099,1
"24481",128.72236574499,-14.361182972099,1
"24482",128.804682108089,-14.361182972099,1
"24483",128.886998471189,-14.361182972099,1
"24484",128.969314834288,-14.361182972099,1
"24485",129.051631197387,-14.361182972099,1
"24486",129.133947560487,-14.361182972099,1
"24487",129.216263923586,-14.361182972099,1
"24488",129.298580286685,-14.361182972099,1
"24489",129.380896649784,-14.361182972099,1
"24677",121.396209429154,-14.4434993351983,0.372624158859253
"24678",121.478525792253,-14.4434993351983,0.374175786972046
"24679",121.560842155352,-14.4434993351983,0.376245319843292
"24680",121.643158518452,-14.4434993351983,0.378891110420227
"24681",121.725474881551,-14.4434993351983,0.382205069065094
"24682",121.80779124465,-14.4434993351983,0.386242240667343
"24683",121.89010760775,-14.4434993351983,0.39108008146286
"24684",121.972423970849,-14.4434993351983,0.396689116954803
"24685",122.054740333948,-14.4434993351983,0.403059363365173
"24686",122.137056697047,-14.4434993351983,0.410197556018829
"24687",122.219373060147,-14.4434993351983,0.418130129575729
"24688",122.301689423246,-14.4434993351983,0.426854431629181
"24689",122.384005786345,-14.4434993351983,0.436378598213196
"24690",122.466322149445,-14.4434993351983,0.446769714355469
"24691",122.548638512544,-14.4434993351983,0.458032071590424
"24692",122.630954875643,-14.4434993351983,0.470158368349075
"24693",122.713271238742,-14.4434993351983,0.483251214027405
"24694",122.795587601842,-14.4434993351983,0.497284710407257
"24695",122.877903964941,-14.4434993351983,0.512385487556458
"24696",122.96022032804,-14.4434993351983,0.528474450111389
"24697",123.04253669114,-14.4434993351983,0.545664846897125
"24698",123.124853054239,-14.4434993351983,0.563965857028961
"24699",123.207169417338,-14.4434993351983,0.5833540558815
"24700",123.289485780437,-14.4434993351983,0.603757500648499
"24701",123.371802143537,-14.4434993351983,0.62519633769989
"24702",123.454118506636,-14.4434993351983,0.647609770298004
"24703",123.536434869735,-14.4434993351983,0.670923709869385
"24704",123.618751232835,-14.4434993351983,0.694957196712494
"24705",123.701067595934,-14.4434993351983,0.719576776027679
"24706",123.783383959033,-14.4434993351983,0.744825661182404
"24707",123.865700322132,-14.4434993351983,0.770238935947418
"24708",123.948016685232,-14.4434993351983,0.795785367488861
"24709",124.030333048331,-14.4434993351983,0.821243464946747
"24710",124.11264941143,-14.4434993351983,0.846379637718201
"24711",124.19496577453,-14.4434993351983,0.871008992195129
"24712",124.277282137629,-14.4434993351983,0.894997477531433
"24713",124.359598500728,-14.4434993351983,0.91817045211792
"24714",124.441914863827,-14.4434993351983,0.940624356269836
"24715",124.524231226927,-14.4434993351983,0.962044894695282
"24716",124.606547590026,-14.4434993351983,0.982638001441956
"24717",124.688863953125,-14.4434993351983,0.998615443706512
"24718",124.771180316225,-14.4434993351983,1
"24719",124.853496679324,-14.4434993351983,1
"24720",124.935813042423,-14.4434993351983,1
"24721",125.018129405522,-14.4434993351983,1
"24722",125.100445768622,-14.4434993351983,1
"24723",125.182762131721,-14.4434993351983,1
"24724",125.26507849482,-14.4434993351983,1
"24725",125.34739485792,-14.4434993351983,1
"24726",125.429711221019,-14.4434993351983,1
"24727",125.512027584118,-14.4434993351983,1
"24728",125.594343947217,-14.4434993351983,1
"24729",125.676660310317,-14.4434993351983,1
"24730",125.758976673416,-14.4434993351983,1
"24731",125.841293036515,-14.4434993351983,1
"24732",125.923609399615,-14.4434993351983,1
"24733",126.005925762714,-14.4434993351983,1
"24734",126.088242125813,-14.4434993351983,1
"24755",127.816885750898,-14.4434993351983,1
"24756",127.899202113997,-14.4434993351983,1
"24757",127.981518477097,-14.4434993351983,1
"24758",128.063834840196,-14.4434993351983,1
"24759",128.146151203295,-14.4434993351983,1
"24760",128.228467566394,-14.4434993351983,1
"24761",128.310783929494,-14.4434993351983,1
"24762",128.393100292593,-14.4434993351983,1
"24763",128.475416655692,-14.4434993351983,1
"24764",128.557733018792,-14.4434993351983,1
"24765",128.640049381891,-14.4434993351983,1
"24766",128.72236574499,-14.4434993351983,1
"24767",128.804682108089,-14.4434993351983,1
"24768",128.886998471189,-14.4434993351983,1
"24769",128.969314834288,-14.4434993351983,1
"24770",129.051631197387,-14.4434993351983,1
"24771",129.133947560487,-14.4434993351983,1
"24772",129.216263923586,-14.4434993351983,1
"24773",129.298580286685,-14.4434993351983,1
"24774",129.380896649784,-14.4434993351983,1
"24775",129.463213012884,-14.4434993351983,1
"24776",129.545529375983,-14.4434993351983,1
"24777",129.627845739082,-14.4434993351983,1
"24778",129.710162102182,-14.4434993351983,1
"24959",121.149260339856,-14.5258156982976,0.397860616445541
"24962",121.396209429154,-14.5258156982976,0.391805201768875
"24963",121.478525792253,-14.5258156982976,0.393563270568848
"24964",121.560842155352,-14.5258156982976,0.395850837230682
"24965",121.643158518452,-14.5258156982976,0.398704051971436
"24966",121.725474881551,-14.5258156982976,0.40214878320694
"24967",121.80779124465,-14.5258156982976,0.406328022480011
"24968",121.89010760775,-14.5258156982976,0.4112588763237
"24969",121.972423970849,-14.5258156982976,0.416933983564377
"24970",122.054740333948,-14.5258156982976,0.423330664634705
"24971",122.137056697047,-14.5258156982976,0.430442571640015
"24972",122.219373060147,-14.5258156982976,0.438368409872055
"24973",122.301689423246,-14.5258156982976,0.447079211473465
"24974",122.384005786345,-14.5258156982976,0.456613540649414
"24975",122.466322149445,-14.5258156982976,0.46691158413887
"24976",122.548638512544,-14.5258156982976,0.478136956691742
"24977",122.630954875643,-14.5258156982976,0.490159749984741
"24978",122.713271238742,-14.5258156982976,0.503152251243591
"24979",122.795587601842,-14.5258156982976,0.517080247402191
"24980",122.877903964941,-14.5258156982976,0.531991422176361
"24981",122.96022032804,-14.5258156982976,0.547886669635773
"24982",123.04253669114,-14.5258156982976,0.564809262752533
"24983",123.124853054239,-14.5258156982976,0.582763373851776
"24984",123.207169417338,-14.5258156982976,0.601769685745239
"24985",123.289485780437,-14.5258156982976,0.62174528837204
"24986",123.371802143537,-14.5258156982976,0.64266836643219
"24987",123.454118506636,-14.5258156982976,0.66448712348938
"24988",123.536434869735,-14.5258156982976,0.687116622924805
"24989",123.618751232835,-14.5258156982976,0.710463166236877
"24990",123.701067595934,-14.5258156982976,0.734333574771881
"24991",123.783383959033,-14.5258156982976,0.758721053600311
"24992",123.865700322132,-14.5258156982976,0.783312141895294
"24993",123.948016685232,-14.5258156982976,0.807950258255005
"24994",124.030333048331,-14.5258156982976,0.832577168941498
"24995",124.11264941143,-14.5258156982976,0.856931805610657
"24996",124.19496577453,-14.5258156982976,0.880873799324036
"24997",124.277282137629,-14.5258156982976,0.904243469238281
"24998",124.359598500728,-14.5258156982976,0.926959633827209
"24999",124.441914863827,-14.5258156982976,0.948957085609436
"25000",124.524231226927,-14.5258156982976,0.970101058483124
"25001",124.606547590026,-14.5258156982976,0.989125788211823
"25002",124.688863953125,-14.5258156982976,0.999939143657684
"25003",124.771180316225,-14.5258156982976,1
"25004",124.853496679324,-14.5258156982976,1
"25005",124.935813042423,-14.5258156982976,1
"25006",125.018129405522,-14.5258156982976,1
"25007",125.100445768622,-14.5258156982976,1
"25008",125.182762131721,-14.5258156982976,1
"25009",125.26507849482,-14.5258156982976,1
"25010",125.34739485792,-14.5258156982976,1
"25011",125.429711221019,-14.5258156982976,1
"25012",125.512027584118,-14.5258156982976,1
"25013",125.594343947217,-14.5258156982976,1
"25014",125.676660310317,-14.5258156982976,1
"25015",125.758976673416,-14.5258156982976,1
"25016",125.841293036515,-14.5258156982976,1
"25017",125.923609399615,-14.5258156982976,1
"25018",126.005925762714,-14.5258156982976,1
"25041",127.899202113997,-14.5258156982976,1
"25042",127.981518477097,-14.5258156982976,1
"25043",128.063834840196,-14.5258156982976,1
"25044",128.146151203295,-14.5258156982976,1
"25045",128.228467566394,-14.5258156982976,1
"25046",128.310783929494,-14.5258156982976,1
"25047",128.393100292593,-14.5258156982976,1
"25048",128.475416655692,-14.5258156982976,1
"25049",128.557733018792,-14.5258156982976,1
"25050",128.640049381891,-14.5258156982976,1
"25051",128.72236574499,-14.5258156982976,1
"25052",128.804682108089,-14.5258156982976,1
"25053",128.886998471189,-14.5258156982976,1
"25054",128.969314834288,-14.5258156982976,1
"25055",129.051631197387,-14.5258156982976,1
"25056",129.133947560487,-14.5258156982976,1
"25057",129.216263923586,-14.5258156982976,1
"25058",129.298580286685,-14.5258156982976,1
"25059",129.380896649784,-14.5258156982976,1
"25060",129.463213012884,-14.5258156982976,1
"25061",129.545529375983,-14.5258156982976,1
"25062",129.627845739082,-14.5258156982976,1
"25063",129.710162102182,-14.5258156982976,1
"25064",129.792478465281,-14.5258156982976,1
"25242",120.984627613657,-14.6081320613969,0.412032961845398
"25243",121.066943976757,-14.6081320613969,0.409933000802994
"25244",121.149260339856,-14.6081320613969,0.40764245390892
"25245",121.231576702955,-14.6081320613969,0.408495873212814
"25246",121.313893066055,-14.6081320613969,0.409692138433456
"25247",121.396209429154,-14.6081320613969,0.411261379718781
"25248",121.478525792253,-14.6081320613969,0.413280546665192
"25249",121.560842155352,-14.6081320613969,0.415746688842773
"25250",121.643158518452,-14.6081320613969,0.418779939413071
"25251",121.725474881551,-14.6081320613969,0.422413647174835
"25252",121.80779124465,-14.6081320613969,0.426704823970795
"25253",121.89010760775,-14.6081320613969,0.431679546833038
"25254",121.972423970849,-14.6081320613969,0.437369704246521
"25255",122.054740333948,-14.6081320613969,0.443733036518097
"25256",122.137056697047,-14.6081320613969,0.450818210840225
"25257",122.219373060147,-14.6081320613969,0.458746820688248
"25258",122.301689423246,-14.6081320613969,0.467346966266632
"25259",122.384005786345,-14.6081320613969,0.476776510477066
"25260",122.466322149445,-14.6081320613969,0.48702272772789
"25261",122.548638512544,-14.6081320613969,0.498096853494644
"25262",122.630954875643,-14.6081320613969,0.50995659828186
"25263",122.713271238742,-14.6081320613969,0.522744536399841
"25264",122.795587601842,-14.6081320613969,0.536452114582062
"25265",122.877903964941,-14.6081320613969,0.551078081130981
"25266",122.96022032804,-14.6081320613969,0.566718697547913
"25267",123.04253669114,-14.6081320613969,0.583335757255554
"25268",123.124853054239,-14.6081320613969,0.60090297460556
"25269",123.207169417338,-14.6081320613969,0.619446456432343
"25270",123.289485780437,-14.6081320613969,0.63889217376709
"25271",123.371802143537,-14.6081320613969,0.659405589103699
"25272",123.454118506636,-14.6081320613969,0.680658519268036
"25273",123.536434869735,-14.6081320613969,0.702500522136688
"25274",123.618751232835,-14.6081320613969,0.72510039806366
"25275",123.701067595934,-14.6081320613969,0.748238444328308
"25276",123.783383959033,-14.6081320613969,0.771738350391388
"25277",123.865700322132,-14.6081320613969,0.795533359050751
"25278",123.948016685232,-14.6081320613969,0.819398880004883
"25279",124.030333048331,-14.6081320613969,0.84323263168335
"25280",124.11264941143,-14.6081320613969,0.866841018199921
"25281",124.19496577453,-14.6081320613969,0.89009964466095
"25282",124.277282137629,-14.6081320613969,0.912874281406403
"25283",124.359598500728,-14.6081320613969,0.935093462467194
"25284",124.441914863827,-14.6081320613969,0.95664781332016
"25285",124.524231226927,-14.6081320613969,0.977510511875153
"25286",124.606547590026,-14.6081320613969,0.993999719619751
"25287",124.688863953125,-14.6081320613969,1
"25288",124.771180316225,-14.6081320613969,1
"25289",124.853496679324,-14.6081320613969,1
"25290",124.935813042423,-14.6081320613969,1
"25291",125.018129405522,-14.6081320613969,1
"25292",125.100445768622,-14.6081320613969,1
"25293",125.182762131721,-14.6081320613969,1
"25294",125.26507849482,-14.6081320613969,1
"25295",125.34739485792,-14.6081320613969,1
"25296",125.429711221019,-14.6081320613969,1
"25297",125.512027584118,-14.6081320613969,1
"25298",125.594343947217,-14.6081320613969,1
"25299",125.676660310317,-14.6081320613969,1
"25300",125.758976673416,-14.6081320613969,1
"25301",125.841293036515,-14.6081320613969,1
"25302",125.923609399615,-14.6081320613969,1
"25326",127.899202113997,-14.6081320613969,1
"25327",127.981518477097,-14.6081320613969,1
"25328",128.063834840196,-14.6081320613969,1
"25329",128.146151203295,-14.6081320613969,1
"25330",128.228467566394,-14.6081320613969,1
"25331",128.310783929494,-14.6081320613969,1
"25332",128.393100292593,-14.6081320613969,1
"25333",128.475416655692,-14.6081320613969,1
"25334",128.557733018792,-14.6081320613969,1
"25335",128.640049381891,-14.6081320613969,1
"25336",128.72236574499,-14.6081320613969,1
"25337",128.804682108089,-14.6081320613969,1
"25338",128.886998471189,-14.6081320613969,1
"25339",128.969314834288,-14.6081320613969,1
"25340",129.051631197387,-14.6081320613969,1
"25341",129.133947560487,-14.6081320613969,1
"25342",129.216263923586,-14.6081320613969,1
"25343",129.298580286685,-14.6081320613969,1
"25344",129.380896649784,-14.6081320613969,1
"25345",129.463213012884,-14.6081320613969,1
"25346",129.545529375983,-14.6081320613969,1
"25347",129.627845739082,-14.6081320613969,1
"25348",129.710162102182,-14.6081320613969,1
"25350",129.87479482838,-14.6081320613969,1
"25525",120.819994887459,-14.6904484244962,0.427345722913742
"25526",120.902311250558,-14.6904484244962,0.426383346319199
"25527",120.984627613657,-14.6904484244962,0.425354719161987
"25528",121.066943976757,-14.6904484244962,0.425880134105682
"25529",121.149260339856,-14.6904484244962,0.426692306995392
"25530",121.231576702955,-14.6904484244962,0.427801519632339
"25531",121.313893066055,-14.6904484244962,0.429226756095886
"25532",121.396209429154,-14.6904484244962,0.431010782718658
"25533",121.478525792253,-14.6904484244962,0.433225840330124
"25534",121.560842155352,-14.6904484244962,0.435910910367966
"25535",121.643158518452,-14.6904484244962,0.439091384410858
"25536",121.725474881551,-14.6904484244962,0.442857056856155
"25537",121.80779124465,-14.6904484244962,0.447225689888
"25538",121.89010760775,-14.6904484244962,0.452227920293808
"25539",121.972423970849,-14.6904484244962,0.457901567220688
"25540",122.054740333948,-14.6904484244962,0.464218139648438
"25541",122.137056697047,-14.6904484244962,0.471266776323318
"25542",122.219373060147,-14.6904484244962,0.479089379310608
"25543",122.301689423246,-14.6904484244962,0.487622737884521
"25544",122.384005786345,-14.6904484244962,0.496880501508713
"25545",122.466322149445,-14.6904484244962,0.506947934627533
"25546",122.548638512544,-14.6904484244962,0.517790973186493
"25547",122.630954875643,-14.6904484244962,0.529419004917145
"25548",122.713271238742,-14.6904484244962,0.541967332363129
"25549",122.795587601842,-14.6904484244962,0.555387198925018
"25550",122.877903964941,-14.6904484244962,0.569704473018646
"25551",122.96022032804,-14.6904484244962,0.585038483142853
"25552",123.04253669114,-14.6904484244962,0.601257383823395
"25553",123.124853054239,-14.6904484244962,0.618403196334839
"25554",123.207169417338,-14.6904484244962,0.636484146118164
"25555",123.289485780437,-14.6904484244962,0.655447781085968
"25556",123.371802143537,-14.6904484244962,0.675182163715363
"25557",123.454118506636,-14.6904484244962,0.695826292037964
"25558",123.536434869735,-14.6904484244962,0.717029213905334
"25559",123.618751232835,-14.6904484244962,0.738895893096924
"25560",123.701067595934,-14.6904484244962,0.761268198490143
"25561",123.783383959033,-14.6904484244962,0.784028887748718
"25562",123.865700322132,-14.6904484244962,0.806983470916748
"25563",123.948016685232,-14.6904484244962,0.830117344856262
"25564",124.030333048331,-14.6904484244962,0.853189826011658
"25565",124.11264941143,-14.6904484244962,0.87610787153244
"25566",124.19496577453,-14.6904484244962,0.898738443851471
"25567",124.277282137629,-14.6904484244962,0.920952260494232
"25568",124.359598500728,-14.6904484244962,0.942694842815399
"25569",124.441914863827,-14.6904484244962,0.963847577571869
"25570",124.524231226927,-14.6904484244962,0.984408497810364
"25571",124.606547590026,-14.6904484244962,0.997671902179718
"25572",124.688863953125,-14.6904484244962,1
"25573",124.771180316225,-14.6904484244962,1
"25574",124.853496679324,-14.6904484244962,1
"25575",124.935813042423,-14.6904484244962,1
"25576",125.018129405522,-14.6904484244962,1
"25577",125.100445768622,-14.6904484244962,1
"25578",125.182762131721,-14.6904484244962,1
"25579",125.26507849482,-14.6904484244962,1
"25584",125.676660310317,-14.6904484244962,1
"25612",127.981518477097,-14.6904484244962,1
"25613",128.063834840196,-14.6904484244962,1
"25614",128.146151203295,-14.6904484244962,1
"25615",128.228467566394,-14.6904484244962,1
"25616",128.310783929494,-14.6904484244962,1
"25617",128.393100292593,-14.6904484244962,1
"25618",128.475416655692,-14.6904484244962,1
"25619",128.557733018792,-14.6904484244962,1
"25620",128.640049381891,-14.6904484244962,1
"25621",128.72236574499,-14.6904484244962,1
"25622",128.804682108089,-14.6904484244962,1
"25623",128.886998471189,-14.6904484244962,1
"25624",128.969314834288,-14.6904484244962,1
"25625",129.051631197387,-14.6904484244962,1
"25626",129.133947560487,-14.6904484244962,1
"25627",129.216263923586,-14.6904484244962,1
"25628",129.298580286685,-14.6904484244962,1
"25629",129.380896649784,-14.6904484244962,1
"25630",129.463213012884,-14.6904484244962,1
"25631",129.545529375983,-14.6904484244962,1
"25632",129.627845739082,-14.6904484244962,1
"25633",129.710162102182,-14.6904484244962,1
"25634",129.792478465281,-14.6904484244962,1
"25635",129.87479482838,-14.6904484244962,1
"25809",120.73767852436,-14.7727647875955,0.443716138601303
"25810",120.819994887459,-14.7727647875955,0.443765133619308
"25811",120.902311250558,-14.7727647875955,0.443635433912277
"25812",120.984627613657,-14.7727647875955,0.444172918796539
"25813",121.066943976757,-14.7727647875955,0.444927424192429
"25814",121.149260339856,-14.7727647875955,0.445964097976685
"25815",121.231576702955,-14.7727647875955,0.447287529706955
"25816",121.313893066055,-14.7727647875955,0.448959529399872
"25817",121.396209429154,-14.7727647875955,0.450999557971954
"25818",121.478525792253,-14.7727647875955,0.453372925519943
"25819",121.560842155352,-14.7727647875955,0.456260710954666
"25820",121.643158518452,-14.7727647875955,0.459568798542023
"25821",121.725474881551,-14.7727647875955,0.463419735431671
"25822",121.80779124465,-14.7727647875955,0.467837899923325
"25823",121.89010760775,-14.7727647875955,0.47286519408226
"25824",121.972423970849,-14.7727647875955,0.478512912988663
"25825",122.054740333948,-14.7727647875955,0.484784513711929
"25826",122.137056697047,-14.7727647875955,0.491750121116638
"25827",122.219373060147,-14.7727647875955,0.499392360448837
"25828",122.301689423246,-14.7727647875955,0.507761061191559
"25829",122.384005786345,-14.7727647875955,0.516839742660522
"25830",122.466322149445,-14.7727647875955,0.526684105396271
"25831",122.548638512544,-14.7727647875955,0.537243545055389
"25832",122.630954875643,-14.7727647875955,0.548708200454712
"25833",122.713271238742,-14.7727647875955,0.560920536518097
"25834",122.795587601842,-14.7727647875955,0.573996782302856
"25835",122.877903964941,-14.7727647875955,0.587931215763092
"25836",122.96022032804,-14.7727647875955,0.602811276912689
"25837",123.04253669114,-14.7727647875955,0.618576288223267
"25838",123.124853054239,-14.7727647875955,0.635208964347839
"25839",123.207169417338,-14.7727647875955,0.652765214443207
"25840",123.289485780437,-14.7727647875955,0.67112785577774
"25841",123.371802143537,-14.7727647875955,0.690341293811798
"25842",123.454118506636,-14.7727647875955,0.710246503353119
"25843",123.536434869735,-14.7727647875955,0.730812549591064
"25844",123.618751232835,-14.7727647875955,0.751927673816681
"25845",123.701067595934,-14.7727647875955,0.773553311824799
"25846",123.783383959033,-14.7727647875955,0.795549809932709
"25847",123.865700322132,-14.7727647875955,0.817775130271912
"25848",123.948016685232,-14.7727647875955,0.840167164802551
"25849",124.030333048331,-14.7727647875955,0.862536072731018
"25850",124.11264941143,-14.7727647875955,0.884804964065552
"25851",124.19496577453,-14.7727647875955,0.906806349754333
"25852",124.277282137629,-14.7727647875955,0.928495764732361
"25853",124.359598500728,-14.7727647875955,0.949794352054596
"25854",124.441914863827,-14.7727647875955,0.970522224903107
"25855",124.524231226927,-14.7727647875955,0.990172505378723
"25856",124.606547590026,-14.7727647875955,0.999797821044922
"25857",124.688863953125,-14.7727647875955,1
"25858",124.771180316225,-14.7727647875955,1
"25859",124.853496679324,-14.7727647875955,1
"25860",124.935813042423,-14.7727647875955,1
"25861",125.018129405522,-14.7727647875955,1
"25862",125.100445768622,-14.7727647875955,1
"25863",125.182762131721,-14.7727647875955,1
"25864",125.26507849482,-14.7727647875955,1
"25899",128.146151203295,-14.7727647875955,1
"25900",128.228467566394,-14.7727647875955,1
"25901",128.310783929494,-14.7727647875955,1
"25902",128.393100292593,-14.7727647875955,1
"25903",128.475416655692,-14.7727647875955,1
"25904",128.557733018792,-14.7727647875955,1
"25905",128.640049381891,-14.7727647875955,1
"25906",128.72236574499,-14.7727647875955,1
"25907",128.804682108089,-14.7727647875955,1
"25908",128.886998471189,-14.7727647875955,1
"25909",128.969314834288,-14.7727647875955,1
"25910",129.051631197387,-14.7727647875955,1
"25911",129.133947560487,-14.7727647875955,1
"25912",129.216263923586,-14.7727647875955,1
"25913",129.298580286685,-14.7727647875955,1
"25914",129.380896649784,-14.7727647875955,1
"25915",129.463213012884,-14.7727647875955,1
"25916",129.545529375983,-14.7727647875955,1
"25917",129.627845739082,-14.7727647875955,1
"25918",129.710162102182,-14.7727647875955,1
"25919",129.792478465281,-14.7727647875955,1
"25920",129.87479482838,-14.7727647875955,1
"25921",129.957111191479,-14.7727647875955,1
"26094",120.73767852436,-14.8550811506948,0.46186226606369
"26095",120.819994887459,-14.8550811506948,0.461814612150192
"26096",120.902311250558,-14.8550811506948,0.462349504232407
"26097",120.984627613657,-14.8550811506948,0.463137626647949
"26098",121.066943976757,-14.8550811506948,0.464172095060349
"26099",121.149260339856,-14.8550811506948,0.465426594018936
"26100",121.231576702955,-14.8550811506948,0.466965466737747
"26101",121.313893066055,-14.8550811506948,0.468825817108154
"26102",121.396209429154,-14.8550811506948,0.471052795648575
"26103",121.478525792253,-14.8550811506948,0.47357764840126
"26104",121.560842155352,-14.8550811506948,0.476605325937271
"26105",121.643158518452,-14.8550811506948,0.480081170797348
"26106",121.725474881551,-14.8550811506948,0.484012812376022
"26107",121.80779124465,-14.8550811506948,0.488529562950134
"26108",121.89010760775,-14.8550811506948,0.49351891875267
"26109",121.972423970849,-14.8550811506948,0.499121248722076
"26110",122.054740333948,-14.8550811506948,0.505371332168579
"26111",122.137056697047,-14.8550811506948,0.512188255786896
"26112",122.219373060147,-14.8550811506948,0.51967453956604
"26113",122.301689423246,-14.8550811506948,0.527793347835541
"26114",122.384005786345,-14.8550811506948,0.536661505699158
"26115",122.466322149445,-14.8550811506948,0.546273946762085
"26116",122.548638512544,-14.8550811506948,0.556563854217529
"26117",122.630954875643,-14.8550811506948,0.567619740962982
"26118",122.713271238742,-14.8550811506948,0.579452097415924
"26119",122.795587601842,-14.8550811506948,0.59214323759079
"26120",122.877903964941,-14.8550811506948,0.605670213699341
"26121",122.96022032804,-14.8550811506948,0.620027005672455
"26122",123.04253669114,-14.8550811506948,0.635312259197235
"26123",123.124853054239,-14.8550811506948,0.651420116424561
"26124",123.207169417338,-14.8550811506948,0.668379068374634
"26125",123.289485780437,-14.8550811506948,0.686153411865234
"26126",123.371802143537,-14.8550811506948,0.704688906669617
"26127",123.454118506636,-14.8550811506948,0.723925948143005
"26128",123.536434869735,-14.8550811506948,0.743826270103455
"26129",123.618751232835,-14.8550811506948,0.764239728450775
"26130",123.701067595934,-14.8550811506948,0.785119950771332
"26131",123.783383959033,-14.8550811506948,0.806400299072266
"26132",123.865700322132,-14.8550811506948,0.827927827835083
"26133",123.948016685232,-14.8550811506948,0.849616289138794
"26134",124.030333048331,-14.8550811506948,0.871309638023376
"26135",124.11264941143,-14.8550811506948,0.892941296100616
"26136",124.19496577453,-14.8550811506948,0.914373993873596
"26137",124.277282137629,-14.8550811506948,0.935549080371857
"26138",124.359598500728,-14.8550811506948,0.956375956535339
"26139",124.441914863827,-14.8550811506948,0.976737916469574
"26140",124.524231226927,-14.8550811506948,0.993705987930298
"26141",124.606547590026,-14.8550811506948,1
"26142",124.688863953125,-14.8550811506948,1
"26143",124.771180316225,-14.8550811506948,1
"26144",124.853496679324,-14.8550811506948,1
"26145",124.935813042423,-14.8550811506948,1
"26146",125.018129405522,-14.8550811506948,1
"26147",125.100445768622,-14.8550811506948,1
"26148",125.182762131721,-14.8550811506948,1
"26149",125.26507849482,-14.8550811506948,1
"26185",128.228467566394,-14.8550811506948,1
"26186",128.310783929494,-14.8550811506948,1
"26187",128.393100292593,-14.8550811506948,1
"26188",128.475416655692,-14.8550811506948,1
"26189",128.557733018792,-14.8550811506948,1
"26190",128.640049381891,-14.8550811506948,1
"26191",128.72236574499,-14.8550811506948,1
"26192",128.804682108089,-14.8550811506948,1
"26193",128.886998471189,-14.8550811506948,1
"26194",128.969314834288,-14.8550811506948,1
"26195",129.051631197387,-14.8550811506948,1
"26196",129.133947560487,-14.8550811506948,1
"26197",129.216263923586,-14.8550811506948,1
"26198",129.298580286685,-14.8550811506948,1
"26199",129.380896649784,-14.8550811506948,1
"26200",129.463213012884,-14.8550811506948,1
"26201",129.545529375983,-14.8550811506948,1
"26202",129.627845739082,-14.8550811506948,1
"26203",129.710162102182,-14.8550811506948,1
"26204",129.792478465281,-14.8550811506948,1
"26205",129.87479482838,-14.8550811506948,1
"26206",129.957111191479,-14.8550811506948,1
"26379",120.73767852436,-14.937397513794,0.480058073997498
"26380",120.819994887459,-14.937397513794,0.480320453643799
"26381",120.902311250558,-14.937397513794,0.481119811534882
"26382",120.984627613657,-14.937397513794,0.482215642929077
"26383",121.066943976757,-14.937397513794,0.483466386795044
"26384",121.149260339856,-14.937397513794,0.484953105449677
"26385",121.231576702955,-14.937397513794,0.48670768737793
"26386",121.313893066055,-14.937397513794,0.48878288269043
"26387",121.396209429154,-14.937397513794,0.491253077983856
"26388",121.478525792253,-14.937397513794,0.493997663259506
"26389",121.560842155352,-14.937397513794,0.497133672237396
"26390",121.643158518452,-14.937397513794,0.500763237476349
"26391",121.725474881551,-14.937397513794,0.50473690032959
"26392",121.80779124465,-14.937397513794,0.509227931499481
"26393",121.89010760775,-14.937397513794,0.514214158058167
"26394",121.972423970849,-14.937397513794,0.519786715507507
"26395",122.054740333948,-14.937397513794,0.525898814201355
"26396",122.137056697047,-14.937397513794,0.532557666301727
"26397",122.219373060147,-14.937397513794,0.539840877056122
"26398",122.301689423246,-14.937397513794,0.547728300094604
"26399",122.384005786345,-14.937397513794,0.556311130523682
"26400",122.466322149445,-14.937397513794,0.565568089485168
"26401",122.548638512544,-14.937397513794,0.575510263442993
"26402",122.630954875643,-14.937397513794,0.586171090602875
"26403",122.713271238742,-14.937397513794,0.597599446773529
"26404",122.795587601842,-14.937397513794,0.609818875789642
"26405",122.877903964941,-14.937397513794,0.622878432273865
"26406",122.96022032804,-14.937397513794,0.63671600818634
"26407",123.04253669114,-14.937397513794,0.65143620967865
"26408",123.124853054239,-14.937397513794,0.66699355840683
"26409",123.207169417338,-14.937397513794,0.683370172977448
"26410",123.289485780437,-14.937397513794,0.700491309165955
"26411",123.371802143537,-14.937397513794,0.718372464179993
"26412",123.454118506636,-14.937397513794,0.736971497535706
"26413",123.536434869735,-14.937397513794,0.756149113178253
"26414",123.618751232835,-14.937397513794,0.775875627994537
"26415",123.701067595934,-14.937397513794,0.796083211898804
"26416",123.783383959033,-14.937397513794,0.816676914691925
"26417",123.865700322132,-14.937397513794,0.837508022785187
"26418",123.948016685232,-14.937397513794,0.858513712882996
"26419",124.030333048331,-14.937397513794,0.879570186138153
"26420",124.11264941143,-14.937397513794,0.900591492652893
"26421",124.19496577453,-14.937397513794,0.921477854251862
"26422",124.277282137629,-14.937397513794,0.942136704921722
"26423",124.359598500728,-14.937397513794,0.962486386299133
"26424",124.441914863827,-14.937397513794,0.982469797134399
"26425",124.524231226927,-14.937397513794,0.996289551258087
"26426",124.606547590026,-14.937397513794,1
"26427",124.688863953125,-14.937397513794,1
"26428",124.771180316225,-14.937397513794,1
"26429",124.853496679324,-14.937397513794,1
"26430",124.935813042423,-14.937397513794,1
"26431",125.018129405522,-14.937397513794,1
"26432",125.100445768622,-14.937397513794,1
"26433",125.182762131721,-14.937397513794,1
"26434",125.26507849482,-14.937397513794,1
"26435",125.34739485792,-14.937397513794,1
"26469",128.146151203295,-14.937397513794,1
"26470",128.228467566394,-14.937397513794,1
"26471",128.310783929494,-14.937397513794,1
"26472",128.393100292593,-14.937397513794,1
"26473",128.475416655692,-14.937397513794,1
"26476",128.72236574499,-14.937397513794,1
"26477",128.804682108089,-14.937397513794,1
"26478",128.886998471189,-14.937397513794,1
"26479",128.969314834288,-14.937397513794,1
"26480",129.051631197387,-14.937397513794,1
"26481",129.133947560487,-14.937397513794,1
"26482",129.216263923586,-14.937397513794,1
"26483",129.298580286685,-14.937397513794,1
"26484",129.380896649784,-14.937397513794,1
"26485",129.463213012884,-14.937397513794,1
"26486",129.545529375983,-14.937397513794,1
"26487",129.627845739082,-14.937397513794,1
"26488",129.710162102182,-14.937397513794,1
"26490",129.87479482838,-14.937397513794,1
"26491",129.957111191479,-14.937397513794,1
"26664",120.73767852436,-15.0197138768933,0.498170971870422
"26665",120.819994887459,-15.0197138768933,0.498960077762604
"26666",120.902311250558,-15.0197138768933,0.500004947185516
"26667",120.984627613657,-15.0197138768933,0.501296818256378
"26668",121.066943976757,-15.0197138768933,0.502788126468658
"26669",121.149260339856,-15.0197138768933,0.504518210887909
"26670",121.231576702955,-15.0197138768933,0.506539106369019
"26671",121.313893066055,-15.0197138768933,0.50885134935379
"26672",121.396209429154,-15.0197138768933,0.511470079421997
"26673",121.478525792253,-15.0197138768933,0.514388024806976
"26674",121.560842155352,-15.0197138768933,0.517644464969635
"26675",121.643158518452,-15.0197138768933,0.521333396434784
"26676",121.725474881551,-15.0197138768933,0.525430977344513
"26677",121.80779124465,-15.0197138768933,0.529944777488708
"26678",121.89010760775,-15.0197138768933,0.534895658493042
"26679",121.972423970849,-15.0197138768933,0.54035896062851
"26680",122.054740333948,-15.0197138768933,0.54632306098938
"26681",122.137056697047,-15.0197138768933,0.552786827087402
"26682",122.219373060147,-15.0197138768933,0.559823572635651
"26683",122.301689423246,-15.0197138768933,0.567456364631653
"26684",122.384005786345,-15.0197138768933,0.575738191604614
"26685",122.466322149445,-15.0197138768933,0.584581434726715
"26686",122.548638512544,-15.0197138768933,0.594105541706085
"26687",122.630954875643,-15.0197138768933,0.604337334632874
"26688",122.713271238742,-15.0197138768933,0.615334808826447
"26689",122.795587601842,-15.0197138768933,0.627046644687653
"26690",122.877903964941,-15.0197138768933,0.639537692070007
"26691",122.96022032804,-15.0197138768933,0.652837932109833
"26692",123.04253669114,-15.0197138768933,0.66697359085083
"26693",123.124853054239,-15.0197138768933,0.681927561759949
"26694",123.207169417338,-15.0197138768933,0.697681784629822
"26695",123.289485780437,-15.0197138768933,0.714172065258026
"26696",123.371802143537,-15.0197138768933,0.731418788433075
"26697",123.454118506636,-15.0197138768933,0.749321162700653
"26698",123.536434869735,-15.0197138768933,0.767825782299042
"26699",123.618751232835,-15.0197138768933,0.786892533302307
"26700",123.701067595934,-15.0197138768933,0.806415796279907
"26701",123.783383959033,-15.0197138768933,0.82631927728653
"26702",123.865700322132,-15.0197138768933,0.846502721309662
"26703",123.948016685232,-15.0197138768933,0.866860449314117
"26704",124.030333048331,-15.0197138768933,0.887306571006775
"26705",124.11264941143,-15.0197138768933,0.907756090164185
"26706",124.19496577453,-15.0197138768933,0.928125321865082
"26707",124.277282137629,-15.0197138768933,0.948315739631653
"26708",124.359598500728,-15.0197138768933,0.968232154846191
"26709",124.441914863827,-15.0197138768933,0.987864434719086
"26710",124.524231226927,-15.0197138768933,0.998151898384094
"26711",124.606547590026,-15.0197138768933,1
"26712",124.688863953125,-15.0197138768933,1
"26713",124.771180316225,-15.0197138768933,1
"26714",124.853496679324,-15.0197138768933,1
"26715",124.935813042423,-15.0197138768933,1
"26716",125.018129405522,-15.0197138768933,1
"26717",125.100445768622,-15.0197138768933,1
"26718",125.182762131721,-15.0197138768933,1
"26719",125.26507849482,-15.0197138768933,1
"26720",125.34739485792,-15.0197138768933,1
"26721",125.429711221019,-15.0197138768933,1
"26754",128.146151203295,-15.0197138768933,1
"26755",128.228467566394,-15.0197138768933,1
"26756",128.310783929494,-15.0197138768933,1
"26757",128.393100292593,-15.0197138768933,1
"26758",128.475416655692,-15.0197138768933,1
"26759",128.557733018792,-15.0197138768933,1
"26765",129.051631197387,-15.0197138768933,1
"26766",129.133947560487,-15.0197138768933,1
"26767",129.216263923586,-15.0197138768933,1
"26768",129.298580286685,-15.0197138768933,1
"26770",129.463213012884,-15.0197138768933,1
"26771",129.545529375983,-15.0197138768933,1
"26772",129.627845739082,-15.0197138768933,1
"26948",120.65536216126,-15.1020302399926,0.515548765659332
"26949",120.73767852436,-15.1020302399926,0.516505181789398
"26950",120.819994887459,-15.1020302399926,0.517620623111725
"26951",120.902311250558,-15.1020302399926,0.518958687782288
"26952",120.984627613657,-15.1020302399926,0.520440995693207
"26953",121.066943976757,-15.1020302399926,0.522182881832123
"26954",121.149260339856,-15.1020302399926,0.524164438247681
"26955",121.231576702955,-15.1020302399926,0.526392996311188
"26956",121.313893066055,-15.1020302399926,0.528842568397522
"26957",121.396209429154,-15.1020302399926,0.53162682056427
"26958",121.478525792253,-15.1020302399926,0.534734666347504
"26959",121.560842155352,-15.1020302399926,0.538122117519379
"26960",121.643158518452,-15.1020302399926,0.541856646537781
"26961",121.725474881551,-15.1020302399926,0.545988976955414
"26962",121.80779124465,-15.1020302399926,0.550504505634308
"26963",121.89010760775,-15.1020302399926,0.555410087108612
"26964",121.972423970849,-15.1020302399926,0.560762465000153
"26965",122.054740333948,-15.1020302399926,0.566584527492523
"26966",122.137056697047,-15.1020302399926,0.572865784168243
"26967",122.219373060147,-15.1020302399926,0.579637944698334
"26968",122.301689423246,-15.1020302399926,0.586973488330841
"26969",122.384005786345,-15.1020302399926,0.594864726066589
"26970",122.466322149445,-15.1020302399926,0.603315889835358
"26971",122.548638512544,-15.1020302399926,0.612413346767426
"26972",122.630954875643,-15.1020302399926,0.6221804022789
"26973",122.713271238742,-15.1020302399926,0.632652163505554
"26974",122.795587601842,-15.1020302399926,0.643823385238647
"26975",122.877903964941,-15.1020302399926,0.655712306499481
"26976",122.96022032804,-15.1020302399926,0.66843318939209
"26977",123.04253669114,-15.1020302399926,0.681974589824677
"26978",123.124853054239,-15.1020302399926,0.696264088153839
"26979",123.207169417338,-15.1020302399926,0.711340606212616
"26980",123.289485780437,-15.1020302399926,0.727212607860565
"26981",123.371802143537,-15.1020302399926,0.743796169757843
"26982",123.454118506636,-15.1020302399926,0.761000633239746
"26983",123.536434869735,-15.1020302399926,0.77887487411499
"26984",123.618751232835,-15.1020302399926,0.797299385070801
"26985",123.701067595934,-15.1020302399926,0.816146373748779
"26986",123.783383959033,-15.1020302399926,0.835383713245392
"26987",123.865700322132,-15.1020302399926,0.854961156845093
"26988",123.948016685232,-15.1020302399926,0.874697327613831
"26989",124.030333048331,-15.1020302399926,0.894575655460358
"26990",124.11264941143,-15.1020302399926,0.91450047492981
"26991",124.19496577453,-15.1020302399926,0.934376180171967
"26992",124.277282137629,-15.1020302399926,0.954099714756012
"26993",124.359598500728,-15.1020302399926,0.973599374294281
"26994",124.441914863827,-15.1020302399926,0.992904305458069
"26995",124.524231226927,-15.1020302399926,0.999362111091614
"26996",124.606547590026,-15.1020302399926,1
"26997",124.688863953125,-15.1020302399926,1
"26998",124.771180316225,-15.1020302399926,1
"26999",124.853496679324,-15.1020302399926,1
"27000",124.935813042423,-15.1020302399926,1
"27001",125.018129405522,-15.1020302399926,1
"27002",125.100445768622,-15.1020302399926,1
"27003",125.182762131721,-15.1020302399926,1
"27004",125.26507849482,-15.1020302399926,1
"27005",125.34739485792,-15.1020302399926,1
"27006",125.429711221019,-15.1020302399926,1
"27007",125.512027584118,-15.1020302399926,1
"27038",128.063834840196,-15.1020302399926,1
"27039",128.146151203295,-15.1020302399926,1
"27040",128.228467566394,-15.1020302399926,1
"27041",128.310783929494,-15.1020302399926,1
"27042",128.393100292593,-15.1020302399926,1
"27043",128.475416655692,-15.1020302399926,1
"27051",129.133947560487,-15.1020302399926,1
"27052",129.216263923586,-15.1020302399926,1
"27053",129.298580286685,-15.1020302399926,1
"27055",129.463213012884,-15.1020302399926,1
"27056",129.545529375983,-15.1020302399926,1
"27057",129.627845739082,-15.1020302399926,1
"27058",129.710162102182,-15.1020302399926,1
"27232",120.573045798161,-15.1843466030919,0.532638370990753
"27233",120.65536216126,-15.1843466030919,0.533646702766418
"27234",120.73767852436,-15.1843466030919,0.534922420978546
"27235",120.819994887459,-15.1843466030919,0.53624814748764
"27236",120.902311250558,-15.1843466030919,0.537751436233521
"27237",120.984627613657,-15.1843466030919,0.53952169418335
"27238",121.066943976757,-15.1843466030919,0.541521787643433
"27239",121.149260339856,-15.1843466030919,0.543754577636719
"27240",121.231576702955,-15.1843466030919,0.546183884143829
"27241",121.313893066055,-15.1843466030919,0.54879367351532
"27242",121.396209429154,-15.1843466030919,0.551754772663116
"27243",121.478525792253,-15.1843466030919,0.554999053478241
"27244",121.560842155352,-15.1843466030919,0.558581829071045
"27245",121.643158518452,-15.1843466030919,0.56238716840744
"27246",121.725474881551,-15.1843466030919,0.566515803337097
"27247",121.80779124465,-15.1843466030919,0.570997714996338
"27248",121.89010760775,-15.1843466030919,0.575809299945831
"27249",121.972423970849,-15.1843466030919,0.58102947473526
"27250",122.054740333948,-15.1843466030919,0.586677134037018
"27251",122.137056697047,-15.1843466030919,0.592740535736084
"27252",122.219373060147,-15.1843466030919,0.599208831787109
"27253",122.301689423246,-15.1843466030919,0.606198787689209
"27254",122.384005786345,-15.1843466030919,0.613744616508484
"27255",122.466322149445,-15.1843466030919,0.621786594390869
"27256",122.548638512544,-15.1843466030919,0.630384087562561
"27257",122.630954875643,-15.1843466030919,0.639600455760956
"27258",122.713271238742,-15.1843466030919,0.649494469165802
"27259",122.795587601842,-15.1843466030919,0.66009110212326
"27260",122.877903964941,-15.1843466030919,0.671406209468842
"27261",122.96022032804,-15.1843466030919,0.68350350856781
"27262",123.04253669114,-15.1843466030919,0.696391344070435
"27263",123.124853054239,-15.1843466030919,0.710036218166351
"27264",123.207169417338,-15.1843466030919,0.724468529224396
"27265",123.289485780437,-15.1843466030919,0.739654660224915
"27266",123.371802143537,-15.1843466030919,0.755612254142761
"27267",123.454118506636,-15.1843466030919,0.772225975990295
"27268",123.536434869735,-15.1843466030919,0.789357304573059
"27269",123.618751232835,-15.1843466030919,0.807082235813141
"27270",123.701067595934,-15.1843466030919,0.825339198112488
"27271",123.783383959033,-15.1843466030919,0.843934655189514
"27272",123.865700322132,-15.1843466030919,0.862924516201019
"27273",123.948016685232,-15.1843466030919,0.882120609283447
"27274",124.030333048331,-15.1843466030919,0.901435911655426
"27275",124.11264941143,-15.1843466030919,0.920859217643738
"27276",124.19496577453,-15.1843466030919,0.940232574939728
"27277",124.277282137629,-15.1843466030919,0.959514260292053
"27278",124.359598500728,-15.1843466030919,0.97866815328598
"27279",124.441914863827,-15.1843466030919,0.997451484203339
"27280",124.524231226927,-15.1843466030919,0.999978423118591
"27281",124.606547590026,-15.1843466030919,1
"27282",124.688863953125,-15.1843466030919,1
"27283",124.771180316225,-15.1843466030919,1
"27284",124.853496679324,-15.1843466030919,1
"27285",124.935813042423,-15.1843466030919,1
"27286",125.018129405522,-15.1843466030919,1
"27287",125.100445768622,-15.1843466030919,1
"27288",125.182762131721,-15.1843466030919,1
"27289",125.26507849482,-15.1843466030919,1
"27290",125.34739485792,-15.1843466030919,1
"27291",125.429711221019,-15.1843466030919,1
"27292",125.512027584118,-15.1843466030919,1
"27322",127.981518477097,-15.1843466030919,1
"27323",128.063834840196,-15.1843466030919,1
"27324",128.146151203295,-15.1843466030919,1
"27325",128.228467566394,-15.1843466030919,1
"27326",128.310783929494,-15.1843466030919,1
"27336",129.133947560487,-15.1843466030919,1
"27337",129.216263923586,-15.1843466030919,1
"27341",129.545529375983,-15.1843466030919,1
"27517",120.573045798161,-15.2666629661912,0.550443530082703
"27518",120.65536216126,-15.2666629661912,0.551709532737732
"27519",120.73767852436,-15.2666629661912,0.5531325340271
"27520",120.819994887459,-15.2666629661912,0.554720938205719
"27521",120.902311250558,-15.2666629661912,0.556519508361816
"27522",120.984627613657,-15.2666629661912,0.558537721633911
"27523",121.066943976757,-15.2666629661912,0.560736238956451
"27524",121.149260339856,-15.2666629661912,0.563182890415192
"27525",121.231576702955,-15.2666629661912,0.565836012363434
"27526",121.313893066055,-15.2666629661912,0.568699359893799
"27527",121.396209429154,-15.2666629661912,0.571824252605438
"27528",121.478525792253,-15.2666629661912,0.575170040130615
"27529",121.560842155352,-15.2666629661912,0.57879114151001
"27530",121.643158518452,-15.2666629661912,0.582692563533783
"27531",121.725474881551,-15.2666629661912,0.586836099624634
"27532",121.80779124465,-15.2666629661912,0.591279089450836
"27533",121.89010760775,-15.2666629661912,0.596045911312103
"27534",121.972423970849,-15.2666629661912,0.601136684417725
"27535",122.054740333948,-15.2666629661912,0.606588900089264
"27536",122.137056697047,-15.2666629661912,0.612376153469086
"27537",122.219373060147,-15.2666629661912,0.618593096733093
"27538",122.301689423246,-15.2666629661912,0.625219941139221
"27539",122.384005786345,-15.2666629661912,0.632297277450562
"27540",122.466322149445,-15.2666629661912,0.639876663684845
"27541",122.548638512544,-15.2666629661912,0.6479372382164
"27542",122.630954875643,-15.2666629661912,0.656597197055817
"27543",122.713271238742,-15.2666629661912,0.665897011756897
"27544",122.795587601842,-15.2666629661912,0.675901055335999
"27545",122.877903964941,-15.2666629661912,0.686595916748047
"27546",122.96022032804,-15.2666629661912,0.69805634021759
"27547",123.04253669114,-15.2666629661912,0.710258960723877
"27548",123.124853054239,-15.2666629661912,0.723267495632172
"27549",123.207169417338,-15.2666629661912,0.737053632736206
"27550",123.289485780437,-15.2666629661912,0.751573979854584
"27551",123.371802143537,-15.2666629661912,0.766830384731293
"27552",123.454118506636,-15.2666629661912,0.782762229442596
"27553",123.536434869735,-15.2666629661912,0.799284994602203
"27554",123.618751232835,-15.2666629661912,0.816397249698639
"27555",123.701067595934,-15.2666629661912,0.834017932415009
"27556",123.783383959033,-15.2666629661912,0.852055728435516
"27557",123.865700322132,-15.2666629661912,0.870420694351196
"27558",123.948016685232,-15.2666629661912,0.889096200466156
"27559",124.030333048331,-15.2666629661912,0.907860338687897
"27560",124.11264941143,-15.2666629661912,0.926869094371796
"27561",124.19496577453,-15.2666629661912,0.945777058601379
"27562",124.277282137629,-15.2666629661912,0.964640021324158
"27563",124.359598500728,-15.2666629661912,0.983402967453003
"27564",124.441914863827,-15.2666629661912,0.999152481555939
"27565",124.524231226927,-15.2666629661912,0.999999940395355
"27566",124.606547590026,-15.2666629661912,1
"27567",124.688863953125,-15.2666629661912,1
"27568",124.771180316225,-15.2666629661912,1
"27569",124.853496679324,-15.2666629661912,1
"27570",124.935813042423,-15.2666629661912,1
"27571",125.018129405522,-15.2666629661912,1
"27572",125.100445768622,-15.2666629661912,1
"27608",128.063834840196,-15.2666629661912,1
"27609",128.146151203295,-15.2666629661912,1
"27610",128.228467566394,-15.2666629661912,1
"27621",129.133947560487,-15.2666629661912,1
"27801",120.490729435062,-15.3489793292905,0.566749215126038
"27802",120.573045798161,-15.3489793292905,0.568038403987885
"27803",120.65536216126,-15.3489793292905,0.56956547498703
"27804",120.73767852436,-15.3489793292905,0.5712611079216
"27805",120.819994887459,-15.3489793292905,0.573104321956635
"27806",120.902311250558,-15.3489793292905,0.575101733207703
"27807",120.984627613657,-15.3489793292905,0.577363550662994
"27808",121.066943976757,-15.3489793292905,0.579825758934021
"27809",121.149260339856,-15.3489793292905,0.582487404346466
"27810",121.231576702955,-15.3489793292905,0.585309565067291
"27811",121.313893066055,-15.3489793292905,0.588338851928711
"27812",121.396209429154,-15.3489793292905,0.591625154018402
"27813",121.478525792253,-15.3489793292905,0.595137000083923
"27814",121.560842155352,-15.3489793292905,0.598871111869812
"27815",121.643158518452,-15.3489793292905,0.60282427072525
"27816",121.725474881551,-15.3489793292905,0.606982409954071
"27817",121.80779124465,-15.3489793292905,0.611392855644226
"27818",121.89010760775,-15.3489793292905,0.616086959838867
"27819",121.972423970849,-15.3489793292905,0.621036350727081
"27820",122.054740333948,-15.3489793292905,0.626260459423065
"27821",122.137056697047,-15.3489793292905,0.631778419017792
"27822",122.219373060147,-15.3489793292905,0.637686014175415
"27823",122.301689423246,-15.3489793292905,0.643914639949799
"27824",122.384005786345,-15.3489793292905,0.650560140609741
"27825",122.466322149445,-15.3489793292905,0.657658636569977
"27826",122.548638512544,-15.3489793292905,0.665200054645538
"27827",122.630954875643,-15.3489793292905,0.673294901847839
"27828",122.713271238742,-15.3489793292905,0.681958556175232
"27829",122.795587601842,-15.3489793292905,0.691283524036407
"27830",122.877903964941,-15.3489793292905,0.701291799545288
"27831",122.96022032804,-15.3489793292905,0.712052047252655
"27832",123.04253669114,-15.3489793292905,0.723585426807404
"27833",123.124853054239,-15.3489793292905,0.735919415950775
"27834",123.207169417338,-15.3489793292905,0.748981595039368
"27835",123.289485780437,-15.3489793292905,0.762917757034302
"27836",123.371802143537,-15.3489793292905,0.777446031570435
"27837",123.454118506636,-15.3489793292905,0.792775809764862
"27838",123.536434869735,-15.3489793292905,0.808722913265228
"27839",123.618751232835,-15.3489793292905,0.825233280658722
"27840",123.701067595934,-15.3489793292905,0.842242777347565
"27841",123.783383959033,-15.3489793292905,0.859724342823029
"27842",123.865700322132,-15.3489793292905,0.877568423748016
"27843",123.948016685232,-15.3489793292905,0.89566171169281
"27844",124.030333048331,-15.3489793292905,0.913965821266174
"27845",124.11264941143,-15.3489793292905,0.932496905326843
"27846",124.19496577453,-15.3489793292905,0.950954675674438
"27847",124.277282137629,-15.3489793292905,0.969430208206177
"27848",124.359598500728,-15.3489793292905,0.987729787826538
"27849",124.441914863827,-15.3489793292905,1
"27850",124.524231226927,-15.3489793292905,1
"27851",124.606547590026,-15.3489793292905,1
"27852",124.688863953125,-15.3489793292905,1
"27853",124.771180316225,-15.3489793292905,1
"27854",124.853496679324,-15.3489793292905,1
"27855",124.935813042423,-15.3489793292905,1
"27856",125.018129405522,-15.3489793292905,1
"27857",125.100445768622,-15.3489793292905,1
"27858",125.182762131721,-15.3489793292905,1
"27892",127.981518477097,-15.3489793292905,1
"27893",128.063834840196,-15.3489793292905,1
"27894",128.146151203295,-15.3489793292905,1
"27895",128.228467566394,-15.3489793292905,1
"27896",128.310783929494,-15.3489793292905,1
"28085",120.408413071962,-15.4312956923897,0.586014807224274
"28086",120.490729435062,-15.4312956923897,0.583948791027069
"28087",120.573045798161,-15.4312956923897,0.585446834564209
"28088",120.65536216126,-15.4312956923897,0.587187170982361
"28089",120.73767852436,-15.4312956923897,0.589157819747925
"28090",120.819994887459,-15.4312956923897,0.591265678405762
"28091",120.902311250558,-15.4312956923897,0.593515634536743
"28092",120.984627613657,-15.4312956923897,0.595990240573883
"28093",121.066943976757,-15.4312956923897,0.59868973493576
"28094",121.149260339856,-15.4312956923897,0.60156238079071
"28095",121.231576702955,-15.4312956923897,0.60459315776825
"28096",121.313893066055,-15.4312956923897,0.607861280441284
"28097",121.396209429154,-15.4312956923897,0.611327826976776
"28098",121.478525792253,-15.4312956923897,0.614922881126404
"28099",121.560842155352,-15.4312956923897,0.618740141391754
"28100",121.643158518452,-15.4312956923897,0.62271773815155
"28101",121.725474881551,-15.4312956923897,0.626899063587189
"28102",121.80779124465,-15.4312956923897,0.63129460811615
"28103",121.89010760775,-15.4312956923897,0.63590395450592
"28104",121.972423970849,-15.4312956923897,0.640705466270447
"28105",122.054740333948,-15.4312956923897,0.645709455013275
"28106",122.137056697047,-15.4312956923897,0.650986075401306
"28107",122.219373060147,-15.4312956923897,0.656543552875519
"28108",122.301689423246,-15.4312956923897,0.662365674972534
"28109",122.384005786345,-15.4312956923897,0.668637335300446
"28110",122.466322149445,-15.4312956923897,0.675099670886993
"28111",122.548638512544,-15.4312956923897,0.682043015956879
"28112",122.630954875643,-15.4312956923897,0.689546048641205
"28113",122.713271238742,-15.4312956923897,0.697564780712128
"28114",122.795587601842,-15.4312956923897,0.706190824508667
"28115",122.877903964941,-15.4312956923897,0.715517520904541
"28116",122.96022032804,-15.4312956923897,0.725561738014221
"28117",123.04253669114,-15.4312956923897,0.736409187316895
"28118",123.124853054239,-15.4312956923897,0.748045861721039
"28119",123.207169417338,-15.4312956923897,0.760460615158081
"28120",123.289485780437,-15.4312956923897,0.773693561553955
"28121",123.371802143537,-15.4312956923897,0.787676632404327
"28122",123.454118506636,-15.4312956923897,0.802321195602417
"28123",123.536434869735,-15.4312956923897,0.817666053771973
"28124",123.618751232835,-15.4312956923897,0.833551526069641
"28125",123.701067595934,-15.4312956923897,0.850006401538849
"28126",123.783383959033,-15.4312956923897,0.866943717002869
"28127",123.865700322132,-15.4312956923897,0.884340405464172
"28128",123.948016685232,-15.4312956923897,0.901901066303253
"28129",124.030333048331,-15.4312956923897,0.919769763946533
"28130",124.11264941143,-15.4312956923897,0.937805891036987
"28131",124.19496577453,-15.4312956923897,0.955866098403931
"28132",124.277282137629,-15.4312956923897,0.973973333835602
"28133",124.359598500728,-15.4312956923897,0.991288661956787
"28134",124.441914863827,-15.4312956923897,1
"28135",124.524231226927,-15.4312956923897,1
"28136",124.606547590026,-15.4312956923897,1
"28137",124.688863953125,-15.4312956923897,1
"28138",124.771180316225,-15.4312956923897,1
"28139",124.853496679324,-15.4312956923897,1
"28140",124.935813042423,-15.4312956923897,1
"28141",125.018129405522,-15.4312956923897,1
"28142",125.100445768622,-15.4312956923897,1
"28143",125.182762131721,-15.4312956923897,1
"28177",127.981518477097,-15.4312956923897,1
"28178",128.063834840196,-15.4312956923897,1
"28179",128.146151203295,-15.4312956923897,1
"28180",128.228467566394,-15.4312956923897,1
"28181",128.310783929494,-15.4312956923897,1
"28369",120.326096708863,-15.513612055489,0.599073827266693
"28370",120.408413071962,-15.513612055489,0.599346041679382
"28371",120.490729435062,-15.513612055489,0.600900113582611
"28372",120.573045798161,-15.513612055489,0.602689325809479
"28373",120.65536216126,-15.513612055489,0.60465407371521
"28374",120.73767852436,-15.513612055489,0.606770753860474
"28375",120.819994887459,-15.513612055489,0.609132826328278
"28376",120.902311250558,-15.513612055489,0.611651182174683
"28377",120.984627613657,-15.513612055489,0.614357650279999
"28378",121.066943976757,-15.513612055489,0.61728572845459
"28379",121.149260339856,-15.513612055489,0.620343387126923
"28380",121.231576702955,-15.513612055489,0.623611271381378
"28381",121.313893066055,-15.513612055489,0.627071022987366
"28382",121.396209429154,-15.513612055489,0.630686342716217
"28383",121.478525792253,-15.513612055489,0.634477317333221
"28384",121.560842155352,-15.513612055489,0.638374924659729
"28385",121.643158518452,-15.513612055489,0.64240437746048
"28386",121.725474881551,-15.513612055489,0.646647036075592
"28387",121.80779124465,-15.513612055489,0.650975525379181
"28388",121.89010760775,-15.513612055489,0.655479788780212
"28389",121.972423970849,-15.513612055489,0.660141825675964
"28390",122.054740333948,-15.513612055489,0.664953470230103
"28391",122.137056697047,-15.513612055489,0.669952273368835
"28392",122.219373060147,-15.513612055489,0.675090789794922
"28393",122.301689423246,-15.513612055489,0.680513799190521
"28394",122.384005786345,-15.513612055489,0.686296045780182
"28395",122.466322149445,-15.513612055489,0.692270457744598
"28396",122.548638512544,-15.513612055489,0.698606431484222
"28397",122.630954875643,-15.513612055489,0.7054443359375
"28398",122.713271238742,-15.513612055489,0.712726950645447
"28399",122.795587601842,-15.513612055489,0.72065144777298
"28400",122.877903964941,-15.513612055489,0.729272663593292
"28401",122.96022032804,-15.513612055489,0.738610029220581
"28402",123.04253669114,-15.513612055489,0.748703420162201
"28403",123.124853054239,-15.513612055489,0.759620904922485
"28404",123.207169417338,-15.513612055489,0.771367967128754
"28405",123.289485780437,-15.513612055489,0.78393030166626
"28406",123.371802143537,-15.513612055489,0.797296226024628
"28407",123.454118506636,-15.513612055489,0.811383426189423
"28408",123.536434869735,-15.513612055489,0.826125681400299
"28409",123.618751232835,-15.513612055489,0.841544091701508
"28410",123.701067595934,-15.513612055489,0.857451319694519
"28411",123.783383959033,-15.513612055489,0.873906970024109
"28412",123.865700322132,-15.513612055489,0.890742242336273
"28413",123.948016685232,-15.513612055489,0.907861649990082
"28414",124.030333048331,-15.513612055489,0.925279378890991
"28415",124.11264941143,-15.513612055489,0.942848145961761
"28416",124.19496577453,-15.513612055489,0.960569143295288
"28417",124.277282137629,-15.513612055489,0.97832852602005
"28418",124.359598500728,-15.513612055489,0.994189918041229
"28419",124.441914863827,-15.513612055489,1
"28420",124.524231226927,-15.513612055489,1
"28421",124.606547590026,-15.513612055489,1
"28422",124.688863953125,-15.513612055489,1
"28427",125.100445768622,-15.513612055489,1
"28428",125.182762131721,-15.513612055489,1
"28462",127.981518477097,-15.513612055489,1
"28463",128.063834840196,-15.513612055489,1
"28464",128.146151203295,-15.513612055489,1
"28466",128.310783929494,-15.513612055489,1
"28653",120.243780345764,-15.5959284185883,0.619951903820038
"28654",120.326096708863,-15.5959284185883,0.615798473358154
"28655",120.408413071962,-15.5959284185883,0.615781962871552
"28656",120.490729435062,-15.5959284185883,0.617585182189941
"28657",120.573045798161,-15.5959284185883,0.619630515575409
"28658",120.65536216126,-15.5959284185883,0.621793866157532
"28659",120.73767852436,-15.5959284185883,0.624163091182709
"28660",120.819994887459,-15.5959284185883,0.626729547977448
"28661",120.902311250558,-15.5959284185883,0.629517078399658
"28662",120.984627613657,-15.5959284185883,0.632458388805389
"28663",121.066943976757,-15.5959284185883,0.635581016540527
"28664",121.149260339856,-15.5959284185883,0.638862907886505
"28665",121.231576702955,-15.5959284185883,0.642326951026917
"28666",121.313893066055,-15.5959284185883,0.645988404750824
"28667",121.396209429154,-15.5959284185883,0.649761378765106
"28668",121.478525792253,-15.5959284185883,0.653692960739136
"28669",121.560842155352,-15.5959284185883,0.657664716243744
"28670",121.643158518452,-15.5959284185883,0.66180956363678
"28671",121.725474881551,-15.5959284185883,0.666053950786591
"28672",121.80779124465,-15.5959284185883,0.670376360416412
"28673",121.89010760775,-15.5959284185883,0.674739718437195
"28674",121.972423970849,-15.5959284185883,0.679288864135742
"28675",122.054740333948,-15.5959284185883,0.683940410614014
"28676",122.137056697047,-15.5959284185883,0.688622176647186
"28677",122.219373060147,-15.5959284185883,0.69345086812973
"28678",122.301689423246,-15.5959284185883,0.698542356491089
"28679",122.384005786345,-15.5959284185883,0.703716576099396
"28680",122.466322149445,-15.5959284185883,0.709118962287903
"28681",122.548638512544,-15.5959284185883,0.714831411838531
"28682",122.630954875643,-15.5959284185883,0.720940887928009
"28683",122.713271238742,-15.5959284185883,0.727529942989349
"28684",122.795587601842,-15.5959284185883,0.734707474708557
"28685",122.877903964941,-15.5959284185883,0.742542684078217
"28686",122.96022032804,-15.5959284185883,0.75113320350647
"28687",123.04253669114,-15.5959284185883,0.760490953922272
"28688",123.124853054239,-15.5959284185883,0.770747601985931
"28689",123.207169417338,-15.5959284185883,0.781869232654572
"28690",123.289485780437,-15.5959284185883,0.793790221214294
"28691",123.371802143537,-15.5959284185883,0.806550920009613
"28692",123.454118506636,-15.5959284185883,0.819999933242798
"28693",123.536434869735,-15.5959284185883,0.834261894226074
"28694",123.618751232835,-15.5959284185883,0.849111557006836
"28695",123.701067595934,-15.5959284185883,0.864536881446838
"28696",123.783383959033,-15.5959284185883,0.88050788640976
"28697",123.865700322132,-15.5959284185883,0.896876335144043
"28698",123.948016685232,-15.5959284185883,0.913575887680054
"28699",124.030333048331,-15.5959284185883,0.930544316768646
"28700",124.11264941143,-15.5959284185883,0.947716653347015
"28701",124.19496577453,-15.5959284185883,0.96508914232254
"28702",124.277282137629,-15.5959284185883,0.982439279556274
"28703",124.359598500728,-15.5959284185883,0.99659937620163
"28704",124.441914863827,-15.5959284185883,1
"28705",124.524231226927,-15.5959284185883,1
"28706",124.606547590026,-15.5959284185883,1
"28712",125.100445768622,-15.5959284185883,1
"28713",125.182762131721,-15.5959284185883,1
"28714",125.26507849482,-15.5959284185883,1
"28748",128.063834840196,-15.5959284185883,1
"28752",128.393100292593,-15.5959284185883,1
"28937",120.161463982665,-15.6782447816876,0.632286727428436
"28938",120.243780345764,-15.6782447816876,0.629450738430023
"28939",120.326096708863,-15.6782447816876,0.630184590816498
"28940",120.408413071962,-15.6782447816876,0.631966471672058
"28941",120.490729435062,-15.6782447816876,0.633964955806732
"28942",120.573045798161,-15.6782447816876,0.636189639568329
"28943",120.65536216126,-15.6782447816876,0.638601958751678
"28944",120.73767852436,-15.6782447816876,0.641222476959229
"28945",120.819994887459,-15.6782447816876,0.643965780735016
"28946",120.902311250558,-15.6782447816876,0.64699250459671
"28947",120.984627613657,-15.6782447816876,0.650136947631836
"28948",121.066943976757,-15.6782447816876,0.653528869152069
"28949",121.149260339856,-15.6782447816876,0.65704870223999
"28950",121.231576702955,-15.6782447816876,0.660703480243683
"28951",121.313893066055,-15.6782447816876,0.664563715457916
"28952",121.396209429154,-15.6782447816876,0.66849559545517
"28953",121.478525792253,-15.6782447816876,0.672561287879944
"28954",121.560842155352,-15.6782447816876,0.676704347133636
"28955",121.643158518452,-15.6782447816876,0.680884003639221
"28956",121.725474881551,-15.6782447816876,0.685126125812531
"28957",121.80779124465,-15.6782447816876,0.689409196376801
"28958",121.89010760775,-15.6782447816876,0.693768382072449
"28959",121.972423970849,-15.6782447816876,0.698142886161804
"28960",122.054740333948,-15.6782447816876,0.702569663524628
"28961",122.137056697047,-15.6782447816876,0.707007944583893
"28962",122.219373060147,-15.6782447816876,0.711505949497223
"28963",122.301689423246,-15.6782447816876,0.716108858585358
"28964",122.384005786345,-15.6782447816876,0.720783591270447
"28965",122.466322149445,-15.6782447816876,0.725650310516357
"28966",122.548638512544,-15.6782447816876,0.73069167137146
"28967",122.630954875643,-15.6782447816876,0.73611980676651
"28968",122.713271238742,-15.6782447816876,0.741944789886475
"28969",122.795587601842,-15.6782447816876,0.748344480991364
"28970",122.877903964941,-15.6782447816876,0.755354464054108
"28971",122.96022032804,-15.6782447816876,0.763204514980316
"28972",123.04253669114,-15.6782447816876,0.771852493286133
"28973",123.124853054239,-15.6782447816876,0.781381845474243
"28974",123.207169417338,-15.6782447816876,0.791832864284515
"28975",123.289485780437,-15.6782447816876,0.803159534931183
"28976",123.371802143537,-15.6782447816876,0.815329492092133
"28977",123.454118506636,-15.6782447816876,0.828337013721466
"28978",123.536434869735,-15.6782447816876,0.842031061649323
"28979",123.618751232835,-15.6782447816876,0.856330156326294
"28980",123.701067595934,-15.6782447816876,0.871302843093872
"28981",123.783383959033,-15.6782447816876,0.886800825595856
"28982",123.865700322132,-15.6782447816876,0.902765095233917
"28983",123.948016685232,-15.6782447816876,0.919024884700775
"28984",124.030333048331,-15.6782447816876,0.935600459575653
"28985",124.11264941143,-15.6782447816876,0.952402830123901
"28986",124.19496577453,-15.6782447816876,0.969335854053497
"28987",124.277282137629,-15.6782447816876,0.986359655857086
"28988",124.359598500728,-15.6782447816876,0.998517096042633
"28989",124.441914863827,-15.6782447816876,1
"29222",120.161463982665,-15.7605611447869,0.642657220363617
"29223",120.243780345764,-15.7605611447869,0.644041180610657
"29224",120.326096708863,-15.7605611447869,0.645832359790802
"29225",120.408413071962,-15.7605611447869,0.647806167602539
"29226",120.490729435062,-15.7605611447869,0.649945914745331
"29227",120.573045798161,-15.7605611447869,0.652350962162018
"29228",120.65536216126,-15.7605611447869,0.654955804347992
"29229",120.73767852436,-15.7605611447869,0.657843232154846
"29230",120.819994887459,-15.7605611447869,0.660822093486786
"29231",120.902311250558,-15.7605611447869,0.6640505194664
"29232",120.984627613657,-15.7605611447869,0.667441546916962
"29233",121.066943976757,-15.7605611447869,0.671043872833252
"29234",121.149260339856,-15.7605611447869,0.674815356731415
"29235",121.231576702955,-15.7605611447869,0.678680300712585
"29236",121.313893066055,-15.7605611447869,0.682735323905945
"29237",121.396209429154,-15.7605611447869,0.686924040317535
"29238",121.478525792253,-15.7605611447869,0.691060781478882
"29239",121.560842155352,-15.7605611447869,0.695278704166412
"29240",121.643158518452,-15.7605611447869,0.699627041816711
"29241",121.725474881551,-15.7605611447869,0.703881978988647
"29242",121.80779124465,-15.7605611447869,0.708127558231354
"29243",121.89010760775,-15.7605611447869,0.712436556816101
"29244",121.972423970849,-15.7605611447869,0.716671407222748
"29245",122.054740333948,-15.7605611447869,0.720877230167389
"29246",122.137056697047,-15.7605611447869,0.725065588951111
"29247",122.219373060147,-15.7605611447869,0.729247629642487
"29248",122.301689423246,-15.7605611447869,0.733447909355164
"29249",122.384005786345,-15.7605611447869,0.737660706043243
"29250",122.466322149445,-15.7605611447869,0.741882264614105
"29251",122.548638512544,-15.7605611447869,0.746279954910278
"29252",122.630954875643,-15.7605611447869,0.750962257385254
"29253",122.713271238742,-15.7605611447869,0.756043612957001
"29254",122.795587601842,-15.7605611447869,0.761543214321136
"29255",122.877903964941,-15.7605611447869,0.76776647567749
"29256",122.96022032804,-15.7605611447869,0.774822294712067
"29257",123.04253669114,-15.7605611447869,0.782705962657928
"29258",123.124853054239,-15.7605611447869,0.791532576084137
"29259",123.207169417338,-15.7605611447869,0.801360666751862
"29260",123.289485780437,-15.7605611447869,0.812065601348877
"29261",123.371802143537,-15.7605611447869,0.823730766773224
"29262",123.454118506636,-15.7605611447869,0.836197137832642
"29263",123.536434869735,-15.7605611447869,0.849368393421173
"29264",123.618751232835,-15.7605611447869,0.863231241703033
"29265",123.701067595934,-15.7605611447869,0.877791404724121
"29266",123.783383959033,-15.7605611447869,0.892870783805847
"29267",123.865700322132,-15.7605611447869,0.908381819725037
"29268",123.948016685232,-15.7605611447869,0.924260854721069
"29269",124.030333048331,-15.7605611447869,0.940443634986877
"29270",124.11264941143,-15.7605611447869,0.956906676292419
"29271",124.19496577453,-15.7605611447869,0.973504602909088
"29272",124.277282137629,-15.7605611447869,0.99006325006485
"29273",124.359598500728,-15.7605611447869,0.999923646450043
"29274",124.441914863827,-15.7605611447869,1
"29275",124.524231226927,-15.7605611447869,1
"29277",124.688863953125,-15.7605611447869,1
"29278",124.771180316225,-15.7605611447869,1
"29507",120.161463982665,-15.8428775078862,0.657441079616547
"29508",120.243780345764,-15.8428775078862,0.659149169921875
"29509",120.326096708863,-15.8428775078862,0.661040008068085
"29510",120.408413071962,-15.8428775078862,0.663175582885742
"29511",120.490729435062,-15.8428775078862,0.665564239025116
"29512",120.573045798161,-15.8428775078862,0.66816258430481
"29513",120.65536216126,-15.8428775078862,0.670965790748596
"29514",120.73767852436,-15.8428775078862,0.674031853675842
"29515",120.819994887459,-15.8428775078862,0.677206754684448
"29516",120.902311250558,-15.8428775078862,0.680659890174866
"29517",120.984627613657,-15.8428775078862,0.684276342391968
"29518",121.066943976757,-15.8428775078862,0.688096523284912
"29519",121.149260339856,-15.8428775078862,0.692084670066833
"29520",121.231576702955,-15.8428775078862,0.696176469326019
"29521",121.313893066055,-15.8428775078862,0.700450420379639
"29522",121.396209429154,-15.8428775078862,0.704796612262726
"29523",121.478525792253,-15.8428775078862,0.709130644798279
"29524",121.560842155352,-15.8428775078862,0.713553845882416
"29525",121.643158518452,-15.8428775078862,0.717885494232178
"29526",121.725474881551,-15.8428775078862,0.722153842449188
"29527",121.80779124465,-15.8428775078862,0.726429164409637
"29528",121.89010760775,-15.8428775078862,0.730658650398254
"29529",121.972423970849,-15.8428775078862,0.734785974025726
"29530",122.054740333948,-15.8428775078862,0.738843739032745
"29531",122.137056697047,-15.8428775078862,0.742783784866333
"29532",122.219373060147,-15.8428775078862,0.746646046638489
"29533",122.301689423246,-15.8428775078862,0.750432074069977
"29534",122.384005786345,-15.8428775078862,0.754129946231842
"29535",122.466322149445,-15.8428775078862,0.757811069488525
"29536",122.548638512544,-15.8428775078862,0.761544704437256
"29537",122.630954875643,-15.8428775078862,0.765434861183167
"29538",122.713271238742,-15.8428775078862,0.769679427146912
"29539",122.795587601842,-15.8428775078862,0.774359822273254
"29540",122.877903964941,-15.8428775078862,0.779755473136902
"29541",122.96022032804,-15.8428775078862,0.785969972610474
"29542",123.04253669114,-15.8428775078862,0.793111741542816
"29543",123.124853054239,-15.8428775078862,0.80126827955246
"29544",123.207169417338,-15.8428775078862,0.810468554496765
"29545",123.289485780437,-15.8428775078862,0.820621907711029
"29546",123.371802143537,-15.8428775078862,0.831731677055359
"29547",123.454118506636,-15.8428775078862,0.843727111816406
"29548",123.536434869735,-15.8428775078862,0.856495559215546
"29549",123.618751232835,-15.8428775078862,0.869995713233948
"29550",123.701067595934,-15.8428775078862,0.884102404117584
"29551",123.783383959033,-15.8428775078862,0.898715972900391
"29552",123.865700322132,-15.8428775078862,0.913817048072815
"29553",123.948016685232,-15.8428775078862,0.92934262752533
"29554",124.030333048331,-15.8428775078862,0.94517594575882
"29555",124.11264941143,-15.8428775078862,0.961246848106384
"29556",124.19496577453,-15.8428775078862,0.977491855621338
"29557",124.277282137629,-15.8428775078862,0.99271148443222
"29558",124.359598500728,-15.8428775078862,1
"29559",124.441914863827,-15.8428775078862,1
"29560",124.524231226927,-15.8428775078862,1
"29561",124.606547590026,-15.8428775078862,1
"29562",124.688863953125,-15.8428775078862,1
"29791",120.079147619565,-15.9251938709855,0.672993123531342
"29792",120.161463982665,-15.9251938709855,0.672077357769012
"29793",120.243780345764,-15.9251938709855,0.673862040042877
"29794",120.326096708863,-15.9251938709855,0.675889074802399
"29795",120.408413071962,-15.9251938709855,0.678198397159576
"29796",120.490729435062,-15.9251938709855,0.680725872516632
"29797",120.573045798161,-15.9251938709855,0.683499693870544
"29798",120.65536216126,-15.9251938709855,0.686488091945648
"29799",120.73767852436,-15.9251938709855,0.689707934856415
"29800",120.819994887459,-15.9251938709855,0.693122923374176
"29801",120.902311250558,-15.9251938709855,0.696781635284424
"29802",120.984627613657,-15.9251938709855,0.700624525547028
"29803",121.066943976757,-15.9251938709855,0.704658210277557
"29804",121.149260339856,-15.9251938709855,0.708842754364014
"29805",121.231576702955,-15.9251938709855,0.71315199136734
"29806",121.313893066055,-15.9251938709855,0.717651844024658
"29807",121.396209429154,-15.9251938709855,0.722148299217224
"29808",121.478525792253,-15.9251938709855,0.726675927639008
"29809",121.560842155352,-15.9251938709855,0.731230974197388
"29810",121.643158518452,-15.9251938709855,0.735677659511566
"29811",121.725474881551,-15.9251938709855,0.740024626255035
"29812",121.80779124465,-15.9251938709855,0.744312882423401
"29813",121.89010760775,-15.9251938709855,0.74846339225769
"29814",121.972423970849,-15.9251938709855,0.752496063709259
"29815",122.054740333948,-15.9251938709855,0.756403803825378
"29816",122.137056697047,-15.9251938709855,0.760152637958527
"29817",122.219373060147,-15.9251938709855,0.763762712478638
"29818",122.301689423246,-15.9251938709855,0.767173290252686
"29819",122.384005786345,-15.9251938709855,0.770373046398163
"29820",122.466322149445,-15.9251938709855,0.773470520973206
"29821",122.548638512544,-15.9251938709855,0.776529908180237
"29822",122.630954875643,-15.9251938709855,0.779661595821381
"29823",122.713271238742,-15.9251938709855,0.783017516136169
"29824",122.795587601842,-15.9251938709855,0.786791741847992
"29825",122.877903964941,-15.9251938709855,0.791286826133728
"29826",122.96022032804,-15.9251938709855,0.796675443649292
"29827",123.04253669114,-15.9251938709855,0.803069770336151
"29828",123.124853054239,-15.9251938709855,0.810559272766113
"29829",123.207169417338,-15.9251938709855,0.819198846817017
"29830",123.289485780437,-15.9251938709855,0.82886791229248
"29831",123.371802143537,-15.9251938709855,0.839497208595276
"29832",123.454118506636,-15.9251938709855,0.851016998291016
"29833",123.536434869735,-15.9251938709855,0.863365113735199
"29834",123.618751232835,-15.9251938709855,0.87644749879837
"29835",123.701067595934,-15.9251938709855,0.89018988609314
"29836",123.783383959033,-15.9251938709855,0.904439926147461
"29837",123.865700322132,-15.9251938709855,0.919142365455627
"29838",123.948016685232,-15.9251938709855,0.934291183948517
"29839",124.030333048331,-15.9251938709855,0.949759900569916
"29840",124.11264941143,-15.9251938709855,0.965498149394989
"29841",124.19496577453,-15.9251938709855,0.981458067893982
"29842",124.277282137629,-15.9251938709855,0.99495404958725
"29843",124.359598500728,-15.9251938709855,1
"29844",124.441914863827,-15.9251938709855,1
"29845",124.524231226927,-15.9251938709855,1
"29846",124.606547590026,-15.9251938709855,1
"30076",120.079147619565,-16.0075102340847,0.684476137161255
"30077",120.161463982665,-16.0075102340847,0.686219990253448
"30078",120.243780345764,-16.0075102340847,0.688138663768768
"30079",120.326096708863,-16.0075102340847,0.690340101718903
"30080",120.408413071962,-16.0075102340847,0.692732632160187
"30081",120.490729435062,-16.0075102340847,0.695387899875641
"30082",120.573045798161,-16.0075102340847,0.698257684707642
"30083",120.65536216126,-16.0075102340847,0.701411962509155
"30084",120.73767852436,-16.0075102340847,0.704817116260529
"30085",120.819994887459,-16.0075102340847,0.708453774452209
"30086",120.902311250558,-16.0075102340847,0.712327480316162
"30087",120.984627613657,-16.0075102340847,0.716385364532471
"30088",121.066943976757,-16.0075102340847,0.720615804195404
"30089",121.149260339856,-16.0075102340847,0.725029766559601
"30090",121.231576702955,-16.0075102340847,0.729597866535187
"30091",121.313893066055,-16.0075102340847,0.734301626682281
"30092",121.396209429154,-16.0075102340847,0.738978445529938
"30093",121.478525792253,-16.0075102340847,0.743721783161163
"30094",121.560842155352,-16.0075102340847,0.748393356800079
"30095",121.643158518452,-16.0075102340847,0.752936840057373
"30096",121.725474881551,-16.0075102340847,0.757378458976746
"30097",121.80779124465,-16.0075102340847,0.761665999889374
"30098",121.89010760775,-16.0075102340847,0.765782415866852
"30099",121.972423970849,-16.0075102340847,0.769731104373932
"30100",122.054740333948,-16.0075102340847,0.773496687412262
"30101",122.137056697047,-16.0075102340847,0.7770756483078
"30102",122.219373060147,-16.0075102340847,0.780442476272583
"30103",122.301689423246,-16.0075102340847,0.783572793006897
"30104",122.384005786345,-16.0075102340847,0.786369919776917
"30105",122.466322149445,-16.0075102340847,0.788856625556946
"30106",122.548638512544,-16.0075102340847,0.791215240955353
"30107",122.630954875643,-16.0075102340847,0.793534219264984
"30108",122.713271238742,-16.0075102340847,0.795982122421265
"30109",122.795587601842,-16.0075102340847,0.798826158046722
"30110",122.877903964941,-16.0075102340847,0.802379906177521
"30111",122.96022032804,-16.0075102340847,0.806914508342743
"30112",123.04253669114,-16.0075102340847,0.812586665153503
"30113",123.124853054239,-16.0075102340847,0.819469749927521
"30114",123.207169417338,-16.0075102340847,0.827570259571075
"30115",123.289485780437,-16.0075102340847,0.836780250072479
"30116",123.371802143537,-16.0075102340847,0.84698212146759
"30117",123.454118506636,-16.0075102340847,0.858148634433746
"30118",123.536434869735,-16.0075102340847,0.87011182308197
"30119",123.618751232835,-16.0075102340847,0.882791340351105
"30120",123.701067595934,-16.0075102340847,0.896144866943359
"30121",123.783383959033,-16.0075102340847,0.910029530525208
"30122",123.865700322132,-16.0075102340847,0.924364447593689
"30123",123.948016685232,-16.0075102340847,0.939150393009186
"30124",124.030333048331,-16.0075102340847,0.954276442527771
"30125",124.11264941143,-16.0075102340847,0.969693660736084
"30126",124.19496577453,-16.0075102340847,0.985316753387451
"30127",124.277282137629,-16.0075102340847,0.996748387813568
"30128",124.359598500728,-16.0075102340847,1
"30129",124.441914863827,-16.0075102340847,1
"30130",124.524231226927,-16.0075102340847,1
"30360",119.996831256466,-16.089826597184,0.697567522525787
"30361",120.079147619565,-16.089826597184,0.698110997676849
"30362",120.161463982665,-16.089826597184,0.69990998506546
"30363",120.243780345764,-16.089826597184,0.70193737745285
"30364",120.326096708863,-16.089826597184,0.704225063323975
"30365",120.408413071962,-16.089826597184,0.706699967384338
"30366",120.490729435062,-16.089826597184,0.709468007087708
"30367",120.573045798161,-16.089826597184,0.712522745132446
"30368",120.65536216126,-16.089826597184,0.715870201587677
"30369",120.73767852436,-16.089826597184,0.719398558139801
"30370",120.819994887459,-16.089826597184,0.723151803016663
"30371",120.902311250558,-16.089826597184,0.727195680141449
"30372",120.984627613657,-16.089826597184,0.731462895870209
"30373",121.066943976757,-16.089826597184,0.735903084278107
"30374",121.149260339856,-16.089826597184,0.740573465824127
"30375",121.231576702955,-16.089826597184,0.745375335216522
"30376",121.313893066055,-16.089826597184,0.750264525413513
"30377",121.396209429154,-16.089826597184,0.755202889442444
"30378",121.478525792253,-16.089826597184,0.760119438171387
"30379",121.560842155352,-16.089826597184,0.764934122562408
"30380",121.643158518452,-16.089826597184,0.769610047340393
"30381",121.725474881551,-16.089826597184,0.77414470911026
"30382",121.80779124465,-16.089826597184,0.77845573425293
"30383",121.89010760775,-16.089826597184,0.782533168792725
"30384",121.972423970849,-16.089826597184,0.786392509937286
"30385",122.054740333948,-16.089826597184,0.790068984031677
"30386",122.137056697047,-16.089826597184,0.793493747711182
"30387",122.219373060147,-16.089826597184,0.796655893325806
"30388",122.301689423246,-16.089826597184,0.799508452415466
"30389",122.384005786345,-16.089826597184,0.801970303058624
"30390",122.466322149445,-16.089826597184,0.804018437862396
"30391",122.548638512544,-16.089826597184,0.805706739425659
"30392",122.630954875643,-16.089826597184,0.807186424732208
"30393",122.713271238742,-16.089826597184,0.808703780174255
"30394",122.795587601842,-16.089826597184,0.810575127601624
"30395",122.877903964941,-16.089826597184,0.813134491443634
"30396",122.96022032804,-16.089826597184,0.816791713237762
"30397",123.04253669114,-16.089826597184,0.821773111820221
"30398",123.124853054239,-16.089826597184,0.82810389995575
"30399",123.207169417338,-16.089826597184,0.835714936256409
"30400",123.289485780437,-16.089826597184,0.844501793384552
"30401",123.371802143537,-16.089826597184,0.854363143444061
"30402",123.454118506636,-16.089826597184,0.865114033222198
"30403",123.536434869735,-16.089826597184,0.876715362071991
"30404",123.618751232835,-16.089826597184,0.889055788516998
"30405",123.701067595934,-16.089826597184,0.902047455310822
"30406",123.783383959033,-16.089826597184,0.915559709072113
"30407",123.865700322132,-16.089826597184,0.929532706737518
"30408",123.948016685232,-16.089826597184,0.943988680839539
"30409",124.030333048331,-16.089826597184,0.958756327629089
"30410",124.11264941143,-16.089826597184,0.973817944526672
"30411",124.19496577453,-16.089826597184,0.989144861698151
"30412",124.277282137629,-16.089826597184,0.998168528079987
"30413",124.359598500728,-16.089826597184,1
"30414",124.441914863827,-16.089826597184,1
"30415",124.524231226927,-16.089826597184,1
"30416",124.606547590026,-16.089826597184,1
"30644",119.914514893367,-16.1721429602833,0.70842832326889
"30645",119.996831256466,-16.1721429602833,0.709704577922821
"30646",120.079147619565,-16.1721429602833,0.711332440376282
"30647",120.161463982665,-16.1721429602833,0.713172733783722
"30648",120.243780345764,-16.1721429602833,0.715242564678192
"30649",120.326096708863,-16.1721429602833,0.717574119567871
"30650",120.408413071962,-16.1721429602833,0.72015643119812
"30651",120.490729435062,-16.1721429602833,0.723017036914825
"30652",120.573045798161,-16.1721429602833,0.726151823997498
"30653",120.65536216126,-16.1721429602833,0.729595541954041
"30654",120.73767852436,-16.1721429602833,0.733300447463989
"30655",120.819994887459,-16.1721429602833,0.737174391746521
"30656",120.902311250558,-16.1721429602833,0.74134624004364
"30657",120.984627613657,-16.1721429602833,0.745810389518738
"30658",121.066943976757,-16.1721429602833,0.750492215156555
"30659",121.149260339856,-16.1721429602833,0.755377173423767
"30660",121.231576702955,-16.1721429602833,0.760392785072327
"30661",121.313893066055,-16.1721429602833,0.765518486499786
"30662",121.396209429154,-16.1721429602833,0.770708918571472
"30663",121.478525792253,-16.1721429602833,0.775848388671875
"30664",121.560842155352,-16.1721429602833,0.780835688114166
"30665",121.643158518452,-16.1721429602833,0.785656750202179
"30666",121.725474881551,-16.1721429602833,0.790282309055328
"30667",121.80779124465,-16.1721429602833,0.794655859470367
"30668",121.89010760775,-16.1721429602833,0.798689782619476
"30669",121.972423970849,-16.1721429602833,0.802448153495789
"30670",122.054740333948,-16.1721429602833,0.806028544902802
"30671",122.137056697047,-16.1721429602833,0.80933153629303
"30672",122.219373060147,-16.1721429602833,0.812332987785339
"30673",122.301689423246,-16.1721429602833,0.814996182918549
"30674",122.384005786345,-16.1721429602833,0.817180931568146
"30675",122.466322149445,-16.1721429602833,0.818882822990417
"30676",122.548638512544,-16.1721429602833,0.819966912269592
"30677",122.630954875643,-16.1721429602833,0.820637047290802
"30678",122.713271238742,-16.1721429602833,0.821203708648682
"30679",122.795587601842,-16.1721429602833,0.822048902511597
"30680",122.877903964941,-16.1721429602833,0.823583781719208
"30681",122.96022032804,-16.1721429602833,0.826324582099915
"30682",123.04253669114,-16.1721429602833,0.830656766891479
"30683",123.124853054239,-16.1721429602833,0.836514294147491
"30684",123.207169417338,-16.1721429602833,0.843734681606293
"30685",123.289485780437,-16.1721429602833,0.852157235145569
"30686",123.371802143537,-16.1721429602833,0.861679196357727
"30687",123.454118506636,-16.1721429602833,0.872111558914185
"30688",123.536434869735,-16.1721429602833,0.883348107337952
"30689",123.618751232835,-16.1721429602833,0.895272135734558
"30690",123.701067595934,-16.1721429602833,0.907908797264099
"30691",123.783383959033,-16.1721429602833,0.921069920063019
"30692",123.865700322132,-16.1721429602833,0.934679985046387
"30693",123.948016685232,-16.1721429602833,0.948828995227814
"30694",124.030333048331,-16.1721429602833,0.963223993778229
"30695",124.11264941143,-16.1721429602833,0.978004693984985
"30696",124.19496577453,-16.1721429602833,0.992973208427429
"30697",124.277282137629,-16.1721429602833,0.99918919801712
"30698",124.359598500728,-16.1721429602833,1
"30699",124.441914863827,-16.1721429602833,1
"30700",124.524231226927,-16.1721429602833,1
"30701",124.606547590026,-16.1721429602833,1
"30924",119.50293307787,-16.2544593233826,0.722988188266754
"30925",119.58524944097,-16.2544593233826,0.718824744224548
"30926",119.667565804069,-16.2544593233826,0.717729985713959
"30927",119.749882167168,-16.2544593233826,0.718662679195404
"30928",119.832198530267,-16.2544593233826,0.719694674015045
"30929",119.914514893367,-16.2544593233826,0.720951080322266
"30930",119.996831256466,-16.2544593233826,0.722379386425018
"30931",120.079147619565,-16.2544593233826,0.72404146194458
"30932",120.161463982665,-16.2544593233826,0.725889980792999
"30933",120.243780345764,-16.2544593233826,0.728000402450562
"30934",120.326096708863,-16.2544593233826,0.730365931987762
"30935",120.408413071962,-16.2544593233826,0.733015120029449
"30936",120.490729435062,-16.2544593233826,0.735909223556519
"30937",120.573045798161,-16.2544593233826,0.739125847816467
"30938",120.65536216126,-16.2544593233826,0.742663860321045
"30939",120.73767852436,-16.2544593233826,0.746423959732056
"30940",120.819994887459,-16.2544593233826,0.750471889972687
"30941",120.902311250558,-16.2544593233826,0.754779160022736
"30942",120.984627613657,-16.2544593233826,0.75941401720047
"30943",121.066943976757,-16.2544593233826,0.764302492141724
"30944",121.149260339856,-16.2544593233826,0.769361734390259
"30945",121.231576702955,-16.2544593233826,0.774647057056427
"30946",121.313893066055,-16.2544593233826,0.780009686946869
"30947",121.396209429154,-16.2544593233826,0.785428881645203
"30948",121.478525792253,-16.2544593233826,0.790822446346283
"30949",121.560842155352,-16.2544593233826,0.796056091785431
"30950",121.643158518452,-16.2544593233826,0.800985753536224
"30951",121.725474881551,-16.2544593233826,0.80575567483902
"30952",121.80779124465,-16.2544593233826,0.810148239135742
"30953",121.89010760775,-16.2544593233826,0.814184248447418
"30954",121.972423970849,-16.2544593233826,0.8178591132164
"30955",122.054740333948,-16.2544593233826,0.821243286132812
"30956",122.137056697047,-16.2544593233826,0.8243687748909
"30957",122.219373060147,-16.2544593233826,0.827228724956512
"30958",122.301689423246,-16.2544593233826,0.829833209514618
"30959",122.384005786345,-16.2544593233826,0.831957817077637
"30960",122.466322149445,-16.2544593233826,0.833322942256927
"30961",122.548638512544,-16.2544593233826,0.833872854709625
"30962",122.630954875643,-16.2544593233826,0.833838164806366
"30963",122.713271238742,-16.2544593233826,0.833479106426239
"30964",122.795587601842,-16.2544593233826,0.833281874656677
"30965",122.877903964941,-16.2544593233826,0.833786189556122
"30966",122.96022032804,-16.2544593233826,0.835680425167084
"30967",123.04253669114,-16.2544593233826,0.839395940303802
"30968",123.124853054239,-16.2544593233826,0.844921886920929
"30969",123.207169417338,-16.2544593233826,0.851772546768188
"30970",123.289485780437,-16.2544593233826,0.859862804412842
"30971",123.371802143537,-16.2544593233826,0.869018018245697
"30972",123.454118506636,-16.2544593233826,0.879097163677216
"30973",123.536434869735,-16.2544593233826,0.890051424503326
"30974",123.618751232835,-16.2544593233826,0.901617705821991
"30975",123.701067595934,-16.2544593233826,0.913832783699036
"30976",123.783383959033,-16.2544593233826,0.926622271537781
"30977",123.865700322132,-16.2544593233826,0.93990284204483
"30978",123.948016685232,-16.2544593233826,0.95366096496582
"30979",124.030333048331,-16.2544593233826,0.967726945877075
"30980",124.11264941143,-16.2544593233826,0.982162177562714
"30981",124.19496577453,-16.2544593233826,0.996668934822083
"30982",124.277282137629,-16.2544593233826,0.999804198741913
"30983",124.359598500728,-16.2544593233826,1
"30984",124.441914863827,-16.2544593233826,1
"30985",124.524231226927,-16.2544593233826,1
"31207",119.338300351672,-16.3367756864819,0.731280267238617
"31208",119.420616714771,-16.3367756864819,0.732549667358398
"31209",119.50293307787,-16.3367756864819,0.729776918888092
"31210",119.58524944097,-16.3367756864819,0.729235589504242
"31211",119.667565804069,-16.3367756864819,0.729998886585236
"31212",119.749882167168,-16.3367756864819,0.730905771255493
"31213",119.832198530267,-16.3367756864819,0.731964766979218
"31214",119.914514893367,-16.3367756864819,0.733214795589447
"31215",119.996831256466,-16.3367756864819,0.734649181365967
"31216",120.079147619565,-16.3367756864819,0.736262738704681
"31217",120.161463982665,-16.3367756864819,0.738094866275787
"31218",120.243780345764,-16.3367756864819,0.740192294120789
"31219",120.326096708863,-16.3367756864819,0.742568850517273
"31220",120.408413071962,-16.3367756864819,0.74524313211441
"31221",120.490729435062,-16.3367756864819,0.748161971569061
"31222",120.573045798161,-16.3367756864819,0.751435935497284
"31223",120.65536216126,-16.3367756864819,0.755005180835724
"31224",120.73767852436,-16.3367756864819,0.758849918842316
"31225",120.819994887459,-16.3367756864819,0.763000011444092
"31226",120.902311250558,-16.3367756864819,0.767435014247894
"31227",120.984627613657,-16.3367756864819,0.772213041782379
"31228",121.066943976757,-16.3367756864819,0.777249991893768
"31229",121.149260339856,-16.3367756864819,0.782495498657227
"31230",121.231576702955,-16.3367756864819,0.788025379180908
"31231",121.313893066055,-16.3367756864819,0.793608069419861
"31232",121.396209429154,-16.3367756864819,0.799260556697845
"31233",121.478525792253,-16.3367756864819,0.804853439331055
"31234",121.560842155352,-16.3367756864819,0.810345351696014
"31235",121.643158518452,-16.3367756864819,0.815541505813599
"31236",121.725474881551,-16.3367756864819,0.820446610450745
"31237",121.80779124465,-16.3367756864819,0.824904918670654
"31238",121.89010760775,-16.3367756864819,0.828932464122772
"31239",121.972423970849,-16.3367756864819,0.832464158535004
"31240",122.054740333948,-16.3367756864819,0.835571587085724
"31241",122.137056697047,-16.3367756864819,0.838430106639862
"31242",122.219373060147,-16.3367756864819,0.841208755970001
"31243",122.301689423246,-16.3367756864819,0.843849718570709
"31244",122.384005786345,-16.3367756864819,0.846042990684509
"31245",122.466322149445,-16.3367756864819,0.84721052646637
"31246",122.548638512544,-16.3367756864819,0.84738165140152
"31247",122.630954875643,-16.3367756864819,0.846724987030029
"31248",122.713271238742,-16.3367756864819,0.845639526844025
"31249",122.795587601842,-16.3367756864819,0.844479918479919
"31250",122.877903964941,-16.3367756864819,0.843951642513275
"31251",122.96022032804,-16.3367756864819,0.845082998275757
"31252",123.04253669114,-16.3367756864819,0.848407208919525
"31253",123.124853054239,-16.3367756864819,0.853502035140991
"31254",123.207169417338,-16.3367756864819,0.860051512718201
"31255",123.289485780437,-16.3367756864819,0.867752730846405
"31256",123.371802143537,-16.3367756864819,0.876585900783539
"31257",123.454118506636,-16.3367756864819,0.886247992515564
"31258",123.536434869735,-16.3367756864819,0.896822392940521
"31259",123.618751232835,-16.3367756864819,0.907964825630188
"31260",123.701067595934,-16.3367756864819,0.91981303691864
"31261",123.783383959033,-16.3367756864819,0.932227373123169
"31262",123.865700322132,-16.3367756864819,0.945140480995178
"31263",123.948016685232,-16.3367756864819,0.958491265773773
"31264",124.030333048331,-16.3367756864819,0.970755994319916
"31265",124.11264941143,-16.3367756864819,0.985390663146973
"31266",124.19496577453,-16.3367756864819,0.999569952487946
"31267",124.277282137629,-16.3367756864819,1
"31268",124.359598500728,-16.3367756864819,1
"31269",124.441914863827,-16.3367756864819,1
"31270",124.524231226927,-16.3367756864819,1
"31271",124.606547590026,-16.3367756864819,1
"31272",124.688863953125,-16.3367756864819,1
"31273",124.771180316225,-16.3367756864819,1
"31274",124.853496679324,-16.3367756864819,1
"31275",124.935813042423,-16.3367756864819,1
"31491",119.255983988572,-16.4190920495812,0.741315424442291
"31492",119.338300351672,-16.4190920495812,0.740028142929077
"31493",119.420616714771,-16.4190920495812,0.739998340606689
"31494",119.50293307787,-16.4190920495812,0.740529656410217
"31495",119.58524944097,-16.4190920495812,0.741179585456848
"31496",119.667565804069,-16.4190920495812,0.741897642612457
"31497",119.749882167168,-16.4190920495812,0.742740511894226
"31498",119.832198530267,-16.4190920495812,0.743877232074738
"31499",119.914514893367,-16.4190920495812,0.745024263858795
"31500",119.996831256466,-16.4190920495812,0.746407210826874
"31501",120.079147619565,-16.4190920495812,0.747990190982819
"31502",120.161463982665,-16.4190920495812,0.749783754348755
"31503",120.243780345764,-16.4190920495812,0.751843214035034
"31504",120.326096708863,-16.4190920495812,0.754196643829346
"31505",120.408413071962,-16.4190920495812,0.7568479180336
"31506",120.490729435062,-16.4190920495812,0.75979095697403
"31507",120.573045798161,-16.4190920495812,0.763041317462921
"31508",120.65536216126,-16.4190920495812,0.766607642173767
"31509",120.73767852436,-16.4190920495812,0.770529091358185
"31510",120.819994887459,-16.4190920495812,0.774681329727173
"31511",120.902311250558,-16.4190920495812,0.77922397851944
"31512",120.984627613657,-16.4190920495812,0.784111738204956
"31513",121.066943976757,-16.4190920495812,0.789278626441956
"31514",121.149260339856,-16.4190920495812,0.794690728187561
"31515",121.231576702955,-16.4190920495812,0.800400972366333
"31516",121.313893066055,-16.4190920495812,0.806217670440674
"31517",121.396209429154,-16.4190920495812,0.812193989753723
"31518",121.478525792253,-16.4190920495812,0.818173766136169
"31519",121.560842155352,-16.4190920495812,0.823840618133545
"31520",121.643158518452,-16.4190920495812,0.829300045967102
"31521",121.725474881551,-16.4190920495812,0.83439826965332
"31522",121.80779124465,-16.4190920495812,0.838982284069061
"31523",121.89010760775,-16.4190920495812,0.84296452999115
"31524",121.972423970849,-16.4190920495812,0.846268773078918
"31525",122.054740333948,-16.4190920495812,0.849062263965607
"31526",122.137056697047,-16.4190920495812,0.851528763771057
"31527",122.219373060147,-16.4190920495812,0.853948712348938
"31528",122.301689423246,-16.4190920495812,0.856628119945526
"31529",122.384005786345,-16.4190920495812,0.859092116355896
"31530",122.466322149445,-16.4190920495812,0.860231220722198
"31531",122.548638512544,-16.4190920495812,0.860061585903168
"31532",122.630954875643,-16.4190920495812,0.859081327915192
"31533",122.713271238742,-16.4190920495812,0.857508361339569
"31534",122.795587601842,-16.4190920495812,0.855700254440308
"31535",122.877903964941,-16.4190920495812,0.854545831680298
"31536",122.96022032804,-16.4190920495812,0.855022251605988
"31537",123.04253669114,-16.4190920495812,0.857947409152985
"31538",123.124853054239,-16.4190920495812,0.862594723701477
"31539",123.207169417338,-16.4190920495812,0.868692517280579
"31540",123.289485780437,-16.4190920495812,0.875935554504395
"31541",123.371802143537,-16.4190920495812,0.884302079677582
"31542",123.454118506636,-16.4190920495812,0.893526375293732
"31543",123.536434869735,-16.4190920495812,0.903633892536163
"31544",123.618751232835,-16.4190920495812,0.914396405220032
"31545",123.701067595934,-16.4190920495812,0.925816237926483
"31546",123.783383959033,-16.4190920495812,0.937833249568939
"31547",123.865700322132,-16.4190920495812,0.950191736221313
"31548",123.948016685232,-16.4190920495812,0.961345076560974
"31551",124.19496577453,-16.4190920495812,1
"31552",124.277282137629,-16.4190920495812,1
"31553",124.359598500728,-16.4190920495812,1
"31554",124.441914863827,-16.4190920495812,1
"31555",124.524231226927,-16.4190920495812,1
"31556",124.606547590026,-16.4190920495812,1
"31557",124.688863953125,-16.4190920495812,1
"31558",124.771180316225,-16.4190920495812,1
"31559",124.853496679324,-16.4190920495812,1
"31560",124.935813042423,-16.4190920495812,1
"31775",119.173667625473,-16.5014084126805,0.751313924789429
"31776",119.255983988572,-16.5014084126805,0.750994563102722
"31777",119.338300351672,-16.5014084126805,0.751281917095184
"31778",119.420616714771,-16.5014084126805,0.751647651195526
"31779",119.50293307787,-16.5014084126805,0.752151370048523
"31780",119.58524944097,-16.5014084126805,0.752690374851227
"31781",119.667565804069,-16.5014084126805,0.753448069095612
"31782",119.749882167168,-16.5014084126805,0.754279017448425
"31783",119.832198530267,-16.5014084126805,0.755180418491364
"31784",119.914514893367,-16.5014084126805,0.756350696086884
"31785",119.996831256466,-16.5014084126805,0.757704615592957
"31786",120.079147619565,-16.5014084126805,0.759187340736389
"31787",120.161463982665,-16.5014084126805,0.760915279388428
"31788",120.243780345764,-16.5014084126805,0.762958765029907
"31789",120.326096708863,-16.5014084126805,0.765189528465271
"31790",120.408413071962,-16.5014084126805,0.767795324325562
"31791",120.490729435062,-16.5014084126805,0.770704209804535
"31792",120.573045798161,-16.5014084126805,0.773869037628174
"31793",120.65536216126,-16.5014084126805,0.777478218078613
"31794",120.73767852436,-16.5014084126805,0.781288743019104
"31795",120.819994887459,-16.5014084126805,0.785487949848175
"31796",120.902311250558,-16.5014084126805,0.790056586265564
"31797",120.984627613657,-16.5014084126805,0.795009553432465
"31798",121.066943976757,-16.5014084126805,0.800277292728424
"31799",121.149260339856,-16.5014084126805,0.805870890617371
"31800",121.231576702955,-16.5014084126805,0.811744809150696
"31801",121.313893066055,-16.5014084126805,0.817824006080627
"31802",121.396209429154,-16.5014084126805,0.824047684669495
"31803",121.478525792253,-16.5014084126805,0.830324232578278
"31804",121.560842155352,-16.5014084126805,0.836390316486359
"31805",121.643158518452,-16.5014084126805,0.842198669910431
"31806",121.725474881551,-16.5014084126805,0.847500741481781
"31807",121.80779124465,-16.5014084126805,0.852270662784576
"31808",121.89010760775,-16.5014084126805,0.856283068656921
"31809",121.972423970849,-16.5014084126805,0.859397530555725
"31810",122.054740333948,-16.5014084126805,0.861790120601654
"31811",122.137056697047,-16.5014084126805,0.863571763038635
"31812",122.219373060147,-16.5014084126805,0.865247368812561
"31813",122.301689423246,-16.5014084126805,0.867634415626526
"31814",122.384005786345,-16.5014084126805,0.870691180229187
"31815",122.466322149445,-16.5014084126805,0.871763825416565
"31816",122.548638512544,-16.5014084126805,0.871402025222778
"31817",122.630954875643,-16.5014084126805,0.870302855968475
"31818",122.713271238742,-16.5014084126805,0.868672728538513
"31819",122.795587601842,-16.5014084126805,0.86672055721283
"31820",122.877903964941,-16.5014084126805,0.865575194358826
"31821",122.96022032804,-16.5014084126805,0.865804433822632
"31822",123.04253669114,-16.5014084126805,0.868174016475677
"31823",123.124853054239,-16.5014084126805,0.8721923828125
"31824",123.207169417338,-16.5014084126805,0.877722382545471
"31825",123.289485780437,-16.5014084126805,0.884445428848267
"31826",123.371802143537,-16.5014084126805,0.892319858074188
"31827",123.454118506636,-16.5014084126805,0.901016294956207
"31828",123.536434869735,-16.5014084126805,0.910624980926514
"31829",123.618751232835,-16.5014084126805,0.920942425727844
"31830",123.701067595934,-16.5014084126805,0.931091666221619
"31837",124.277282137629,-16.5014084126805,1
"31838",124.359598500728,-16.5014084126805,1
"31839",124.441914863827,-16.5014084126805,1
"31840",124.524231226927,-16.5014084126805,1
"31844",124.853496679324,-16.5014084126805,1
"32060",119.173667625473,-16.5837247757797,0.762111008167267
"32061",119.255983988572,-16.5837247757797,0.762388825416565
"32062",119.338300351672,-16.5837247757797,0.762648403644562
"32063",119.420616714771,-16.5837247757797,0.762957632541656
"32064",119.50293307787,-16.5837247757797,0.763417899608612
"32065",119.58524944097,-16.5837247757797,0.763893663883209
"32066",119.667565804069,-16.5837247757797,0.764552354812622
"32067",119.749882167168,-16.5837247757797,0.765296220779419
"32068",119.832198530267,-16.5837247757797,0.766206085681915
"32069",119.914514893367,-16.5837247757797,0.767298460006714
"32070",119.996831256466,-16.5837247757797,0.768493235111237
"32071",120.079147619565,-16.5837247757797,0.769877851009369
"32072",120.161463982665,-16.5837247757797,0.771544218063354
"32073",120.243780345764,-16.5837247757797,0.77345073223114
"32074",120.326096708863,-16.5837247757797,0.775608718395233
"32075",120.408413071962,-16.5837247757797,0.778113663196564
"32076",120.490729435062,-16.5837247757797,0.780893921852112
"32077",120.573045798161,-16.5837247757797,0.783999085426331
"32078",120.65536216126,-16.5837247757797,0.787521004676819
"32079",120.73767852436,-16.5837247757797,0.791314005851746
"32080",120.819994887459,-16.5837247757797,0.795451879501343
"32081",120.902311250558,-16.5837247757797,0.800053954124451
"32082",120.984627613657,-16.5837247757797,0.80495411157608
"32083",121.066943976757,-16.5837247757797,0.810255765914917
"32084",121.149260339856,-16.5837247757797,0.815943896770477
"32085",121.231576702955,-16.5837247757797,0.82192063331604
"32086",121.313893066055,-16.5837247757797,0.828238487243652
"32087",121.396209429154,-16.5837247757797,0.834754765033722
"32088",121.478525792253,-16.5837247757797,0.841351866722107
"32089",121.560842155352,-16.5837247757797,0.84770792722702
"32090",121.643158518452,-16.5837247757797,0.853884100914001
"32091",121.725474881551,-16.5837247757797,0.859614908695221
"32092",121.80779124465,-16.5837247757797,0.864663600921631
"32093",121.89010760775,-16.5837247757797,0.868784129619598
"32094",121.972423970849,-16.5837247757797,0.871835827827454
"32095",122.054740333948,-16.5837247757797,0.873769223690033
"32096",122.137056697047,-16.5837247757797,0.874874293804169
"32097",122.219373060147,-16.5837247757797,0.875635027885437
"32098",122.301689423246,-16.5837247757797,0.876847803592682
"32099",122.384005786345,-16.5837247757797,0.879472672939301
"32100",122.466322149445,-16.5837247757797,0.881054699420929
"32101",122.548638512544,-16.5837247757797,0.88106632232666
"32102",122.630954875643,-16.5837247757797,0.880172073841095
"32103",122.713271238742,-16.5837247757797,0.878793120384216
"32104",122.795587601842,-16.5837247757797,0.877251088619232
"32105",122.877903964941,-16.5837247757797,0.876341283321381
"32106",122.96022032804,-16.5837247757797,0.876631677150726
"32107",123.04253669114,-16.5837247757797,0.878583669662476
"32108",123.124853054239,-16.5837247757797,0.882043898105621
"32109",123.207169417338,-16.5837247757797,0.88700008392334
"32110",123.289485780437,-16.5837247757797,0.893168568611145
"32111",123.371802143537,-16.5837247757797,0.900405049324036
"32112",123.454118506636,-16.5837247757797,0.908620953559875
"32113",123.536434869735,-16.5837247757797,0.91771525144577
"32114",123.618751232835,-16.5837247757797,0.925980091094971
"32123",124.359598500728,-16.5837247757797,1
"32124",124.441914863827,-16.5837247757797,1
"32344",119.091351262374,-16.666041138879,0.773035883903503
"32345",119.173667625473,-16.666041138879,0.773254990577698
"32346",119.255983988572,-16.666041138879,0.773480296134949
"32347",119.338300351672,-16.666041138879,0.773674726486206
"32348",119.420616714771,-16.666041138879,0.773933887481689
"32349",119.50293307787,-16.666041138879,0.774325430393219
"32350",119.58524944097,-16.666041138879,0.77474045753479
"32351",119.667565804069,-16.666041138879,0.77528440952301
"32352",119.749882167168,-16.666041138879,0.77599436044693
"32353",119.832198530267,-16.666041138879,0.776791095733643
"32354",119.914514893367,-16.666041138879,0.777770578861237
"32355",119.996831256466,-16.666041138879,0.77878725528717
"32356",120.079147619565,-16.666041138879,0.780060231685638
"32357",120.161463982665,-16.666041138879,0.781586050987244
"32358",120.243780345764,-16.666041138879,0.783355891704559
"32359",120.326096708863,-16.666041138879,0.785400629043579
"32360",120.408413071962,-16.666041138879,0.787759065628052
"32361",120.490729435062,-16.666041138879,0.790406227111816
"32362",120.573045798161,-16.666041138879,0.793417990207672
"32363",120.65536216126,-16.666041138879,0.796822667121887
"32364",120.73767852436,-16.666041138879,0.800449728965759
"32365",120.819994887459,-16.666041138879,0.804472744464874
"32366",120.902311250558,-16.666041138879,0.809000492095947
"32367",120.984627613657,-16.666041138879,0.813871681690216
"32368",121.066943976757,-16.666041138879,0.819163739681244
"32369",121.149260339856,-16.666041138879,0.824872672557831
"32370",121.231576702955,-16.666041138879,0.830971240997314
"32371",121.313893066055,-16.666041138879,0.837382256984711
"32372",121.396209429154,-16.666041138879,0.844148099422455
"32373",121.478525792253,-16.666041138879,0.851027429103851
"32374",121.560842155352,-16.666041138879,0.857778966426849
"32375",121.643158518452,-16.666041138879,0.86438924074173
"32376",121.725474881551,-16.666041138879,0.870576918125153
"32377",121.80779124465,-16.666041138879,0.876060307025909
"32378",121.89010760775,-16.666041138879,0.880517184734344
"32379",121.972423970849,-16.666041138879,0.883647382259369
"32380",122.054740333948,-16.666041138879,0.885302603244781
"32381",122.137056697047,-16.666041138879,0.885876893997192
"32382",122.219373060147,-16.666041138879,0.885973155498505
"32383",122.301689423246,-16.666041138879,0.886455476284027
"32384",122.384005786345,-16.666041138879,0.887890517711639
"32385",122.466322149445,-16.666041138879,0.889221906661987
"32386",122.548638512544,-16.666041138879,0.88950651884079
"32387",122.630954875643,-16.666041138879,0.889024376869202
"32388",122.713271238742,-16.666041138879,0.888029873371124
"32389",122.795587601842,-16.666041138879,0.887023210525513
"32390",122.877903964941,-16.666041138879,0.885712444782257
"32391",122.96022032804,-16.666041138879,0.884661614894867
"32392",123.04253669114,-16.666041138879,0.888633131980896
"32393",123.124853054239,-16.666041138879,0.891705572605133
"32394",123.207169417338,-16.666041138879,0.896112561225891
"32395",123.289485780437,-16.666041138879,0.901777863502502
"32396",123.371802143537,-16.666041138879,0.908472120761871
"32397",123.454118506636,-16.666041138879,0.916202366352081
"32398",123.536434869735,-16.666041138879,0.92474240064621
"32399",123.618751232835,-16.666041138879,0.93384176492691
"32400",123.701067595934,-16.666041138879,0.943171620368958
"32628",119.009034899275,-16.7483575019783,0.783814191818237
"32629",119.091351262374,-16.7483575019783,0.783959686756134
"32630",119.173667625473,-16.7483575019783,0.784091353416443
"32631",119.255983988572,-16.7483575019783,0.784276962280273
"32632",119.338300351672,-16.7483575019783,0.784402906894684
"32633",119.420616714771,-16.7483575019783,0.784599602222443
"32634",119.50293307787,-16.7483575019783,0.78489750623703
"32635",119.58524944097,-16.7483575019783,0.785223305225372
"32636",119.667565804069,-16.7483575019783,0.785640716552734
"32637",119.749882167168,-16.7483575019783,0.786184787750244
"32638",119.832198530267,-16.7483575019783,0.786859214305878
"32639",119.914514893367,-16.7483575019783,0.787674188613892
"32640",119.996831256466,-16.7483575019783,0.788618803024292
"32641",120.079147619565,-16.7483575019783,0.789717018604279
"32642",120.161463982665,-16.7483575019783,0.791082501411438
"32643",120.243780345764,-16.7483575019783,0.792715191841125
"32644",120.326096708863,-16.7483575019783,0.794568300247192
"32645",120.408413071962,-16.7483575019783,0.796753346920013
"32646",120.490729435062,-16.7483575019783,0.79922491312027
"32647",120.573045798161,-16.7483575019783,0.802005231380463
"32648",120.65536216126,-16.7483575019783,0.805163681507111
"32649",120.73767852436,-16.7483575019783,0.808716952800751
"32650",120.819994887459,-16.7483575019783,0.812605798244476
"32651",120.902311250558,-16.7483575019783,0.816911935806274
"32652",120.984627613657,-16.7483575019783,0.821711361408234
"32653",121.066943976757,-16.7483575019783,0.826913297176361
"32654",121.149260339856,-16.7483575019783,0.832550585269928
"32655",121.231576702955,-16.7483575019783,0.838647186756134
"32656",121.313893066055,-16.7483575019783,0.845123887062073
"32657",121.396209429154,-16.7483575019783,0.852010250091553
"32658",121.478525792253,-16.7483575019783,0.859169721603394
"32659",121.560842155352,-16.7483575019783,0.86632764339447
"32660",121.643158518452,-16.7483575019783,0.873397648334503
"32661",121.725474881551,-16.7483575019783,0.880144000053406
"32662",121.80779124465,-16.7483575019783,0.88621723651886
"32663",121.89010760775,-16.7483575019783,0.891192734241486
"32664",121.972423970849,-16.7483575019783,0.894580960273743
"32665",122.054740333948,-16.7483575019783,0.896146357059479
"32666",122.137056697047,-16.7483575019783,0.896318554878235
"32667",122.219373060147,-16.7483575019783,0.89594292640686
"32668",122.301689423246,-16.7483575019783,0.895924508571625
"32669",122.384005786345,-16.7483575019783,0.896392166614532
"32670",122.466322149445,-16.7483575019783,0.897085011005402
"32671",122.548638512544,-16.7483575019783,0.897430002689362
"32672",122.630954875643,-16.7483575019783,0.897213220596313
"32673",122.713271238742,-16.7483575019783,0.896618127822876
"32674",122.795587601842,-16.7483575019783,0.896048307418823
"32675",122.877903964941,-16.7483575019783,0.895511507987976
"32677",123.04253669114,-16.7483575019783,0.896860837936401
"32678",123.124853054239,-16.7483575019783,0.900909006595612
"32679",123.207169417338,-16.7483575019783,0.904931664466858
"32680",123.289485780437,-16.7483575019783,0.910103738307953
"32681",123.371802143537,-16.7483575019783,0.916317880153656
"32682",123.454118506636,-16.7483575019783,0.923551797866821
"32683",123.536434869735,-16.7483575019783,0.931675374507904
"32684",123.618751232835,-16.7483575019783,0.940566301345825
"32685",123.701067595934,-16.7483575019783,0.9497110247612
"32686",123.783383959033,-16.7483575019783,0.958694338798523
"32912",118.926718536175,-16.8306738650776,0.794336140155792
"32913",119.009034899275,-16.8306738650776,0.794451475143433
"32914",119.091351262374,-16.8306738650776,0.794599771499634
"32915",119.173667625473,-16.8306738650776,0.794682204723358
"32916",119.255983988572,-16.8306738650776,0.794729351997375
"32917",119.338300351672,-16.8306738650776,0.794814467430115
"32918",119.420616714771,-16.8306738650776,0.794918835163116
"32919",119.50293307787,-16.8306738650776,0.795089185237885
"32920",119.58524944097,-16.8306738650776,0.795324265956879
"32921",119.667565804069,-16.8306738650776,0.795621693134308
"32922",119.749882167168,-16.8306738650776,0.795985817909241
"32923",119.832198530267,-16.8306738650776,0.79653412103653
"32924",119.914514893367,-16.8306738650776,0.797159075737
"32925",119.996831256466,-16.8306738650776,0.797905623912811
"32926",120.079147619565,-16.8306738650776,0.798894882202148
"32927",120.161463982665,-16.8306738650776,0.80006331205368
"32928",120.243780345764,-16.8306738650776,0.801473200321198
"32929",120.326096708863,-16.8306738650776,0.803146541118622
"32930",120.408413071962,-16.8306738650776,0.805070996284485
"32931",120.490729435062,-16.8306738650776,0.807328939437866
"32932",120.573045798161,-16.8306738650776,0.809935390949249
"32933",120.65536216126,-16.8306738650776,0.812890529632568
"32934",120.73767852436,-16.8306738650776,0.816143572330475
"32935",120.819994887459,-16.8306738650776,0.8197882771492
"32936",120.902311250558,-16.8306738650776,0.823891520500183
"32937",120.984627613657,-16.8306738650776,0.82846337556839
"32938",121.066943976757,-16.8306738650776,0.833482027053833
"32939",121.149260339856,-16.8306738650776,0.838959634304047
"32940",121.231576702955,-16.8306738650776,0.8449467420578
"32941",121.313893066055,-16.8306738650776,0.851404786109924
"32942",121.396209429154,-16.8306738650776,0.85832267999649
"32943",121.478525792253,-16.8306738650776,0.865642368793488
"32944",121.560842155352,-16.8306738650776,0.873021125793457
"32945",121.643158518452,-16.8306738650776,0.880504310131073
"32946",121.725474881551,-16.8306738650776,0.887845158576965
"32947",121.80779124465,-16.8306738650776,0.894617795944214
"32948",121.89010760775,-16.8306738650776,0.9003084897995
"32949",121.972423970849,-16.8306738650776,0.904184699058533
"32950",122.054740333948,-16.8306738650776,0.905728816986084
"32951",122.137056697047,-16.8306738650776,0.905455946922302
"32952",122.219373060147,-16.8306738650776,0.904622435569763
"32953",122.301689423246,-16.8306738650776,0.904190242290497
"32954",122.384005786345,-16.8306738650776,0.904247462749481
"32955",122.466322149445,-16.8306738650776,0.904574871063232
"32956",122.548638512544,-16.8306738650776,0.90485692024231
"32957",122.630954875643,-16.8306738650776,0.904834151268005
"32958",122.713271238742,-16.8306738650776,0.904617190361023
"32959",122.795587601842,-16.8306738650776,0.903187870979309
"32960",122.877903964941,-16.8306738650776,0.900309324264526
"32963",123.124853054239,-16.8306738650776,0.909524381160736
"32964",123.207169417338,-16.8306738650776,0.913262724876404
"32965",123.289485780437,-16.8306738650776,0.918042182922363
"32966",123.371802143537,-16.8306738650776,0.923848688602448
"32967",123.454118506636,-16.8306738650776,0.930646181106567
"32968",123.536434869735,-16.8306738650776,0.938333511352539
"32969",123.618751232835,-16.8306738650776,0.94682115316391
"32970",123.701067595934,-16.8306738650776,0.956094861030579
"32971",123.783383959033,-16.8306738650776,0.965198457241058
"32973",123.948016685232,-16.8306738650776,0.987718999385834
"32974",124.030333048331,-16.8306738650776,0.993982315063477
"33196",118.844402173076,-16.9129902281769,0.80626118183136
"33197",118.926718536175,-16.9129902281769,0.804764926433563
"33198",119.009034899275,-16.9129902281769,0.804840266704559
"33199",119.091351262374,-16.9129902281769,0.804896175861359
"33200",119.173667625473,-16.9129902281769,0.804901599884033
"33201",119.255983988572,-16.9129902281769,0.804877281188965
"33202",119.338300351672,-16.9129902281769,0.804872632026672
"33203",119.420616714771,-16.9129902281769,0.804883122444153
"33204",119.50293307787,-16.9129902281769,0.804929137229919
"33205",119.58524944097,-16.9129902281769,0.8050497174263
"33206",119.667565804069,-16.9129902281769,0.805228173732758
"33207",119.749882167168,-16.9129902281769,0.805457830429077
"33208",119.832198530267,-16.9129902281769,0.805794179439545
"33209",119.914514893367,-16.9129902281769,0.806214451789856
"33210",119.996831256466,-16.9129902281769,0.806790351867676
"33211",120.079147619565,-16.9129902281769,0.807571768760681
"33212",120.161463982665,-16.9129902281769,0.808533012866974
"33213",120.243780345764,-16.9129902281769,0.809696078300476
"33214",120.326096708863,-16.9129902281769,0.811129748821259
"33215",120.408413071962,-16.9129902281769,0.81280529499054
"33216",120.490729435062,-16.9129902281769,0.814786195755005
"33217",120.573045798161,-16.9129902281769,0.817110776901245
"33218",120.65536216126,-16.9129902281769,0.819761574268341
"33219",120.73767852436,-16.9129902281769,0.822755753993988
"33220",120.819994887459,-16.9129902281769,0.826125383377075
"33221",120.902311250558,-16.9129902281769,0.829916954040527
"33222",120.984627613657,-16.9129902281769,0.834148049354553
"33223",121.066943976757,-16.9129902281769,0.838898956775665
"33224",121.149260339856,-16.9129902281769,0.844138741493225
"33225",121.231576702955,-16.9129902281769,0.849902212619781
"33226",121.313893066055,-16.9129902281769,0.856195390224457
"33227",121.396209429154,-16.9129902281769,0.862956762313843
"33228",121.478525792253,-16.9129902281769,0.870179712772369
"33229",121.560842155352,-16.9129902281769,0.877697110176086
"33230",121.643158518452,-16.9129902281769,0.885463297367096
"33231",121.725474881551,-16.9129902281769,0.893197059631348
"33232",121.80779124465,-16.9129902281769,0.900592505931854
"33233",121.89010760775,-16.9129902281769,0.90708464384079
"33234",121.972423970849,-16.9129902281769,0.911654889583588
"33235",122.054740333948,-16.9129902281769,0.913153827190399
"33236",122.137056697047,-16.9129902281769,0.91231095790863
"33237",122.219373060147,-16.9129902281769,0.911224782466888
"33238",122.301689423246,-16.9129902281769,0.910853266716003
"33239",122.384005786345,-16.9129902281769,0.91103059053421
"33240",122.466322149445,-16.9129902281769,0.911454498767853
"33241",122.548638512544,-16.9129902281769,0.91182267665863
"33247",123.04253669114,-16.9129902281769,0.914119362831116
"33248",123.124853054239,-16.9129902281769,0.916984915733337
"33249",123.207169417338,-16.9129902281769,0.920935094356537
"33250",123.289485780437,-16.9129902281769,0.925467669963837
"33251",123.371802143537,-16.9129902281769,0.93095850944519
"33252",123.454118506636,-16.9129902281769,0.937366485595703
"33253",123.536434869735,-16.9129902281769,0.944666981697083
"33254",123.618751232835,-16.9129902281769,0.95282518863678
"33255",123.701067595934,-16.9129902281769,0.961719870567322
"33256",123.783383959033,-16.9129902281769,0.971328914165497
"33257",123.865700322132,-16.9129902281769,0.981571733951569
"33258",123.948016685232,-16.9129902281769,0.990385413169861
"33478",118.597453083778,-16.9953065912762,0.817757546901703
"33479",118.679769446877,-16.9953065912762,0.818769454956055
"33480",118.762085809977,-16.9953065912762,0.815719068050385
"33481",118.844402173076,-16.9953065912762,0.814826369285583
"33482",118.926718536175,-16.9953065912762,0.814919352531433
"33483",119.009034899275,-16.9953065912762,0.814972937107086
"33484",119.091351262374,-16.9953065912762,0.814919888973236
"33485",119.173667625473,-16.9953065912762,0.814837634563446
"33486",119.255983988572,-16.9953065912762,0.814767003059387
"33487",119.338300351672,-16.9953065912762,0.814669013023376
"33488",119.420616714771,-16.9953065912762,0.814541697502136
"33489",119.50293307787,-16.9953065912762,0.814441740512848
"33490",119.58524944097,-16.9953065912762,0.814412891864777
"33491",119.667565804069,-16.9953065912762,0.814446270465851
"33492",119.749882167168,-16.9953065912762,0.814467549324036
"33493",119.832198530267,-16.9953065912762,0.814598381519318
"33494",119.914514893367,-16.9953065912762,0.814832210540771
"33495",119.996831256466,-16.9953065912762,0.815227448940277
"33496",120.079147619565,-16.9953065912762,0.815771639347076
"33497",120.161463982665,-16.9953065912762,0.816480875015259
"33498",120.243780345764,-16.9953065912762,0.817419409751892
"33499",120.326096708863,-16.9953065912762,0.818550705909729
"33500",120.408413071962,-16.9953065912762,0.819959044456482
"33501",120.490729435062,-16.9953065912762,0.821673691272736
"33502",120.573045798161,-16.9953065912762,0.823682904243469
"33503",120.65536216126,-16.9953065912762,0.825929820537567
"33504",120.73767852436,-16.9953065912762,0.828562319278717
"33505",120.819994887459,-16.9953065912762,0.831591367721558
"33506",120.902311250558,-16.9953065912762,0.835046827793121
"33507",120.984627613657,-16.9953065912762,0.838918924331665
"33508",121.066943976757,-16.9953065912762,0.843256533145905
"33509",121.149260339856,-16.9953065912762,0.848116517066956
"33510",121.231576702955,-16.9953065912762,0.853494167327881
"33511",121.313893066055,-16.9953065912762,0.859423518180847
"33512",121.396209429154,-16.9953065912762,0.865888953208923
"33513",121.478525792253,-16.9953065912762,0.87284392118454
"33514",121.560842155352,-16.9953065912762,0.880203247070312
"33515",121.643158518452,-16.9953065912762,0.887927532196045
"33516",121.725474881551,-16.9953065912762,0.895803213119507
"33517",121.80779124465,-16.9953065912762,0.903476059436798
"33518",121.89010760775,-16.9953065912762,0.910394906997681
"33519",121.972423970849,-16.9953065912762,0.915462613105774
"33520",122.054740333948,-16.9953065912762,0.916820108890533
"33521",122.137056697047,-16.9953065912762,0.915859401226044
"33522",122.219373060147,-16.9953065912762,0.915451228618622
"33523",122.301689423246,-16.9953065912762,0.916048288345337
"33524",122.384005786345,-16.9953065912762,0.916928172111511
"33525",122.466322149445,-16.9953065912762,0.917746126651764
"33533",123.124853054239,-16.9953065912762,0.924699902534485
"33534",123.207169417338,-16.9953065912762,0.927831053733826
"33535",123.289485780437,-16.9953065912762,0.932266592979431
"33536",123.371802143537,-16.9953065912762,0.937490463256836
"33537",123.454118506636,-16.9953065912762,0.943589806556702
"33538",123.536434869735,-16.9953065912762,0.950625002384186
"33539",123.618751232835,-16.9953065912762,0.958485186100006
"33540",123.701067595934,-16.9953065912762,0.967084527015686
"33541",123.783383959033,-16.9953065912762,0.976386547088623
"33542",123.865700322132,-16.9953065912762,0.986342966556549
"33763",118.597453083778,-17.0776229543754,0.824428379535675
"33764",118.679769446877,-17.0776229543754,0.824469208717346
"33765",118.762085809977,-17.0776229543754,0.824677884578705
"33766",118.844402173076,-17.0776229543754,0.824770092964172
"33767",118.926718536175,-17.0776229543754,0.824790179729462
"33768",119.009034899275,-17.0776229543754,0.824821889400482
"33769",119.091351262374,-17.0776229543754,0.824708998203278
"33770",119.173667625473,-17.0776229543754,0.824517726898193
"33771",119.255983988572,-17.0776229543754,0.824327051639557
"33772",119.338300351672,-17.0776229543754,0.824106454849243
"33773",119.420616714771,-17.0776229543754,0.823850929737091
"33774",119.50293307787,-17.0776229543754,0.823634684085846
"33775",119.58524944097,-17.0776229543754,0.823414623737335
"33776",119.667565804069,-17.0776229543754,0.823238432407379
"33777",119.749882167168,-17.0776229543754,0.823093414306641
"33778",119.832198530267,-17.0776229543754,0.823111653327942
"33779",119.914514893367,-17.0776229543754,0.823077857494354
"33780",119.996831256466,-17.0776229543754,0.823224246501923
"33781",120.079147619565,-17.0776229543754,0.823522567749023
"33782",120.161463982665,-17.0776229543754,0.82397186756134
"33783",120.243780345764,-17.0776229543754,0.82463276386261
"33784",120.326096708863,-17.0776229543754,0.825458467006683
"33785",120.408413071962,-17.0776229543754,0.826605916023254
"33786",120.490729435062,-17.0776229543754,0.827972769737244
"33787",120.573045798161,-17.0776229543754,0.829623639583588
"33788",120.65536216126,-17.0776229543754,0.831558406352997
"33789",120.73767852436,-17.0776229543754,0.833802282810211
"33790",120.819994887459,-17.0776229543754,0.836378216743469
"33791",120.902311250558,-17.0776229543754,0.83937668800354
"33792",120.984627613657,-17.0776229543754,0.842813491821289
"33793",121.066943976757,-17.0776229543754,0.846632421016693
"33794",121.149260339856,-17.0776229543754,0.851001679897308
"33795",121.231576702955,-17.0776229543754,0.855867743492126
"33796",121.313893066055,-17.0776229543754,0.861256539821625
"33797",121.396209429154,-17.0776229543754,0.867215573787689
"33798",121.478525792253,-17.0776229543754,0.873730003833771
"33799",121.560842155352,-17.0776229543754,0.880636811256409
"33800",121.643158518452,-17.0776229543754,0.888005793094635
"33801",121.725474881551,-17.0776229543754,0.89563661813736
"33802",121.80779124465,-17.0776229543754,0.903194725513458
"33803",121.89010760775,-17.0776229543754,0.910000145435333
"33804",121.972423970849,-17.0776229543754,0.914918661117554
"33805",122.054740333948,-17.0776229543754,0.916365563869476
"33806",122.137056697047,-17.0776229543754,0.916707217693329
"33807",122.219373060147,-17.0776229543754,0.91829377412796
"33808",122.301689423246,-17.0776229543754,0.920371532440186
"33819",123.207169417338,-17.0776229543754,0.934769630432129
"33820",123.289485780437,-17.0776229543754,0.938274919986725
"33821",123.371802143537,-17.0776229543754,0.943383455276489
"33822",123.454118506636,-17.0776229543754,0.94931697845459
"33823",123.536434869735,-17.0776229543754,0.956137418746948
"33824",123.618751232835,-17.0776229543754,0.963713467121124
"33825",123.701067595934,-17.0776229543754,0.972090244293213
"33826",123.783383959033,-17.0776229543754,0.981185913085938
"33827",123.865700322132,-17.0776229543754,0.990911066532135
"34048",118.597453083778,-17.1599393174747,0.834001839160919
"34049",118.679769446877,-17.1599393174747,0.834183573722839
"34050",118.762085809977,-17.1599393174747,0.834351181983948
"34051",118.844402173076,-17.1599393174747,0.834449052810669
"34052",118.926718536175,-17.1599393174747,0.834404528141022
"34053",119.009034899275,-17.1599393174747,0.834361851215363
"34054",119.091351262374,-17.1599393174747,0.834102928638458
"34055",119.173667625473,-17.1599393174747,0.833885133266449
"34056",119.255983988572,-17.1599393174747,0.833600580692291
"34057",119.338300351672,-17.1599393174747,0.833227813243866
"34058",119.420616714771,-17.1599393174747,0.832856357097626
"34059",119.50293307787,-17.1599393174747,0.832487881183624
"34060",119.58524944097,-17.1599393174747,0.832090020179749
"34061",119.667565804069,-17.1599393174747,0.831761002540588
"34062",119.749882167168,-17.1599393174747,0.831405758857727
"34063",119.832198530267,-17.1599393174747,0.831151843070984
"34064",119.914514893367,-17.1599393174747,0.830964148044586
"34065",119.996831256466,-17.1599393174747,0.830775082111359
"34066",120.079147619565,-17.1599393174747,0.83084511756897
"34067",120.161463982665,-17.1599393174747,0.831002593040466
"34068",120.243780345764,-17.1599393174747,0.831385433673859
"34069",120.326096708863,-17.1599393174747,0.831910073757172
"34070",120.408413071962,-17.1599393174747,0.832697689533234
"34071",120.490729435062,-17.1599393174747,0.833716452121735
"34072",120.573045798161,-17.1599393174747,0.835008919239044
"34073",120.65536216126,-17.1599393174747,0.83653062582016
"34074",120.73767852436,-17.1599393174747,0.83837503194809
"34075",120.819994887459,-17.1599393174747,0.840514957904816
"34076",120.902311250558,-17.1599393174747,0.843049049377441
"34077",120.984627613657,-17.1599393174747,0.845962703227997
"34078",121.066943976757,-17.1599393174747,0.849244952201843
"34079",121.149260339856,-17.1599393174747,0.853019177913666
"34080",121.231576702955,-17.1599393174747,0.857246398925781
"34081",121.313893066055,-17.1599393174747,0.861996531486511
"34082",121.396209429154,-17.1599393174747,0.867211699485779
"34083",121.478525792253,-17.1599393174747,0.872952222824097
"34084",121.560842155352,-17.1599393174747,0.879145205020905
"34085",121.643158518452,-17.1599393174747,0.88591480255127
"34086",121.725474881551,-17.1599393174747,0.893086433410645
"34087",121.80779124465,-17.1599393174747,0.900416970252991
"34088",121.89010760775,-17.1599393174747,0.907173693180084
"34089",121.972423970849,-17.1599393174747,0.912371873855591
"34090",122.054740333948,-17.1599393174747,0.915368974208832
"34091",122.137056697047,-17.1599393174747,0.918200790882111
"34092",122.219373060147,-17.1599393174747,0.921731293201447
"34093",122.301689423246,-17.1599393174747,0.924818456172943
"34105",123.289485780437,-17.1599393174747,0.944718301296234
"34106",123.371802143537,-17.1599393174747,0.948632001876831
"34107",123.454118506636,-17.1599393174747,0.954470336437225
"34108",123.536434869735,-17.1599393174747,0.961115300655365
"34109",123.618751232835,-17.1599393174747,0.96855753660202
"34110",123.701067595934,-17.1599393174747,0.976775467395782
"34111",123.783383959033,-17.1599393174747,0.985674858093262
"34112",123.865700322132,-17.1599393174747,0.99523937702179
"34332",118.515136720679,-17.242255680574,0.844961404800415
"34333",118.597453083778,-17.242255680574,0.843425571918488
"34334",118.679769446877,-17.242255680574,0.843650221824646
"34335",118.762085809977,-17.242255680574,0.843768715858459
"34336",118.844402173076,-17.242255680574,0.843795001506805
"34337",118.926718536175,-17.242255680574,0.843727767467499
"34338",119.009034899275,-17.242255680574,0.843547642230988
"34339",119.091351262374,-17.242255680574,0.843274593353271
"34340",119.173667625473,-17.242255680574,0.843004167079926
"34341",119.255983988572,-17.242255680574,0.842582225799561
"34342",119.338300351672,-17.242255680574,0.842085480690002
"34343",119.420616714771,-17.242255680574,0.841538429260254
"34344",119.50293307787,-17.242255680574,0.841012835502625
"34345",119.58524944097,-17.242255680574,0.84050041437149
"34346",119.667565804069,-17.242255680574,0.839911818504333
"34347",119.749882167168,-17.242255680574,0.839373826980591
"34348",119.832198530267,-17.242255680574,0.838794529438019
"34349",119.914514893367,-17.242255680574,0.838401973247528
"34350",119.996831256466,-17.242255680574,0.838064193725586
"34351",120.079147619565,-17.242255680574,0.837782800197601
"34352",120.161463982665,-17.242255680574,0.837595224380493
"34353",120.243780345764,-17.242255680574,0.837698400020599
"34354",120.326096708863,-17.242255680574,0.837929308414459
"34355",120.408413071962,-17.242255680574,0.838363528251648
"34356",120.490729435062,-17.242255680574,0.839065074920654
"34357",120.573045798161,-17.242255680574,0.839959740638733
"34358",120.65536216126,-17.242255680574,0.841041684150696
"34359",120.73767852436,-17.242255680574,0.842529296875
"34360",120.819994887459,-17.242255680574,0.844200849533081
"34361",120.902311250558,-17.242255680574,0.846191227436066
"34362",120.984627613657,-17.242255680574,0.848556101322174
"34363",121.066943976757,-17.242255680574,0.851271331310272
"34364",121.149260339856,-17.242255680574,0.854373455047607
"34365",121.231576702955,-17.242255680574,0.85785847902298
"34366",121.313893066055,-17.242255680574,0.861826241016388
"34367",121.396209429154,-17.242255680574,0.866171836853027
"34368",121.478525792253,-17.242255680574,0.870939373970032
"34369",121.560842155352,-17.242255680574,0.876324117183685
"34370",121.643158518452,-17.242255680574,0.882203936576843
"34371",121.725474881551,-17.242255680574,0.888781309127808
"34372",121.80779124465,-17.242255680574,0.895957052707672
"34373",121.89010760775,-17.242255680574,0.903283417224884
"34374",121.972423970849,-17.242255680574,0.910212635993958
"34375",122.054740333948,-17.242255680574,0.916187882423401
"34376",122.137056697047,-17.242255680574,0.92157518863678
"34377",122.219373060147,-17.242255680574,0.926393806934357
"34390",123.289485780437,-17.242255680574,0.948894500732422
"34391",123.371802143537,-17.242255680574,0.953247547149658
"34392",123.454118506636,-17.242255680574,0.95901745557785
"34393",123.536434869735,-17.242255680574,0.965627491474152
"34394",123.618751232835,-17.242255680574,0.972990274429321
"34395",123.701067595934,-17.242255680574,0.981070995330811
"34396",123.783383959033,-17.242255680574,0.989846169948578
"34397",123.865700322132,-17.242255680574,0.998384296894073
"34398",123.948016685232,-17.242255680574,0.999903738498688
"34617",118.515136720679,-17.3245720436733,0.852298617362976
"34618",118.597453083778,-17.3245720436733,0.852613270282745
"34619",118.679769446877,-17.3245720436733,0.852842152118683
"34620",118.762085809977,-17.3245720436733,0.852917611598969
"34621",118.844402173076,-17.3245720436733,0.852875709533691
"34622",118.926718536175,-17.3245720436733,0.852781653404236
"34623",119.009034899275,-17.3245720436733,0.852568387985229
"34624",119.091351262374,-17.3245720436733,0.852209270000458
"34625",119.173667625473,-17.3245720436733,0.851816415786743
"34626",119.255983988572,-17.3245720436733,0.851229786872864
"34627",119.338300351672,-17.3245720436733,0.850592076778412
"34628",119.420616714771,-17.3245720436733,0.849957168102264
"34629",119.50293307787,-17.3245720436733,0.849241197109222
"34630",119.58524944097,-17.3245720436733,0.848512470722198
"34631",119.667565804069,-17.3245720436733,0.847681760787964
"34632",119.749882167168,-17.3245720436733,0.846955358982086
"34633",119.832198530267,-17.3245720436733,0.846133947372437
"34634",119.914514893367,-17.3245720436733,0.845514714717865
"34635",119.996831256466,-17.3245720436733,0.84485399723053
"34636",120.079147619565,-17.3245720436733,0.84431266784668
"34637",120.161463982665,-17.3245720436733,0.843900918960571
"34638",120.243780345764,-17.3245720436733,0.843659937381744
"34639",120.326096708863,-17.3245720436733,0.843551814556122
"34640",120.408413071962,-17.3245720436733,0.843700468540192
"34641",120.490729435062,-17.3245720436733,0.843982696533203
"34642",120.573045798161,-17.3245720436733,0.844504475593567
"34643",120.65536216126,-17.3245720436733,0.845302879810333
"34644",120.73767852436,-17.3245720436733,0.846256732940674
"34645",120.819994887459,-17.3245720436733,0.847502827644348
"34646",120.902311250558,-17.3245720436733,0.848990201950073
"34647",120.984627613657,-17.3245720436733,0.850838422775269
"34648",121.066943976757,-17.3245720436733,0.852940797805786
"34649",121.149260339856,-17.3245720436733,0.855357229709625
"34650",121.231576702955,-17.3245720436733,0.858112275600433
"34651",121.313893066055,-17.3245720436733,0.861276686191559
"34652",121.396209429154,-17.3245720436733,0.864597856998444
"34653",121.478525792253,-17.3245720436733,0.868373870849609
"34654",121.560842155352,-17.3245720436733,0.87257993221283
"34655",121.643158518452,-17.3245720436733,0.877340197563171
"34656",121.725474881551,-17.3245720436733,0.883052945137024
"34657",121.80779124465,-17.3245720436733,0.890032529830933
"34658",121.89010760775,-17.3245720436733,0.898356139659882
"34659",121.972423970849,-17.3245720436733,0.90783303976059
"34660",122.054740333948,-17.3245720436733,0.917305469512939
"34661",122.137056697047,-17.3245720436733,0.92540830373764
"34662",122.219373060147,-17.3245720436733,0.930966436862946
"34676",123.371802143537,-17.3245720436733,0.957254648208618
"34677",123.454118506636,-17.3245720436733,0.962995707988739
"34678",123.536434869735,-17.3245720436733,0.96959525346756
"34679",123.618751232835,-17.3245720436733,0.976967453956604
"34680",123.701067595934,-17.3245720436733,0.985016345977783
"34682",123.865700322132,-17.3245720436733,0.999607861042023
"34901",118.43282035758,-17.4068884067726,0.861519157886505
"34902",118.515136720679,-17.4068884067726,0.861178398132324
"34903",118.597453083778,-17.4068884067726,0.861516237258911
"34904",118.679769446877,-17.4068884067726,0.861724615097046
"34905",118.762085809977,-17.4068884067726,0.861769318580627
"34906",118.844402173076,-17.4068884067726,0.861703515052795
"34907",118.926718536175,-17.4068884067726,0.861552178859711
"34908",119.009034899275,-17.4068884067726,0.86124849319458
"34909",119.091351262374,-17.4068884067726,0.860827088356018
"34910",119.173667625473,-17.4068884067726,0.860303223133087
"34911",119.255983988572,-17.4068884067726,0.859598338603973
"34912",119.338300351672,-17.4068884067726,0.858832120895386
"34913",119.420616714771,-17.4068884067726,0.858054220676422
"34914",119.50293307787,-17.4068884067726,0.857163786888123
"34915",119.58524944097,-17.4068884067726,0.85619443655014
"34916",119.667565804069,-17.4068884067726,0.855175912380219
"34917",119.749882167168,-17.4068884067726,0.854262828826904
"34918",119.832198530267,-17.4068884067726,0.853242933750153
"34919",119.914514893367,-17.4068884067726,0.852256834506989
"34920",119.996831256466,-17.4068884067726,0.851322650909424
"34921",120.079147619565,-17.4068884067726,0.850514650344849
"34922",120.161463982665,-17.4068884067726,0.849807500839233
"34923",120.243780345764,-17.4068884067726,0.849281489849091
"34924",120.326096708863,-17.4068884067726,0.848861277103424
"34925",120.408413071962,-17.4068884067726,0.848652780056
"34926",120.490729435062,-17.4068884067726,0.848631143569946
"34927",120.573045798161,-17.4068884067726,0.848775565624237
"34928",120.65536216126,-17.4068884067726,0.849160730838776
"34929",120.73767852436,-17.4068884067726,0.84978848695755
"34930",120.819994887459,-17.4068884067726,0.850634872913361
"34931",120.902311250558,-17.4068884067726,0.851651310920715
"34932",120.984627613657,-17.4068884067726,0.852977633476257
"34933",121.066943976757,-17.4068884067726,0.854502439498901
"34934",121.149260339856,-17.4068884067726,0.856267154216766
"34935",121.231576702955,-17.4068884067726,0.858344078063965
"34936",121.313893066055,-17.4068884067726,0.860693633556366
"34937",121.396209429154,-17.4068884067726,0.863131761550903
"34938",121.478525792253,-17.4068884067726,0.865763008594513
"34939",121.560842155352,-17.4068884067726,0.868664026260376
"34940",121.643158518452,-17.4068884067726,0.872005879878998
"34941",121.725474881551,-17.4068884067726,0.876399219036102
"34942",121.80779124465,-17.4068884067726,0.882589519023895
"34943",121.89010760775,-17.4068884067726,0.891627907752991
"34944",121.972423970849,-17.4068884067726,0.903708398342133
"34945",122.054740333948,-17.4068884067726,0.917028605937958
"34946",122.137056697047,-17.4068884067726,0.927429437637329
"34963",123.536434869735,-17.4068884067726,0.973128199577332
"34964",123.618751232835,-17.4068884067726,0.980227649211884
"35184",118.268187631381,-17.4892047698719,0.869524955749512
"35185",118.35050399448,-17.4892047698719,0.869045436382294
"35186",118.43282035758,-17.4892047698719,0.86943793296814
"35187",118.515136720679,-17.4892047698719,0.86986768245697
"35188",118.597453083778,-17.4892047698719,0.870172619819641
"35189",118.679769446877,-17.4892047698719,0.870347321033478
"35190",118.762085809977,-17.4892047698719,0.870389401912689
"35191",118.844402173076,-17.4892047698719,0.870286762714386
"35192",118.926718536175,-17.4892047698719,0.870075881481171
"35193",119.009034899275,-17.4892047698719,0.869719326496124
"35194",119.091351262374,-17.4892047698719,0.869167506694794
"35195",119.173667625473,-17.4892047698719,0.868487298488617
"35196",119.255983988572,-17.4892047698719,0.867707133293152
"35197",119.338300351672,-17.4892047698719,0.866815209388733
"35198",119.420616714771,-17.4892047698719,0.86582612991333
"35199",119.50293307787,-17.4892047698719,0.864765584468842
"35200",119.58524944097,-17.4892047698719,0.863589704036713
"35201",119.667565804069,-17.4892047698719,0.862356960773468
"35202",119.749882167168,-17.4892047698719,0.86113429069519
"35203",119.832198530267,-17.4892047698719,0.859887421131134
"35204",119.914514893367,-17.4892047698719,0.858627796173096
"35205",119.996831256466,-17.4892047698719,0.857443153858185
"35206",120.079147619565,-17.4892047698719,0.856343448162079
"35207",120.161463982665,-17.4892047698719,0.855347454547882
"35208",120.243780345764,-17.4892047698719,0.854504585266113
"35209",120.326096708863,-17.4892047698719,0.853819787502289
"35210",120.408413071962,-17.4892047698719,0.853279292583466
"35211",120.490729435062,-17.4892047698719,0.852928400039673
"35212",120.573045798161,-17.4892047698719,0.852772116661072
"35213",120.65536216126,-17.4892047698719,0.85283088684082
"35214",120.73767852436,-17.4892047698719,0.853141009807587
"35215",120.819994887459,-17.4892047698719,0.853629291057587
"35216",120.902311250558,-17.4892047698719,0.854256272315979
"35217",120.984627613657,-17.4892047698719,0.85513174533844
"35218",121.066943976757,-17.4892047698719,0.856216788291931
"35219",121.149260339856,-17.4892047698719,0.85746842622757
"35220",121.231576702955,-17.4892047698719,0.858921051025391
"35221",121.313893066055,-17.4892047698719,0.860580384731293
"35222",121.396209429154,-17.4892047698719,0.862243056297302
"35223",121.478525792253,-17.4892047698719,0.863961040973663
"35224",121.560842155352,-17.4892047698719,0.865490078926086
"35225",121.643158518452,-17.4892047698719,0.867050766944885
"35226",121.725474881551,-17.4892047698719,0.869346797466278
"35227",121.80779124465,-17.4892047698719,0.873658776283264
"35228",121.89010760775,-17.4892047698719,0.881977081298828
"35229",121.972423970849,-17.4892047698719,0.896021008491516
"35230",122.054740333948,-17.4892047698719,0.913730084896088
"35231",122.137056697047,-17.4892047698719,0.928061366081238
"35232",122.219373060147,-17.4892047698719,0.934834480285645
"35248",123.536434869735,-17.4892047698719,0.976145267486572
"35249",123.618751232835,-17.4892047698719,0.98260623216629
"35468",118.185871268282,-17.5715211329712,0.874790668487549
"35469",118.268187631381,-17.5715211329712,0.876397788524628
"35470",118.35050399448,-17.5715211329712,0.877297580242157
"35471",118.43282035758,-17.5715211329712,0.877823710441589
"35472",118.515136720679,-17.5715211329712,0.87828117609024
"35473",118.597453083778,-17.5715211329712,0.878534197807312
"35474",118.679769446877,-17.5715211329712,0.878686964511871
"35475",118.762085809977,-17.5715211329712,0.878725349903107
"35476",118.844402173076,-17.5715211329712,0.878563940525055
"35477",118.926718536175,-17.5715211329712,0.878282725811005
"35478",119.009034899275,-17.5715211329712,0.877875089645386
"35479",119.091351262374,-17.5715211329712,0.877215504646301
"35480",119.173667625473,-17.5715211329712,0.876449167728424
"35481",119.255983988572,-17.5715211329712,0.875551521778107
"35482",119.338300351672,-17.5715211329712,0.874504923820496
"35483",119.420616714771,-17.5715211329712,0.873338401317596
"35484",119.50293307787,-17.5715211329712,0.872080445289612
"35485",119.58524944097,-17.5715211329712,0.870725095272064
"35486",119.667565804069,-17.5715211329712,0.869245767593384
"35487",119.749882167168,-17.5715211329712,0.867780208587646
"35488",119.832198530267,-17.5715211329712,0.86627984046936
"35489",119.914514893367,-17.5715211329712,0.864771366119385
"35490",119.996831256466,-17.5715211329712,0.863288998603821
"35491",120.079147619565,-17.5715211329712,0.861874222755432
"35492",120.161463982665,-17.5715211329712,0.860587418079376
"35493",120.243780345764,-17.5715211329712,0.859437048435211
"35494",120.326096708863,-17.5715211329712,0.858452677726746
"35495",120.408413071962,-17.5715211329712,0.857628464698792
"35496",120.490729435062,-17.5715211329712,0.85705554485321
"35497",120.573045798161,-17.5715211329712,0.856636166572571
"35498",120.65536216126,-17.5715211329712,0.856385588645935
"35499",120.73767852436,-17.5715211329712,0.856380045413971
"35500",120.819994887459,-17.5715211329712,0.856567025184631
"35501",120.902311250558,-17.5715211329712,0.856965482234955
"35502",120.984627613657,-17.5715211329712,0.857538223266602
"35503",121.066943976757,-17.5715211329712,0.858263909816742
"35504",121.149260339856,-17.5715211329712,0.859151184558868
"35505",121.231576702955,-17.5715211329712,0.860159695148468
"35506",121.313893066055,-17.5715211329712,0.861396849155426
"35507",121.396209429154,-17.5715211329712,0.862606406211853
"35508",121.478525792253,-17.5715211329712,0.863606989383698
"35509",121.560842155352,-17.5715211329712,0.863955974578857
"35510",121.643158518452,-17.5715211329712,0.863662898540497
"35511",121.725474881551,-17.5715211329712,0.863378763198853
"35512",121.80779124465,-17.5715211329712,0.864394307136536
"35513",121.89010760775,-17.5715211329712,0.86935555934906
"35514",121.972423970849,-17.5715211329712,0.88254714012146
"35515",122.054740333948,-17.5715211329712,0.904281497001648
"35516",122.137056697047,-17.5715211329712,0.922860145568848
"35517",122.219373060147,-17.5715211329712,0.929651498794556
"35534",123.618751232835,-17.5715211329712,0.984754681587219
"35754",118.268187631381,-17.6538374960704,0.885102808475494
"35755",118.35050399448,-17.6538374960704,0.88532030582428
"35756",118.43282035758,-17.6538374960704,0.885858833789825
"35757",118.515136720679,-17.6538374960704,0.886312365531921
"35758",118.597453083778,-17.6538374960704,0.886610805988312
"35759",118.679769446877,-17.6538374960704,0.886735260486603
"35760",118.762085809977,-17.6538374960704,0.886709868907928
"35761",118.844402173076,-17.6538374960704,0.886489450931549
"35762",118.926718536175,-17.6538374960704,0.886186242103577
"35763",119.009034899275,-17.6538374960704,0.885657370090485
"35764",119.091351262374,-17.6538374960704,0.884994804859161
"35765",119.173667625473,-17.6538374960704,0.884178400039673
"35766",119.255983988572,-17.6538374960704,0.883111894130707
"35767",119.338300351672,-17.6538374960704,0.881899476051331
"35768",119.420616714771,-17.6538374960704,0.880547225475311
"35769",119.50293307787,-17.6538374960704,0.879083693027496
"35770",119.58524944097,-17.6538374960704,0.87751978635788
"35771",119.667565804069,-17.6538374960704,0.875815987586975
"35772",119.749882167168,-17.6538374960704,0.874098122119904
"35773",119.832198530267,-17.6538374960704,0.872355222702026
"35774",119.914514893367,-17.6538374960704,0.870557963848114
"35775",119.996831256466,-17.6538374960704,0.868812203407288
"35776",120.079147619565,-17.6538374960704,0.867116093635559
"35777",120.161463982665,-17.6538374960704,0.865516424179077
"35778",120.243780345764,-17.6538374960704,0.864063203334808
"35779",120.326096708863,-17.6538374960704,0.86281406879425
"35780",120.408413071962,-17.6538374960704,0.861731708049774
"35781",120.490729435062,-17.6538374960704,0.860843122005463
"35782",120.573045798161,-17.6538374960704,0.860194563865662
"35783",120.65536216126,-17.6538374960704,0.859776198863983
"35784",120.73767852436,-17.6538374960704,0.859552383422852
"35785",120.819994887459,-17.6538374960704,0.859561264514923
"35786",120.902311250558,-17.6538374960704,0.859834134578705
"35787",120.984627613657,-17.6538374960704,0.860253751277924
"35788",121.066943976757,-17.6538374960704,0.860841155052185
"35789",121.149260339856,-17.6538374960704,0.861595392227173
"35790",121.231576702955,-17.6538374960704,0.862470090389252
"35791",121.313893066055,-17.6538374960704,0.863600671291351
"35792",121.396209429154,-17.6538374960704,0.864748120307922
"35793",121.478525792253,-17.6538374960704,0.865434646606445
"35794",121.560842155352,-17.6538374960704,0.865105986595154
"35795",121.643158518452,-17.6538374960704,0.863527357578278
"35796",121.725474881551,-17.6538374960704,0.860874533653259
"35797",121.80779124465,-17.6538374960704,0.85821521282196
"35798",121.89010760775,-17.6538374960704,0.85798442363739
"35799",121.972423970849,-17.6538374960704,0.865733325481415
"35800",122.054740333948,-17.6538374960704,0.886396169662476
"35801",122.137056697047,-17.6538374960704,0.908223032951355
"35802",122.219373060147,-17.6538374960704,0.918162286281586
"35803",122.301689423246,-17.6538374960704,0.922280013561249
"36038",118.185871268282,-17.7361538591697,0.89166122674942
"36039",118.268187631381,-17.7361538591697,0.892325222492218
"36040",118.35050399448,-17.7361538591697,0.893051981925964
"36041",118.43282035758,-17.7361538591697,0.89363694190979
"36042",118.515136720679,-17.7361538591697,0.894075572490692
"36043",118.597453083778,-17.7361538591697,0.8943692445755
"36044",118.679769446877,-17.7361538591697,0.894457638263702
"36045",118.762085809977,-17.7361538591697,0.894448518753052
"36046",118.844402173076,-17.7361538591697,0.894215703010559
"36047",118.926718536175,-17.7361538591697,0.893822193145752
"36048",119.009034899275,-17.7361538591697,0.893279790878296
"36049",119.091351262374,-17.7361538591697,0.892497539520264
"36050",119.173667625473,-17.7361538591697,0.891514241695404
"36051",119.255983988572,-17.7361538591697,0.890338778495789
"36052",119.338300351672,-17.7361538591697,0.888993263244629
"36053",119.420616714771,-17.7361538591697,0.887460291385651
"36054",119.50293307787,-17.7361538591697,0.885840713977814
"36055",119.58524944097,-17.7361538591697,0.884043157100677
"36056",119.667565804069,-17.7361538591697,0.882125079631805
"36057",119.749882167168,-17.7361538591697,0.88014143705368
"36058",119.832198530267,-17.7361538591697,0.878114402294159
"36059",119.914514893367,-17.7361538591697,0.876018702983856
"36060",119.996831256466,-17.7361538591697,0.873972237110138
"36061",120.079147619565,-17.7361538591697,0.871993482112885
"36062",120.161463982665,-17.7361538591697,0.870144426822662
"36063",120.243780345764,-17.7361538591697,0.868418157100677
"36064",120.326096708863,-17.7361538591697,0.866882801055908
"36065",120.408413071962,-17.7361538591697,0.865566730499268
"36066",120.490729435062,-17.7361538591697,0.864464640617371
"36067",120.573045798161,-17.7361538591697,0.863627433776855
"36068",120.65536216126,-17.7361538591697,0.863041818141937
"36069",120.73767852436,-17.7361538591697,0.862686455249786
"36070",120.819994887459,-17.7361538591697,0.862626552581787
"36071",120.902311250558,-17.7361538591697,0.862844884395599
"36072",120.984627613657,-17.7361538591697,0.863263249397278
"36073",121.066943976757,-17.7361538591697,0.86391669511795
"36074",121.149260339856,-17.7361538591697,0.864796161651611
"36075",121.231576702955,-17.7361538591697,0.865900754928589
"36076",121.313893066055,-17.7361538591697,0.867312371730804
"36077",121.396209429154,-17.7361538591697,0.868757605552673
"36078",121.478525792253,-17.7361538591697,0.869647860527039
"36079",121.560842155352,-17.7361538591697,0.869383573532104
"36080",121.643158518452,-17.7361538591697,0.867467761039734
"36081",121.725474881551,-17.7361538591697,0.863776445388794
"36082",121.80779124465,-17.7361538591697,0.859074652194977
"36083",121.89010760775,-17.7361538591697,0.855436027050018
"36084",121.972423970849,-17.7361538591697,0.857544481754303
"36085",122.054740333948,-17.7361538591697,0.870556592941284
"36086",122.137056697047,-17.7361538591697,0.888545453548431
"36087",122.219373060147,-17.7361538591697,0.902031600475311
"36088",122.301689423246,-17.7361538591697,0.908050298690796
"36322",118.103554905182,-17.818470222269,0.897893965244293
"36323",118.185871268282,-17.818470222269,0.898910820484161
"36324",118.268187631381,-17.818470222269,0.89982682466507
"36325",118.35050399448,-17.818470222269,0.900497496128082
"36326",118.43282035758,-17.818470222269,0.901107490062714
"36327",118.515136720679,-17.818470222269,0.901500165462494
"36328",118.597453083778,-17.818470222269,0.901810109615326
"36329",118.679769446877,-17.818470222269,0.901877760887146
"36330",118.762085809977,-17.818470222269,0.901894986629486
"36331",118.844402173076,-17.818470222269,0.901627540588379
"36332",118.926718536175,-17.818470222269,0.901185929775238
"36333",119.009034899275,-17.818470222269,0.900499701499939
"36334",119.091351262374,-17.818470222269,0.899680495262146
"36335",119.173667625473,-17.818470222269,0.898606181144714
"36336",119.255983988572,-17.818470222269,0.897311210632324
"36337",119.338300351672,-17.818470222269,0.895833015441895
"36338",119.420616714771,-17.818470222269,0.894138097763062
"36339",119.50293307787,-17.818470222269,0.892352044582367
"36340",119.58524944097,-17.818470222269,0.890305578708649
"36341",119.667565804069,-17.818470222269,0.888194739818573
"36342",119.749882167168,-17.818470222269,0.885883390903473
"36343",119.832198530267,-17.818470222269,0.883473515510559
"36344",119.914514893367,-17.818470222269,0.881139159202576
"36345",119.996831256466,-17.818470222269,0.878839790821075
"36346",120.079147619565,-17.818470222269,0.876567780971527
"36347",120.161463982665,-17.818470222269,0.874410033226013
"36348",120.243780345764,-17.818470222269,0.872434079647064
"36349",120.326096708863,-17.818470222269,0.870649039745331
"36350",120.408413071962,-17.818470222269,0.869137585163116
"36351",120.490729435062,-17.818470222269,0.867824196815491
"36352",120.573045798161,-17.818470222269,0.866810321807861
"36353",120.65536216126,-17.818470222269,0.866083025932312
"36354",120.73767852436,-17.818470222269,0.865744113922119
"36355",120.819994887459,-17.818470222269,0.865684449672699
"36356",120.902311250558,-17.818470222269,0.865937888622284
"36357",120.984627613657,-17.818470222269,0.866487681865692
"36358",121.066943976757,-17.818470222269,0.867342174053192
"36359",121.149260339856,-17.818470222269,0.868573248386383
"36360",121.231576702955,-17.818470222269,0.870125532150269
"36361",121.313893066055,-17.818470222269,0.871978223323822
"36362",121.396209429154,-17.818470222269,0.873884916305542
"36363",121.478525792253,-17.818470222269,0.875394999980927
"36364",121.560842155352,-17.818470222269,0.875943183898926
"36365",121.643158518452,-17.818470222269,0.874792695045471
"36366",121.725474881551,-17.818470222269,0.871561110019684
"36367",121.80779124465,-17.818470222269,0.867032587528229
"36368",121.89010760775,-17.818470222269,0.862992763519287
"36369",121.972423970849,-17.818470222269,0.863145709037781
"36370",122.054740333948,-17.818470222269,0.870638191699982
"36371",122.137056697047,-17.818470222269,0.88202965259552
"36372",122.219373060147,-17.818470222269,0.892006814479828
"36604",117.856605815885,-17.9007865853683,0.903733253479004
"36605",117.938922178984,-17.9007865853683,0.904980897903442
"36606",118.021238542083,-17.9007865853683,0.903806924819946
"36607",118.103554905182,-17.9007865853683,0.904960632324219
"36608",118.185871268282,-17.9007865853683,0.906003892421722
"36609",118.268187631381,-17.9007865853683,0.906902730464935
"36610",118.35050399448,-17.9007865853683,0.907604575157166
"36611",118.43282035758,-17.9007865853683,0.908207833766937
"36612",118.515136720679,-17.9007865853683,0.908642172813416
"36613",118.597453083778,-17.9007865853683,0.908923804759979
"36614",118.679769446877,-17.9007865853683,0.909018635749817
"36615",118.762085809977,-17.9007865853683,0.908983051776886
"36616",118.844402173076,-17.9007865853683,0.90868216753006
"36617",118.926718536175,-17.9007865853683,0.908230721950531
"36618",119.009034899275,-17.9007865853683,0.907562553882599
"36619",119.091351262374,-17.9007865853683,0.906572878360748
"36620",119.173667625473,-17.9007865853683,0.905419647693634
"36621",119.255983988572,-17.9007865853683,0.90402489900589
"36622",119.338300351672,-17.9007865853683,0.902398765087128
"36623",119.420616714771,-17.9007865853683,0.900545239448547
"36624",119.50293307787,-17.9007865853683,0.898524641990662
"36625",119.58524944097,-17.9007865853683,0.896234333515167
"36626",119.667565804069,-17.9007865853683,0.893861174583435
"36627",119.749882167168,-17.9007865853683,0.891341269016266
"36628",119.832198530267,-17.9007865853683,0.888690590858459
"36629",119.914514893367,-17.9007865853683,0.886012732982635
"36630",119.996831256466,-17.9007865853683,0.883418262004852
"36631",120.079147619565,-17.9007865853683,0.880813241004944
"36632",120.161463982665,-17.9007865853683,0.878324449062347
"36633",120.243780345764,-17.9007865853683,0.876138627529144
"36634",120.326096708863,-17.9007865853683,0.874061584472656
"36635",120.408413071962,-17.9007865853683,0.872333884239197
"36636",120.490729435062,-17.9007865853683,0.870898187160492
"36637",120.573045798161,-17.9007865853683,0.869791269302368
"36638",120.65536216126,-17.9007865853683,0.868975937366486
"36639",120.73767852436,-17.9007865853683,0.868584394454956
"36640",120.819994887459,-17.9007865853683,0.868562996387482
"36641",120.902311250558,-17.9007865853683,0.868916571140289
"36642",120.984627613657,-17.9007865853683,0.869682788848877
"36643",121.066943976757,-17.9007865853683,0.87082314491272
"36644",121.149260339856,-17.9007865853683,0.872391939163208
"36645",121.231576702955,-17.9007865853683,0.874373078346252
"36646",121.313893066055,-17.9007865853683,0.876658201217651
"36647",121.396209429154,-17.9007865853683,0.879095196723938
"36648",121.478525792253,-17.9007865853683,0.881295442581177
"36649",121.560842155352,-17.9007865853683,0.882843255996704
"36650",121.643158518452,-17.9007865853683,0.8829026222229
"36651",121.725474881551,-17.9007865853683,0.880789816379547
"36652",121.80779124465,-17.9007865853683,0.877642512321472
"36653",121.89010760775,-17.9007865853683,0.874334990978241
"36654",121.972423970849,-17.9007865853683,0.873239815235138
"36655",122.054740333948,-17.9007865853683,0.877726018428802
"36656",122.137056697047,-17.9007865853683,0.88355028629303
"36657",122.219373060147,-17.9007865853683,0.887137532234192
"36658",122.301689423246,-17.9007865853683,0.890484213829041
"36888",117.774289452785,-17.9831029484676,0.907466351985931
"36889",117.856605815885,-17.9831029484676,0.907856404781342
"36890",117.938922178984,-17.9831029484676,0.909231662750244
"36891",118.021238542083,-17.9831029484676,0.910512447357178
"36892",118.103554905182,-17.9831029484676,0.911711275577545
"36893",118.185871268282,-17.9831029484676,0.912719666957855
"36894",118.268187631381,-17.9831029484676,0.913598597049713
"36895",118.35050399448,-17.9831029484676,0.914394021034241
"36896",118.43282035758,-17.9831029484676,0.915012657642365
"36897",118.515136720679,-17.9831029484676,0.915454685688019
"36898",118.597453083778,-17.9831029484676,0.915718019008636
"36899",118.679769446877,-17.9831029484676,0.915832579135895
"36900",118.762085809977,-17.9831029484676,0.915743768215179
"36901",118.844402173076,-17.9831029484676,0.915444493293762
"36902",118.926718536175,-17.9831029484676,0.914917349815369
"36903",119.009034899275,-17.9831029484676,0.914159178733826
"36904",119.091351262374,-17.9831029484676,0.913144469261169
"36905",119.173667625473,-17.9831029484676,0.911907494068146
"36906",119.255983988572,-17.9831029484676,0.910394310951233
"36907",119.338300351672,-17.9831029484676,0.90863424539566
"36908",119.420616714771,-17.9831029484676,0.90661633014679
"36909",119.50293307787,-17.9831029484676,0.904395341873169
"36910",119.58524944097,-17.9831029484676,0.901902675628662
"36911",119.667565804069,-17.9831029484676,0.899247586727142
"36912",119.749882167168,-17.9831029484676,0.896453559398651
"36913",119.832198530267,-17.9831029484676,0.893491864204407
"36914",119.914514893367,-17.9831029484676,0.8905268907547
"36915",119.996831256466,-17.9831029484676,0.887596726417542
"36916",120.079147619565,-17.9831029484676,0.884689211845398
"36917",120.161463982665,-17.9831029484676,0.881913781166077
"36918",120.243780345764,-17.9831029484676,0.879455626010895
"36919",120.326096708863,-17.9831029484676,0.877126157283783
"36920",120.408413071962,-17.9831029484676,0.8752281665802
"36921",120.490729435062,-17.9831029484676,0.873611569404602
"36922",120.573045798161,-17.9831029484676,0.872361540794373
"36923",120.65536216126,-17.9831029484676,0.871535539627075
"36924",120.73767852436,-17.9831029484676,0.871098101139069
"36925",120.819994887459,-17.9831029484676,0.871146619319916
"36926",120.902311250558,-17.9831029484676,0.871641635894775
"36927",120.984627613657,-17.9831029484676,0.872614920139313
"36928",121.066943976757,-17.9831029484676,0.874012053012848
"36929",121.149260339856,-17.9831029484676,0.875866889953613
"36930",121.231576702955,-17.9831029484676,0.87817257642746
"36931",121.313893066055,-17.9831029484676,0.880744934082031
"36932",121.396209429154,-17.9831029484676,0.883537232875824
"36933",121.478525792253,-17.9831029484676,0.886070191860199
"36934",121.560842155352,-17.9831029484676,0.888032257556915
"36935",121.643158518452,-17.9831029484676,0.888716459274292
"36936",121.725474881551,-17.9831029484676,0.887491405010223
"36937",121.80779124465,-17.9831029484676,0.885304510593414
"36938",121.89010760775,-17.9831029484676,0.882621824741364
"36939",121.972423970849,-17.9831029484676,0.882180690765381
"36940",122.054740333948,-17.9831029484676,0.883924722671509
"36941",122.137056697047,-17.9831029484676,0.882485866546631
"36942",122.219373060147,-17.9831029484676,0.880565166473389
"36943",122.301689423246,-17.9831029484676,0.883221566677094
"36944",122.384005786345,-17.9831029484676,0.887561738491058
"37171",117.609656726587,-18.0654193115669,0.910750806331635
"37172",117.691973089686,-18.0654193115669,0.911582589149475
"37173",117.774289452785,-18.0654193115669,0.912681698799133
"37174",117.856605815885,-18.0654193115669,0.914184749126434
"37175",117.938922178984,-18.0654193115669,0.915582537651062
"37176",118.021238542083,-18.0654193115669,0.916880309581757
"37177",118.103554905182,-18.0654193115669,0.918072402477264
"37178",118.185871268282,-18.0654193115669,0.919114232063293
"37179",118.268187631381,-18.0654193115669,0.920072197914124
"37180",118.35050399448,-18.0654193115669,0.92087334394455
"37181",118.43282035758,-18.0654193115669,0.921453297138214
"37182",118.515136720679,-18.0654193115669,0.921884775161743
"37183",118.597453083778,-18.0654193115669,0.922165811061859
"37184",118.679769446877,-18.0654193115669,0.922294020652771
"37185",118.762085809977,-18.0654193115669,0.922221064567566
"37186",118.844402173076,-18.0654193115669,0.921919822692871
"37187",118.926718536175,-18.0654193115669,0.921322524547577
"37188",119.009034899275,-18.0654193115669,0.920525133609772
"37189",119.091351262374,-18.0654193115669,0.91948014497757
"37190",119.173667625473,-18.0654193115669,0.918116688728333
"37191",119.255983988572,-18.0654193115669,0.916492760181427
"37192",119.338300351672,-18.0654193115669,0.914623022079468
"37193",119.420616714771,-18.0654193115669,0.912450551986694
"37194",119.50293307787,-18.0654193115669,0.909983098506927
"37195",119.58524944097,-18.0654193115669,0.907260358333588
"37196",119.667565804069,-18.0654193115669,0.904358506202698
"37197",119.749882167168,-18.0654193115669,0.901271164417267
"37198",119.832198530267,-18.0654193115669,0.898002743721008
"37199",119.914514893367,-18.0654193115669,0.894726812839508
"37200",119.996831256466,-18.0654193115669,0.891418814659119
"37201",120.079147619565,-18.0654193115669,0.888223826885223
"37202",120.161463982665,-18.0654193115669,0.885177075862885
"37203",120.243780345764,-18.0654193115669,0.882351398468018
"37204",120.326096708863,-18.0654193115669,0.879838883876801
"37205",120.408413071962,-18.0654193115669,0.877715229988098
"37206",120.490729435062,-18.0654193115669,0.875984072685242
"37207",120.573045798161,-18.0654193115669,0.874572336673737
"37208",120.65536216126,-18.0654193115669,0.873723208904266
"37209",120.73767852436,-18.0654193115669,0.873352766036987
"37210",120.819994887459,-18.0654193115669,0.873399496078491
"37211",120.902311250558,-18.0654193115669,0.874024152755737
"37212",120.984627613657,-18.0654193115669,0.87513542175293
"37213",121.066943976757,-18.0654193115669,0.876734256744385
"37214",121.149260339856,-18.0654193115669,0.87875759601593
"37215",121.231576702955,-18.0654193115669,0.881178259849548
"37216",121.313893066055,-18.0654193115669,0.883945286273956
"37217",121.396209429154,-18.0654193115669,0.886731266975403
"37218",121.478525792253,-18.0654193115669,0.889194130897522
"37219",121.560842155352,-18.0654193115669,0.891110777854919
"37220",121.643158518452,-18.0654193115669,0.89177405834198
"37221",121.725474881551,-18.0654193115669,0.890933632850647
"37222",121.80779124465,-18.0654193115669,0.888842761516571
"37223",121.89010760775,-18.0654193115669,0.886327564716339
"37224",121.972423970849,-18.0654193115669,0.887751936912537
"37225",122.054740333948,-18.0654193115669,0.885675013065338
"37226",122.137056697047,-18.0654193115669,0.880144476890564
"37227",122.219373060147,-18.0654193115669,0.877133190631866
"37228",122.301689423246,-18.0654193115669,0.879298567771912
"37229",122.384005786345,-18.0654193115669,0.884237051010132
"37455",117.527340363487,-18.1477356746662,0.91435432434082
"37456",117.609656726587,-18.1477356746662,0.915413022041321
"37457",117.691973089686,-18.1477356746662,0.917019426822662
"37458",117.774289452785,-18.1477356746662,0.918651401996613
"37459",117.856605815885,-18.1477356746662,0.920161068439484
"37460",117.938922178984,-18.1477356746662,0.921582579612732
"37461",118.021238542083,-18.1477356746662,0.92290872335434
"37462",118.103554905182,-18.1477356746662,0.924121558666229
"37463",118.185871268282,-18.1477356746662,0.925210416316986
"37464",118.268187631381,-18.1477356746662,0.926164209842682
"37465",118.35050399448,-18.1477356746662,0.926934599876404
"37466",118.43282035758,-18.1477356746662,0.927555680274963
"37467",118.515136720679,-18.1477356746662,0.927997946739197
"37468",118.597453083778,-18.1477356746662,0.928254067897797
"37469",118.679769446877,-18.1477356746662,0.928382039070129
"37470",118.762085809977,-18.1477356746662,0.928295850753784
"37471",118.844402173076,-18.1477356746662,0.927982330322266
"37472",118.926718536175,-18.1477356746662,0.927458524703979
"37473",119.009034899275,-18.1477356746662,0.926596999168396
"37474",119.091351262374,-18.1477356746662,0.925459206104279
"37475",119.173667625473,-18.1477356746662,0.924033284187317
"37476",119.255983988572,-18.1477356746662,0.922308325767517
"37477",119.338300351672,-18.1477356746662,0.920313239097595
"37478",119.420616714771,-18.1477356746662,0.917980551719666
"37479",119.50293307787,-18.1477356746662,0.915297210216522
"37480",119.58524944097,-18.1477356746662,0.912348866462708
"37481",119.667565804069,-18.1477356746662,0.909151971340179
"37482",119.749882167168,-18.1477356746662,0.905801653862
"37483",119.832198530267,-18.1477356746662,0.902215659618378
"37484",119.914514893367,-18.1477356746662,0.89854770898819
"37485",119.996831256466,-18.1477356746662,0.894922077655792
"37486",120.079147619565,-18.1477356746662,0.891386032104492
"37487",120.161463982665,-18.1477356746662,0.888025224208832
"37488",120.243780345764,-18.1477356746662,0.884902477264404
"37489",120.326096708863,-18.1477356746662,0.882199823856354
"37490",120.408413071962,-18.1477356746662,0.87978208065033
"37491",120.490729435062,-18.1477356746662,0.877923488616943
"37492",120.573045798161,-18.1477356746662,0.876511871814728
"37493",120.65536216126,-18.1477356746662,0.875537812709808
"37494",120.73767852436,-18.1477356746662,0.875135540962219
"37495",120.819994887459,-18.1477356746662,0.875265061855316
"37496",120.902311250558,-18.1477356746662,0.875944972038269
"37497",120.984627613657,-18.1477356746662,0.87718677520752
"37498",121.066943976757,-18.1477356746662,0.87885057926178
"37499",121.149260339856,-18.1477356746662,0.881000697612762
"37500",121.231576702955,-18.1477356746662,0.883471667766571
"37501",121.313893066055,-18.1477356746662,0.886180460453033
"37502",121.396209429154,-18.1477356746662,0.888736546039581
"37503",121.478525792253,-18.1477356746662,0.890954077243805
"37504",121.560842155352,-18.1477356746662,0.89257550239563
"37505",121.643158518452,-18.1477356746662,0.893177092075348
"37506",121.725474881551,-18.1477356746662,0.892475068569183
"37507",121.80779124465,-18.1477356746662,0.890776932239532
"37508",121.89010760775,-18.1477356746662,0.888999402523041
"37509",121.972423970849,-18.1477356746662,0.887860536575317
"37510",122.054740333948,-18.1477356746662,0.884902954101562
"37511",122.137056697047,-18.1477356746662,0.880399167537689
"37512",122.219373060147,-18.1477356746662,0.877862870693207
"37513",122.301689423246,-18.1477356746662,0.879051446914673
"37514",122.384005786345,-18.1477356746662,0.883045792579651
"37739",117.445024000388,-18.2300520377654,0.917587518692017
"37740",117.527340363487,-18.2300520377654,0.919030368328094
"37741",117.609656726587,-18.2300520377654,0.920901477336884
"37742",117.691973089686,-18.2300520377654,0.922602951526642
"37743",117.774289452785,-18.2300520377654,0.924264430999756
"37744",117.856605815885,-18.2300520377654,0.925807476043701
"37745",117.938922178984,-18.2300520377654,0.927241444587708
"37746",118.021238542083,-18.2300520377654,0.928601801395416
"37747",118.103554905182,-18.2300520377654,0.929797530174255
"37748",118.185871268282,-18.2300520377654,0.930909514427185
"37749",118.268187631381,-18.2300520377654,0.931888997554779
"37750",118.35050399448,-18.2300520377654,0.932647109031677
"37751",118.43282035758,-18.2300520377654,0.933243572711945
"37752",118.515136720679,-18.2300520377654,0.933735370635986
"37753",118.597453083778,-18.2300520377654,0.93400639295578
"37754",118.679769446877,-18.2300520377654,0.934120535850525
"37755",118.762085809977,-18.2300520377654,0.934020340442657
"37756",118.844402173076,-18.2300520377654,0.933686137199402
"37757",118.926718536175,-18.2300520377654,0.933147072792053
"37758",119.009034899275,-18.2300520377654,0.932291746139526
"37759",119.091351262374,-18.2300520377654,0.931129992008209
"37760",119.173667625473,-18.2300520377654,0.929631769657135
"37761",119.255983988572,-18.2300520377654,0.927830576896667
"37762",119.338300351672,-18.2300520377654,0.925691664218903
"37763",119.420616714771,-18.2300520377654,0.923172354698181
"37764",119.50293307787,-18.2300520377654,0.920319557189941
"37765",119.58524944097,-18.2300520377654,0.917143106460571
"37766",119.667565804069,-18.2300520377654,0.913683593273163
"37767",119.749882167168,-18.2300520377654,0.909959435462952
"37768",119.832198530267,-18.2300520377654,0.906055927276611
"37769",119.914514893367,-18.2300520377654,0.902060508728027
"37770",119.996831256466,-18.2300520377654,0.898051977157593
"37771",120.079147619565,-18.2300520377654,0.89413595199585
"37772",120.161463982665,-18.2300520377654,0.890452265739441
"37773",120.243780345764,-18.2300520377654,0.887029588222504
"37774",120.326096708863,-18.2300520377654,0.883965611457825
"37775",120.408413071962,-18.2300520377654,0.881446778774261
"37776",120.490729435062,-18.2300520377654,0.879419207572937
"37777",120.573045798161,-18.2300520377654,0.877856910228729
"37778",120.65536216126,-18.2300520377654,0.876849889755249
"37779",120.73767852436,-18.2300520377654,0.876462697982788
"37780",120.819994887459,-18.2300520377654,0.876658022403717
"37781",120.902311250558,-18.2300520377654,0.877402067184448
"37782",120.984627613657,-18.2300520377654,0.878702461719513
"37783",121.066943976757,-18.2300520377654,0.880454659461975
"37784",121.149260339856,-18.2300520377654,0.882572054862976
"37785",121.231576702955,-18.2300520377654,0.88499116897583
"37786",121.313893066055,-18.2300520377654,0.887537896633148
"37787",121.396209429154,-18.2300520377654,0.889868915081024
"37788",121.478525792253,-18.2300520377654,0.891863882541656
"37789",121.560842155352,-18.2300520377654,0.893244385719299
"37790",121.643158518452,-18.2300520377654,0.893754482269287
"37791",121.725474881551,-18.2300520377654,0.893233418464661
"37792",121.80779124465,-18.2300520377654,0.891943395137787
"37793",121.89010760775,-18.2300520377654,0.890208780765533
"37794",121.972423970849,-18.2300520377654,0.888127386569977
"37795",122.054740333948,-18.2300520377654,0.885330021381378
"37796",122.137056697047,-18.2300520377654,0.882215678691864
"37797",122.219373060147,-18.2300520377654,0.880405724048615
"37798",122.301689423246,-18.2300520377654,0.881023466587067
"38016",116.786493095594,-18.3123684008647,0.904870569705963
"38017",116.868809458693,-18.3123684008647,0.907245934009552
"38018",116.951125821792,-18.3123684008647,0.909945011138916
"38019",117.033442184892,-18.3123684008647,0.912759304046631
"38020",117.115758547991,-18.3123684008647,0.915615975856781
"38021",117.19807491109,-18.3123684008647,0.918287754058838
"38024",117.445024000388,-18.3123684008647,0.922425508499146
"38025",117.527340363487,-18.3123684008647,0.924299836158752
"38026",117.609656726587,-18.3123684008647,0.926134943962097
"38027",117.691973089686,-18.3123684008647,0.927844345569611
"38028",117.774289452785,-18.3123684008647,0.929583013057709
"38029",117.856605815885,-18.3123684008647,0.931147754192352
"38030",117.938922178984,-18.3123684008647,0.932593584060669
"38031",118.021238542083,-18.3123684008647,0.933978319168091
"38032",118.103554905182,-18.3123684008647,0.935203850269318
"38033",118.185871268282,-18.3123684008647,0.936272084712982
"38034",118.268187631381,-18.3123684008647,0.93726921081543
"38035",118.35050399448,-18.3123684008647,0.937995970249176
"38036",118.43282035758,-18.3123684008647,0.93859851360321
"38037",118.515136720679,-18.3123684008647,0.939083218574524
"38038",118.597453083778,-18.3123684008647,0.939378798007965
"38039",118.679769446877,-18.3123684008647,0.939469933509827
"38040",118.762085809977,-18.3123684008647,0.939333975315094
"38041",118.844402173076,-18.3123684008647,0.939017117023468
"38042",118.926718536175,-18.3123684008647,0.938453137874603
"38043",119.009034899275,-18.3123684008647,0.937575697898865
"38044",119.091351262374,-18.3123684008647,0.936399340629578
"38045",119.173667625473,-18.3123684008647,0.934893548488617
"38046",119.255983988572,-18.3123684008647,0.933027744293213
"38047",119.338300351672,-18.3123684008647,0.930766582489014
"38048",119.420616714771,-18.3123684008647,0.928076446056366
"38049",119.50293307787,-18.3123684008647,0.92505007982254
"38050",119.58524944097,-18.3123684008647,0.921637237071991
"38051",119.667565804069,-18.3123684008647,0.917935729026794
"38052",119.749882167168,-18.3123684008647,0.913888573646545
"38053",119.832198530267,-18.3123684008647,0.909585893154144
"38054",119.914514893367,-18.3123684008647,0.905202686786652
"38055",119.996831256466,-18.3123684008647,0.900770485401154
"38056",120.079147619565,-18.3123684008647,0.896458208560944
"38057",120.161463982665,-18.3123684008647,0.892408490180969
"38058",120.243780345764,-18.3123684008647,0.888665914535522
"38059",120.326096708863,-18.3123684008647,0.8853400349617
"38060",120.408413071962,-18.3123684008647,0.882565975189209
"38061",120.490729435062,-18.3123684008647,0.880336463451385
"38062",120.573045798161,-18.3123684008647,0.878692626953125
"38063",120.65536216126,-18.3123684008647,0.877732574939728
"38064",120.73767852436,-18.3123684008647,0.877373695373535
"38065",120.819994887459,-18.3123684008647,0.877594649791718
"38066",120.902311250558,-18.3123684008647,0.878373920917511
"38067",120.984627613657,-18.3123684008647,0.879719793796539
"38068",121.066943976757,-18.3123684008647,0.881519615650177
"38069",121.149260339856,-18.3123684008647,0.883630394935608
"38070",121.231576702955,-18.3123684008647,0.885970294475555
"38071",121.313893066055,-18.3123684008647,0.888336837291718
"38072",121.396209429154,-18.3123684008647,0.890598356723785
"38073",121.478525792253,-18.3123684008647,0.892403066158295
"38074",121.560842155352,-18.3123684008647,0.893599450588226
"38075",121.643158518452,-18.3123684008647,0.8940789103508
"38076",121.725474881551,-18.3123684008647,0.893768906593323
"38077",121.80779124465,-18.3123684008647,0.892751336097717
"38078",121.89010760775,-18.3123684008647,0.891188859939575
"38079",121.972423970849,-18.3123684008647,0.889181673526764
"38080",122.054740333948,-18.3123684008647,0.886856913566589
"38081",122.137056697047,-18.3123684008647,0.884619116783142
"38082",122.219373060147,-18.3123684008647,0.88372939825058
"38298",116.539544006296,-18.394684763964,0.903992056846619
"38299",116.621860369395,-18.394684763964,0.904919326305389
"38300",116.704176732495,-18.394684763964,0.90729695558548
"38301",116.786493095594,-18.394684763964,0.909659802913666
"38302",116.868809458693,-18.394684763964,0.911958336830139
"38303",116.951125821792,-18.394684763964,0.914310574531555
"38304",117.033442184892,-18.394684763964,0.916570901870728
"38305",117.115758547991,-18.394684763964,0.918796420097351
"38306",117.19807491109,-18.394684763964,0.920975506305695
"38307",117.28039127419,-18.394684763964,0.923144221305847
"38308",117.362707637289,-18.394684763964,0.925200223922729
"38309",117.445024000388,-18.394684763964,0.927223682403564
"38310",117.527340363487,-18.394684763964,0.929212093353271
"38311",117.609656726587,-18.394684763964,0.931094765663147
"38312",117.691973089686,-18.394684763964,0.932805776596069
"38313",117.774289452785,-18.394684763964,0.934531927108765
"38314",117.856605815885,-18.394684763964,0.936096131801605
"38315",117.938922178984,-18.394684763964,0.937550663948059
"38316",118.021238542083,-18.394684763964,0.938913285732269
"38317",118.103554905182,-18.394684763964,0.940180897712708
"38318",118.185871268282,-18.394684763964,0.941238760948181
"38319",118.268187631381,-18.394684763964,0.942239463329315
"38320",118.35050399448,-18.394684763964,0.94294685125351
"38321",118.43282035758,-18.394684763964,0.943581521511078
"38322",118.515136720679,-18.394684763964,0.944031476974487
"38323",118.597453083778,-18.394684763964,0.944338083267212
"38324",118.679769446877,-18.394684763964,0.944412052631378
"38325",118.762085809977,-18.394684763964,0.944321870803833
"38326",118.844402173076,-18.394684763964,0.943979024887085
"38327",118.926718536175,-18.394684763964,0.943373024463654
"38328",119.009034899275,-18.394684763964,0.942495226860046
"38329",119.091351262374,-18.394684763964,0.941289067268372
"38330",119.173667625473,-18.394684763964,0.939801335334778
"38331",119.255983988572,-18.394684763964,0.93785148859024
"38332",119.338300351672,-18.394684763964,0.935517072677612
"38333",119.420616714771,-18.394684763964,0.932700157165527
"38334",119.50293307787,-18.394684763964,0.929503560066223
"38335",119.58524944097,-18.394684763964,0.92591267824173
"38336",119.667565804069,-18.394684763964,0.921845316886902
"38337",119.749882167168,-18.394684763964,0.917382597923279
"38338",119.832198530267,-18.394684763964,0.912696778774261
"38339",119.914514893367,-18.394684763964,0.907862663269043
"38340",119.996831256466,-18.394684763964,0.903021931648254
"38341",120.079147619565,-18.394684763964,0.898286640644073
"38342",120.161463982665,-18.394684763964,0.893838763237
"38343",120.243780345764,-18.394684763964,0.889798879623413
"38344",120.326096708863,-18.394684763964,0.886238813400269
"38345",120.408413071962,-18.394684763964,0.883221924304962
"38346",120.490729435062,-18.394684763964,0.880844950675964
"38347",120.573045798161,-18.394684763964,0.879169285297394
"38348",120.65536216126,-18.394684763964,0.878158509731293
"38349",120.73767852436,-18.394684763964,0.877822577953339
"38350",120.819994887459,-18.394684763964,0.878088772296906
"38351",120.902311250558,-18.394684763964,0.878935754299164
"38352",120.984627613657,-18.394684763964,0.880362451076508
"38353",121.066943976757,-18.394684763964,0.882205843925476
"38354",121.149260339856,-18.394684763964,0.88432765007019
"38355",121.231576702955,-18.394684763964,0.886587619781494
"38356",121.313893066055,-18.394684763964,0.888896942138672
"38357",121.396209429154,-18.394684763964,0.891020238399506
"38358",121.478525792253,-18.394684763964,0.892741024494171
"38359",121.560842155352,-18.394684763964,0.893982946872711
"38360",121.643158518452,-18.394684763964,0.894537508487701
"38361",121.725474881551,-18.394684763964,0.894422888755798
"38362",121.80779124465,-18.394684763964,0.893712639808655
"38363",121.89010760775,-18.394684763964,0.892528712749481
"38364",121.972423970849,-18.394684763964,0.890909194946289
"38365",122.054740333948,-18.394684763964,0.889314949512482
"38579",116.210278553899,-18.4770011270633,0.898743689060211
"38580",116.292594916998,-18.4770011270633,0.899975180625916
"38581",116.374911280097,-18.4770011270633,0.902904629707336
"38582",116.457227643197,-18.4770011270633,0.905396997928619
"38583",116.539544006296,-18.4770011270633,0.906962037086487
"38584",116.621860369395,-18.4770011270633,0.909358441829681
"38585",116.704176732495,-18.4770011270633,0.911729156970978
"38586",116.786493095594,-18.4770011270633,0.914106786251068
"38587",116.868809458693,-18.4770011270633,0.916501224040985
"38588",116.951125821792,-18.4770011270633,0.918788313865662
"38589",117.033442184892,-18.4770011270633,0.921023488044739
"38590",117.115758547991,-18.4770011270633,0.923245549201965
"38591",117.19807491109,-18.4770011270633,0.925451815128326
"38592",117.28039127419,-18.4770011270633,0.927602827548981
"38593",117.362707637289,-18.4770011270633,0.929708421230316
"38594",117.445024000388,-18.4770011270633,0.931769490242004
"38595",117.527340363487,-18.4770011270633,0.933756172657013
"38596",117.609656726587,-18.4770011270633,0.935621082782745
"38597",117.691973089686,-18.4770011270633,0.937425076961517
"38598",117.774289452785,-18.4770011270633,0.939115345478058
"38599",117.856605815885,-18.4770011270633,0.940678536891937
"38600",117.938922178984,-18.4770011270633,0.942135393619537
"38601",118.021238542083,-18.4770011270633,0.943493485450745
"38602",118.103554905182,-18.4770011270633,0.944772362709045
"38603",118.185871268282,-18.4770011270633,0.945861160755157
"38604",118.268187631381,-18.4770011270633,0.946800947189331
"38605",118.35050399448,-18.4770011270633,0.947564482688904
"38606",118.43282035758,-18.4770011270633,0.948131322860718
"38607",118.515136720679,-18.4770011270633,0.948605716228485
"38608",118.597453083778,-18.4770011270633,0.948886692523956
"38609",118.679769446877,-18.4770011270633,0.948927640914917
"38610",118.762085809977,-18.4770011270633,0.948844850063324
"38611",118.844402173076,-18.4770011270633,0.948488593101501
"38612",118.926718536175,-18.4770011270633,0.947898030281067
"38613",119.009034899275,-18.4770011270633,0.94702136516571
"38614",119.091351262374,-18.4770011270633,0.945786118507385
"38615",119.173667625473,-18.4770011270633,0.944274365901947
"38616",119.255983988572,-18.4770011270633,0.942325055599213
"38617",119.338300351672,-18.4770011270633,0.939934253692627
"38618",119.420616714771,-18.4770011270633,0.937016487121582
"38619",119.50293307787,-18.4770011270633,0.933643877506256
"38620",119.58524944097,-18.4770011270633,0.929784595966339
"38621",119.667565804069,-18.4770011270633,0.925439298152924
"38622",119.749882167168,-18.4770011270633,0.920556783676147
"38623",119.832198530267,-18.4770011270633,0.915446162223816
"38624",119.914514893367,-18.4770011270633,0.910123944282532
"38625",119.996831256466,-18.4770011270633,0.904821991920471
"38626",120.079147619565,-18.4770011270633,0.899657905101776
"38627",120.161463982665,-18.4770011270633,0.894798278808594
"38628",120.243780345764,-18.4770011270633,0.890387654304504
"38629",120.326096708863,-18.4770011270633,0.886553883552551
"38630",120.408413071962,-18.4770011270633,0.883350372314453
"38631",120.490729435062,-18.4770011270633,0.880886614322662
"38632",120.573045798161,-18.4770011270633,0.879162609577179
"38633",120.65536216126,-18.4770011270633,0.878163516521454
"38634",120.73767852436,-18.4770011270633,0.877882659435272
"38635",120.819994887459,-18.4770011270633,0.878251791000366
"38636",120.902311250558,-18.4770011270633,0.879226684570312
"38637",120.984627613657,-18.4770011270633,0.88071221113205
"38638",121.066943976757,-18.4770011270633,0.882621645927429
"38639",121.149260339856,-18.4770011270633,0.884799242019653
"38640",121.231576702955,-18.4770011270633,0.887069940567017
"38641",121.313893066055,-18.4770011270633,0.889333248138428
"38642",121.396209429154,-18.4770011270633,0.891429662704468
"38643",121.478525792253,-18.4770011270633,0.893211960792542
"38644",121.560842155352,-18.4770011270633,0.894547641277313
"38645",121.643158518452,-18.4770011270633,0.895307958126068
"38646",121.725474881551,-18.4770011270633,0.895511984825134
"38647",121.80779124465,-18.4770011270633,0.895210981369019
"38648",121.89010760775,-18.4770011270633,0.894517064094543
"38649",121.972423970849,-18.4770011270633,0.893870830535889
"38863",116.1279621908,-18.5593174901626,0.899871706962585
"38864",116.210278553899,-18.5593174901626,0.901382088661194
"38865",116.292594916998,-18.5593174901626,0.903801262378693
"38866",116.374911280097,-18.5593174901626,0.906251907348633
"38867",116.457227643197,-18.5593174901626,0.908660233020782
"38868",116.539544006296,-18.5593174901626,0.911094784736633
"38869",116.621860369395,-18.5593174901626,0.913502097129822
"38870",116.704176732495,-18.5593174901626,0.915882766246796
"38871",116.786493095594,-18.5593174901626,0.918258488178253
"38872",116.868809458693,-18.5593174901626,0.920615792274475
"38873",116.951125821792,-18.5593174901626,0.922895848751068
"38874",117.033442184892,-18.5593174901626,0.925156950950623
"38875",117.115758547991,-18.5593174901626,0.927401006221771
"38876",117.19807491109,-18.5593174901626,0.929592967033386
"38877",117.28039127419,-18.5593174901626,0.931749999523163
"38878",117.362707637289,-18.5593174901626,0.933895647525787
"38879",117.445024000388,-18.5593174901626,0.935969829559326
"38880",117.527340363487,-18.5593174901626,0.937956213951111
"38881",117.609656726587,-18.5593174901626,0.939847946166992
"38882",117.691973089686,-18.5593174901626,0.941618800163269
"38883",117.774289452785,-18.5593174901626,0.943336129188538
"38884",117.856605815885,-18.5593174901626,0.944937407970428
"38885",117.938922178984,-18.5593174901626,0.946407198905945
"38886",118.021238542083,-18.5593174901626,0.947808623313904
"38887",118.103554905182,-18.5593174901626,0.949011325836182
"38888",118.185871268282,-18.5593174901626,0.950095117092133
"38889",118.268187631381,-18.5593174901626,0.950974881649017
"38890",118.35050399448,-18.5593174901626,0.951729774475098
"38891",118.43282035758,-18.5593174901626,0.952308595180511
"38892",118.515136720679,-18.5593174901626,0.952679872512817
"38893",118.597453083778,-18.5593174901626,0.952941954135895
"38894",118.679769446877,-18.5593174901626,0.952960848808289
"38895",118.762085809977,-18.5593174901626,0.952816605567932
"38896",118.844402173076,-18.5593174901626,0.952481746673584
"38897",118.926718536175,-18.5593174901626,0.951936960220337
"38898",119.009034899275,-18.5593174901626,0.951098382472992
"38899",119.091351262374,-18.5593174901626,0.949864268302917
"38900",119.173667625473,-18.5593174901626,0.948310256004333
"38901",119.255983988572,-18.5593174901626,0.946384847164154
"38902",119.338300351672,-18.5593174901626,0.943950474262238
"38903",119.420616714771,-18.5593174901626,0.940960347652435
"38904",119.50293307787,-18.5593174901626,0.937433362007141
"38905",119.58524944097,-18.5593174901626,0.933333039283752
"38906",119.667565804069,-18.5593174901626,0.928735852241516
"38907",119.749882167168,-18.5593174901626,0.923455595970154
"38908",119.832198530267,-18.5593174901626,0.917882144451141
"38909",119.914514893367,-18.5593174901626,0.911992967128754
"38910",119.996831256466,-18.5593174901626,0.906181275844574
"38911",120.079147619565,-18.5593174901626,0.900532603263855
"38912",120.161463982665,-18.5593174901626,0.89521312713623
"38913",120.243780345764,-18.5593174901626,0.890456259250641
"38914",120.326096708863,-18.5593174901626,0.886332929134369
"38915",120.408413071962,-18.5593174901626,0.882914185523987
"38916",120.490729435062,-18.5593174901626,0.880405247211456
"38917",120.573045798161,-18.5593174901626,0.878648519515991
"38918",120.65536216126,-18.5593174901626,0.877783060073853
"38919",120.73767852436,-18.5593174901626,0.877634465694427
"38920",120.819994887459,-18.5593174901626,0.878163814544678
"38921",120.902311250558,-18.5593174901626,0.879302501678467
"38922",120.984627613657,-18.5593174901626,0.880916774272919
"38923",121.066943976757,-18.5593174901626,0.882921278476715
"38924",121.149260339856,-18.5593174901626,0.885222733020782
"38925",121.231576702955,-18.5593174901626,0.887611269950867
"38926",121.313893066055,-18.5593174901626,0.889967918395996
"38927",121.396209429154,-18.5593174901626,0.892165720462799
"38928",121.478525792253,-18.5593174901626,0.894060909748077
"38929",121.560842155352,-18.5593174901626,0.895561158657074
"38930",121.643158518452,-18.5593174901626,0.896587789058685
"38931",121.725474881551,-18.5593174901626,0.897160410881042
"38932",121.80779124465,-18.5593174901626,0.897294998168945
"38933",121.89010760775,-18.5593174901626,0.89666086435318
"39145",115.881013101502,-18.6416338532619,0.897287547588348
"39147",116.0456458277,-18.6416338532619,0.900768160820007
"39148",116.1279621908,-18.6416338532619,0.902790069580078
"39149",116.210278553899,-18.6416338532619,0.90524423122406
"39150",116.292594916998,-18.6416338532619,0.907706081867218
"39151",116.374911280097,-18.6416338532619,0.910130321979523
"39152",116.457227643197,-18.6416338532619,0.912527561187744
"39153",116.539544006296,-18.6416338532619,0.914956331253052
"39154",116.621860369395,-18.6416338532619,0.917360603809357
"39155",116.704176732495,-18.6416338532619,0.919733285903931
"39156",116.786493095594,-18.6416338532619,0.922068178653717
"39157",116.868809458693,-18.6416338532619,0.924434840679169
"39158",116.951125821792,-18.6416338532619,0.926750302314758
"39159",117.033442184892,-18.6416338532619,0.928985118865967
"39160",117.115758547991,-18.6416338532619,0.931228995323181
"39161",117.19807491109,-18.6416338532619,0.933442533016205
"39162",117.28039127419,-18.6416338532619,0.935595810413361
"39163",117.362707637289,-18.6416338532619,0.937724769115448
"39164",117.445024000388,-18.6416338532619,0.939793586730957
"39165",117.527340363487,-18.6416338532619,0.941784679889679
"39166",117.609656726587,-18.6416338532619,0.943686485290527
"39167",117.691973089686,-18.6416338532619,0.945494830608368
"39168",117.774289452785,-18.6416338532619,0.947255313396454
"39169",117.856605815885,-18.6416338532619,0.948866605758667
"39170",117.938922178984,-18.6416338532619,0.950331807136536
"39171",118.021238542083,-18.6416338532619,0.951680123806
"39172",118.103554905182,-18.6416338532619,0.952865362167358
"39173",118.185871268282,-18.6416338532619,0.953914105892181
"39174",118.268187631381,-18.6416338532619,0.954755008220673
"39175",118.35050399448,-18.6416338532619,0.955483734607697
"39176",118.43282035758,-18.6416338532619,0.95601886510849
"39177",118.515136720679,-18.6416338532619,0.956314206123352
"39178",118.597453083778,-18.6416338532619,0.95652848482132
"39179",118.679769446877,-18.6416338532619,0.956548690795898
"39180",118.762085809977,-18.6416338532619,0.956383526325226
"39181",118.844402173076,-18.6416338532619,0.956054270267487
"39182",118.926718536175,-18.6416338532619,0.955446481704712
"39183",119.009034899275,-18.6416338532619,0.954574346542358
"39184",119.091351262374,-18.6416338532619,0.95337963104248
"39185",119.173667625473,-18.6416338532619,0.95185387134552
"39186",119.255983988572,-18.6416338532619,0.949914813041687
"39187",119.338300351672,-18.6416338532619,0.947495460510254
"39188",119.420616714771,-18.6416338532619,0.944475889205933
"39189",119.50293307787,-18.6416338532619,0.940842151641846
"39190",119.58524944097,-18.6416338532619,0.936518847942352
"39191",119.667565804069,-18.6416338532619,0.931557416915894
"39192",119.749882167168,-18.6416338532619,0.925924062728882
"39193",119.832198530267,-18.6416338532619,0.919886946678162
"39194",119.914514893367,-18.6416338532619,0.913422167301178
"39195",119.996831256466,-18.6416338532619,0.907014489173889
"39196",120.079147619565,-18.6416338532619,0.900769293308258
"39197",120.161463982665,-18.6416338532619,0.895001173019409
"39198",120.243780345764,-18.6416338532619,0.889826655387878
"39199",120.326096708863,-18.6416338532619,0.885466694831848
"39200",120.408413071962,-18.6416338532619,0.882012784481049
"39201",120.490729435062,-18.6416338532619,0.879506349563599
"39202",120.573045798161,-18.6416338532619,0.877824604511261
"39203",120.65536216126,-18.6416338532619,0.877121686935425
"39204",120.73767852436,-18.6416338532619,0.877192556858063
"39205",120.819994887459,-18.6416338532619,0.877931296825409
"39206",120.902311250558,-18.6416338532619,0.879308760166168
"39207",120.984627613657,-18.6416338532619,0.88113659620285
"39208",121.066943976757,-18.6416338532619,0.883356928825378
"39209",121.149260339856,-18.6416338532619,0.885889768600464
"39210",121.231576702955,-18.6416338532619,0.888416588306427
"39211",121.313893066055,-18.6416338532619,0.890935778617859
"39212",121.396209429154,-18.6416338532619,0.893292903900146
"39213",121.478525792253,-18.6416338532619,0.89540296792984
"39214",121.560842155352,-18.6416338532619,0.897161960601807
"39215",121.643158518452,-18.6416338532619,0.898476123809814
"39216",121.725474881551,-18.6416338532619,0.899466931819916
"39217",121.80779124465,-18.6416338532619,0.90009593963623
"39429",115.798696738402,-18.7239502163611,0.897747159004211
"39430",115.881013101502,-18.7239502163611,0.899179041385651
"39431",115.963329464601,-18.7239502163611,0.901584208011627
"39432",116.0456458277,-18.7239502163611,0.903964102268219
"39433",116.1279621908,-18.7239502163611,0.906434416770935
"39434",116.210278553899,-18.7239502163611,0.908863365650177
"39435",116.292594916998,-18.7239502163611,0.911309897899628
"39436",116.374911280097,-18.7239502163611,0.91368556022644
"39437",116.457227643197,-18.7239502163611,0.916115820407867
"39438",116.539544006296,-18.7239502163611,0.918534398078918
"39439",116.621860369395,-18.7239502163611,0.920899450778961
"39440",116.704176732495,-18.7239502163611,0.923225045204163
"39441",116.786493095594,-18.7239502163611,0.925606429576874
"39442",116.868809458693,-18.7239502163611,0.927868068218231
"39443",116.951125821792,-18.7239502163611,0.930150091648102
"39444",117.033442184892,-18.7239502163611,0.932469248771667
"39445",117.115758547991,-18.7239502163611,0.934684038162231
"39446",117.19807491109,-18.7239502163611,0.936931014060974
"39447",117.28039127419,-18.7239502163611,0.939108550548553
"39448",117.362707637289,-18.7239502163611,0.941206037998199
"39449",117.445024000388,-18.7239502163611,0.943298399448395
"39450",117.527340363487,-18.7239502163611,0.945344924926758
"39451",117.609656726587,-18.7239502163611,0.947243452072144
"39452",117.691973089686,-18.7239502163611,0.94906884431839
"39453",117.774289452785,-18.7239502163611,0.950829863548279
"39454",117.856605815885,-18.7239502163611,0.952420651912689
"39455",117.938922178984,-18.7239502163611,0.953885316848755
"39456",118.021238542083,-18.7239502163611,0.955249071121216
"39457",118.103554905182,-18.7239502163611,0.956425368785858
"39458",118.185871268282,-18.7239502163611,0.957400679588318
"39459",118.268187631381,-18.7239502163611,0.958173930644989
"39460",118.35050399448,-18.7239502163611,0.958829879760742
"39461",118.43282035758,-18.7239502163611,0.959311366081238
"39462",118.515136720679,-18.7239502163611,0.959599733352661
"39463",118.597453083778,-18.7239502163611,0.959718525409698
"39464",118.679769446877,-18.7239502163611,0.959656536579132
"39465",118.762085809977,-18.7239502163611,0.959429502487183
"39466",118.844402173076,-18.7239502163611,0.959066033363342
"39467",118.926718536175,-18.7239502163611,0.958444952964783
"39468",119.009034899275,-18.7239502163611,0.957540273666382
"39469",119.091351262374,-18.7239502163611,0.956364214420319
"39470",119.173667625473,-18.7239502163611,0.954865515232086
"39471",119.255983988572,-18.7239502163611,0.95295912027359
"39472",119.338300351672,-18.7239502163611,0.950548350811005
"39473",119.420616714771,-18.7239502163611,0.947535753250122
"39474",119.50293307787,-18.7239502163611,0.943816959857941
"39475",119.58524944097,-18.7239502163611,0.939301133155823
"39476",119.667565804069,-18.7239502163611,0.934022545814514
"39477",119.749882167168,-18.7239502163611,0.927972793579102
"39478",119.832198530267,-18.7239502163611,0.921321749687195
"39479",119.914514893367,-18.7239502163611,0.91432923078537
"39480",119.996831256466,-18.7239502163611,0.907220363616943
"39481",120.079147619565,-18.7239502163611,0.900407314300537
"39482",120.161463982665,-18.7239502163611,0.894189119338989
"39483",120.243780345764,-18.7239502163611,0.888634562492371
"39484",120.326096708863,-18.7239502163611,0.884107291698456
"39485",120.408413071962,-18.7239502163611,0.880574405193329
"39486",120.490729435062,-18.7239502163611,0.878189563751221
"39487",120.573045798161,-18.7239502163611,0.876747488975525
"39488",120.65536216126,-18.7239502163611,0.876269161701202
"39489",120.73767852436,-18.7239502163611,0.876677215099335
"39490",120.819994887459,-18.7239502163611,0.877756237983704
"39491",120.902311250558,-18.7239502163611,0.87945693731308
"39492",120.984627613657,-18.7239502163611,0.881586492061615
"39493",121.066943976757,-18.7239502163611,0.884155809879303
"39494",121.149260339856,-18.7239502163611,0.886853992938995
"39495",121.231576702955,-18.7239502163611,0.889639794826508
"39496",121.313893066055,-18.7239502163611,0.892372190952301
"39497",121.396209429154,-18.7239502163611,0.89504873752594
"39498",121.478525792253,-18.7239502163611,0.897419035434723
"39499",121.560842155352,-18.7239502163611,0.899471461772919
"39500",121.643158518452,-18.7239502163611,0.901123821735382
"39501",121.725474881551,-18.7239502163611,0.902539432048798
"39502",121.80779124465,-18.7239502163611,0.902587234973907
"39713",115.716380375303,-18.8062665794604,0.898390591144562
"39714",115.798696738402,-18.8062665794604,0.900196552276611
"39715",115.881013101502,-18.8062665794604,0.902564764022827
"39716",115.963329464601,-18.8062665794604,0.904957115650177
"39717",116.0456458277,-18.8062665794604,0.907342553138733
"39718",116.1279621908,-18.8062665794604,0.909830510616302
"39719",116.210278553899,-18.8062665794604,0.91223156452179
"39720",116.292594916998,-18.8062665794604,0.914655447006226
"39721",116.374911280097,-18.8062665794604,0.917029857635498
"39722",116.457227643197,-18.8062665794604,0.919396042823792
"39723",116.539544006296,-18.8062665794604,0.921797513961792
"39724",116.621860369395,-18.8062665794604,0.924162209033966
"39725",116.704176732495,-18.8062665794604,0.926466047763824
"39726",116.786493095594,-18.8062665794604,0.928837537765503
"39727",116.868809458693,-18.8062665794604,0.931124150753021
"39728",116.951125821792,-18.8062665794604,0.93335634469986
"39729",117.033442184892,-18.8062665794604,0.935558080673218
"39730",117.115758547991,-18.8062665794604,0.937763273715973
"39731",117.19807491109,-18.8062665794604,0.940028369426727
"39732",117.28039127419,-18.8062665794604,0.942214369773865
"39733",117.362707637289,-18.8062665794604,0.944378077983856
"39734",117.445024000388,-18.8062665794604,0.946463167667389
"39735",117.527340363487,-18.8062665794604,0.948515832424164
"39736",117.609656726587,-18.8062665794604,0.950452923774719
"39737",117.691973089686,-18.8062665794604,0.95231169462204
"39738",117.774289452785,-18.8062665794604,0.954035401344299
"39739",117.856605815885,-18.8062665794604,0.955644726753235
"39740",117.938922178984,-18.8062665794604,0.957143306732178
"39741",118.021238542083,-18.8062665794604,0.958470523357391
"39742",118.103554905182,-18.8062665794604,0.959595799446106
"39743",118.185871268282,-18.8062665794604,0.960522413253784
"39744",118.268187631381,-18.8062665794604,0.96129184961319
"39745",118.35050399448,-18.8062665794604,0.961855947971344
"39746",118.43282035758,-18.8062665794604,0.96223646402359
"39747",118.515136720679,-18.8062665794604,0.962448537349701
"39748",118.597453083778,-18.8062665794604,0.962457001209259
"39749",118.679769446877,-18.8062665794604,0.962279736995697
"39750",118.762085809977,-18.8062665794604,0.961937487125397
"39751",118.844402173076,-18.8062665794604,0.961431264877319
"39752",118.926718536175,-18.8062665794604,0.9607914686203
"39753",119.009034899275,-18.8062665794604,0.959902942180634
"39754",119.091351262374,-18.8062665794604,0.958710253238678
"39755",119.173667625473,-18.8062665794604,0.957238376140594
"39756",119.255983988572,-18.8062665794604,0.955388247966766
"39757",119.338300351672,-18.8062665794604,0.953002393245697
"39758",119.420616714771,-18.8062665794604,0.95003753900528
"39759",119.50293307787,-18.8062665794604,0.946292757987976
"39760",119.58524944097,-18.8062665794604,0.941621840000153
"39761",119.667565804069,-18.8062665794604,0.936037480831146
"39762",119.749882167168,-18.8062665794604,0.929485321044922
"39763",119.832198530267,-18.8062665794604,0.922276377677917
"39764",119.914514893367,-18.8062665794604,0.914584636688232
"39765",119.996831256466,-18.8062665794604,0.906786262989044
"39766",120.079147619565,-18.8062665794604,0.899349689483643
"39767",120.161463982665,-18.8062665794604,0.89262193441391
"39768",120.243780345764,-18.8062665794604,0.886882543563843
"39769",120.326096708863,-18.8062665794604,0.88228166103363
"39770",120.408413071962,-18.8062665794604,0.878807604312897
"39771",120.490729435062,-18.8062665794604,0.876606047153473
"39772",120.573045798161,-18.8062665794604,0.875527143478394
"39773",120.65536216126,-18.8062665794604,0.875415921211243
"39774",120.73767852436,-18.8062665794604,0.876263976097107
"39775",120.819994887459,-18.8062665794604,0.8777756690979
"39776",120.902311250558,-18.8062665794604,0.879909873008728
"39777",120.984627613657,-18.8062665794604,0.882461667060852
"39778",121.066943976757,-18.8062665794604,0.885398507118225
"39779",121.149260339856,-18.8062665794604,0.888419091701508
"39780",121.231576702955,-18.8062665794604,0.891519844532013
"39781",121.313893066055,-18.8062665794604,0.894545137882233
"39782",121.396209429154,-18.8062665794604,0.897477686405182
"39783",121.478525792253,-18.8062665794604,0.900120079517365
"39784",121.560842155352,-18.8062665794604,0.902535438537598
"39785",121.643158518452,-18.8062665794604,0.90458071231842
"39786",121.725474881551,-18.8062665794604,0.904740810394287
"39997",115.634064012204,-18.8885829425597,0.898977935314178
"39998",115.716380375303,-18.8885829425597,0.901074230670929
"39999",115.798696738402,-18.8885829425597,0.90337997674942
"40000",115.881013101502,-18.8885829425597,0.905711770057678
"40001",115.963329464601,-18.8885829425597,0.908077776432037
"40002",116.0456458277,-18.8885829425597,0.910461723804474
"40003",116.1279621908,-18.8885829425597,0.912878513336182
"40004",116.210278553899,-18.8885829425597,0.915301382541656
"40005",116.292594916998,-18.8885829425597,0.917663216590881
"40006",116.374911280097,-18.8885829425597,0.920056283473969
"40007",116.457227643197,-18.8885829425597,0.922417461872101
"40008",116.539544006296,-18.8885829425597,0.924748480319977
"40009",116.621860369395,-18.8885829425597,0.927069783210754
"40010",116.704176732495,-18.8885829425597,0.929400861263275
"40011",116.786493095594,-18.8885829425597,0.931739330291748
"40012",116.868809458693,-18.8885829425597,0.933930814266205
"40013",116.951125821792,-18.8885829425597,0.93614262342453
"40014",117.033442184892,-18.8885829425597,0.938355267047882
"40015",117.115758547991,-18.8885829425597,0.940558195114136
"40016",117.19807491109,-18.8885829425597,0.942780137062073
"40017",117.28039127419,-18.8885829425597,0.944963932037354
"40018",117.362707637289,-18.8885829425597,0.947115898132324
"40019",117.445024000388,-18.8885829425597,0.949300765991211
"40020",117.527340363487,-18.8885829425597,0.951252043247223
"40021",117.609656726587,-18.8885829425597,0.953304052352905
"40022",117.691973089686,-18.8885829425597,0.955206036567688
"40023",117.774289452785,-18.8885829425597,0.956941723823547
"40024",117.856605815885,-18.8885829425597,0.958560764789581
"40025",117.938922178984,-18.8885829425597,0.960082769393921
"40026",118.021238542083,-18.8885829425597,0.96136075258255
"40027",118.103554905182,-18.8885829425597,0.962475538253784
"40028",118.185871268282,-18.8885829425597,0.963361263275146
"40029",118.268187631381,-18.8885829425597,0.964036643505096
"40030",118.35050399448,-18.8885829425597,0.964542865753174
"40031",118.43282035758,-18.8885829425597,0.964778661727905
"40032",118.515136720679,-18.8885829425597,0.964826107025146
"40033",118.597453083778,-18.8885829425597,0.964745342731476
"40034",118.679769446877,-18.8885829425597,0.964437901973724
"40035",118.762085809977,-18.8885829425597,0.963964819908142
"40036",118.844402173076,-18.8885829425597,0.963333606719971
"40037",118.926718536175,-18.8885829425597,0.96252429485321
"40038",119.009034899275,-18.8885829425597,0.961568653583527
"40039",119.091351262374,-18.8885829425597,0.960385739803314
"40040",119.173667625473,-18.8885829425597,0.958879828453064
"40041",119.255983988572,-18.8885829425597,0.957072854042053
"40042",119.338300351672,-18.8885829425597,0.95483672618866
"40043",119.420616714771,-18.8885829425597,0.951973557472229
"40044",119.50293307787,-18.8885829425597,0.948262870311737
"40045",119.58524944097,-18.8885829425597,0.943544864654541
"40046",119.667565804069,-18.8885829425597,0.937652051448822
"40047",119.749882167168,-18.8885829425597,0.930644989013672
"40048",119.832198530267,-18.8885829425597,0.922702074050903
"40049",119.914514893367,-18.8885829425597,0.914202511310577
"40050",119.996831256466,-18.8885829425597,0.905626714229584
"40051",120.079147619565,-18.8885829425597,0.897524416446686
"40052",120.161463982665,-18.8885829425597,0.890353918075562
"40053",120.243780345764,-18.8885829425597,0.884385883808136
"40054",120.326096708863,-18.8885829425597,0.87981253862381
"40055",120.408413071962,-18.8885829425597,0.876641452312469
"40056",120.490729435062,-18.8885829425597,0.874841630458832
"40057",120.573045798161,-18.8885829425597,0.874248147010803
"40058",120.65536216126,-18.8885829425597,0.874788403511047
"40059",120.73767852436,-18.8885829425597,0.876136004924774
"40060",120.819994887459,-18.8885829425597,0.878230929374695
"40061",120.902311250558,-18.8885829425597,0.880907416343689
"40062",120.984627613657,-18.8885829425597,0.883980751037598
"40063",121.066943976757,-18.8885829425597,0.887246131896973
"40064",121.149260339856,-18.8885829425597,0.890596032142639
"40065",121.231576702955,-18.8885829425597,0.894063830375671
"40066",121.313893066055,-18.8885829425597,0.89748227596283
"40067",121.396209429154,-18.8885829425597,0.90074223279953
"40068",121.478525792253,-18.8885829425597,0.903737425804138
"40069",121.560842155352,-18.8885829425597,0.906484425067902
"40070",121.643158518452,-18.8885829425597,0.908906221389771
"40280",115.469431286005,-18.970899305659,0.898527801036835
"40281",115.551747649105,-18.970899305659,0.899650037288666
"40282",115.634064012204,-18.970899305659,0.901831269264221
"40283",115.716380375303,-18.970899305659,0.904036998748779
"40284",115.798696738402,-18.970899305659,0.90629369020462
"40285",115.881013101502,-18.970899305659,0.908606112003326
"40286",115.963329464601,-18.970899305659,0.910975456237793
"40287",116.0456458277,-18.970899305659,0.913360238075256
"40288",116.1279621908,-18.970899305659,0.915730714797974
"40289",116.210278553899,-18.970899305659,0.918124377727509
"40290",116.292594916998,-18.970899305659,0.920461535453796
"40291",116.374911280097,-18.970899305659,0.922823369503021
"40292",116.457227643197,-18.970899305659,0.925162017345428
"40293",116.539544006296,-18.970899305659,0.927442610263824
"40294",116.621860369395,-18.970899305659,0.929707825183868
"40295",116.704176732495,-18.970899305659,0.931984543800354
"40296",116.786493095594,-18.970899305659,0.934236466884613
"40297",116.868809458693,-18.970899305659,0.936426758766174
"40298",116.951125821792,-18.970899305659,0.9386186003685
"40299",117.033442184892,-18.970899305659,0.94078141450882
"40300",117.115758547991,-18.970899305659,0.942973494529724
"40301",117.19807491109,-18.970899305659,0.945164084434509
"40302",117.28039127419,-18.970899305659,0.947370290756226
"40303",117.362707637289,-18.970899305659,0.949530184268951
"40304",117.445024000388,-18.970899305659,0.951690077781677
"40305",117.527340363487,-18.970899305659,0.953786313533783
"40306",117.609656726587,-18.970899305659,0.955805420875549
"40307",117.691973089686,-18.970899305659,0.957767188549042
"40308",117.774289452785,-18.970899305659,0.959523558616638
"40309",117.856605815885,-18.970899305659,0.961212575435638
"40310",117.938922178984,-18.970899305659,0.962693452835083
"40311",118.021238542083,-18.970899305659,0.963963687419891
"40312",118.103554905182,-18.970899305659,0.965069055557251
"40313",118.185871268282,-18.970899305659,0.965922176837921
"40314",118.268187631381,-18.970899305659,0.96645587682724
"40315",118.35050399448,-18.970899305659,0.966856002807617
"40316",118.43282035758,-18.970899305659,0.966984808444977
"40317",118.515136720679,-18.970899305659,0.966865301132202
"40318",118.597453083778,-18.970899305659,0.96662575006485
"40319",118.679769446877,-18.970899305659,0.96611475944519
"40320",118.762085809977,-18.970899305659,0.965445816516876
"40321",118.844402173076,-18.970899305659,0.96469384431839
"40322",118.926718536175,-18.970899305659,0.963722944259644
"40323",119.009034899275,-18.970899305659,0.962575912475586
"40324",119.091351262374,-18.970899305659,0.961290717124939
"40325",119.173667625473,-18.970899305659,0.959741055965424
"40326",119.255983988572,-18.970899305659,0.957980394363403
"40327",119.338300351672,-18.970899305659,0.955849647521973
"40328",119.420616714771,-18.970899305659,0.953126609325409
"40329",119.50293307787,-18.970899305659,0.949546456336975
"40330",119.58524944097,-18.970899305659,0.944841325283051
"40331",119.667565804069,-18.970899305659,0.938727736473083
"40332",119.749882167168,-18.970899305659,0.931203126907349
"40333",119.832198530267,-18.970899305659,0.922466278076172
"40334",119.914514893367,-18.970899305659,0.913016676902771
"40335",119.996831256466,-18.970899305659,0.903544723987579
"40336",120.079147619565,-18.970899305659,0.894757151603699
"40337",120.161463982665,-18.970899305659,0.887203752994537
"40338",120.243780345764,-18.970899305659,0.88117778301239
"40339",120.326096708863,-18.970899305659,0.876848459243774
"40340",120.408413071962,-18.970899305659,0.874182462692261
"40341",120.490729435062,-18.970899305659,0.873039484024048
"40342",120.573045798161,-18.970899305659,0.873157382011414
"40343",120.65536216126,-18.970899305659,0.874437153339386
"40344",120.73767852436,-18.970899305659,0.876548826694489
"40345",120.819994887459,-18.970899305659,0.87934148311615
"40346",120.902311250558,-18.970899305659,0.882624626159668
"40347",120.984627613657,-18.970899305659,0.886214733123779
"40348",121.066943976757,-18.970899305659,0.889973878860474
"40349",121.149260339856,-18.970899305659,0.893799602985382
"40350",121.231576702955,-18.970899305659,0.897631108760834
"40351",121.313893066055,-18.970899305659,0.901360392570496
"40352",121.396209429154,-18.970899305659,0.90495628118515
"40353",121.478525792253,-18.970899305659,0.908310770988464
"40354",121.560842155352,-18.970899305659,0.911030411720276
"40565",115.469431286005,-19.0532156687583,0.900976359844208
"40566",115.551747649105,-19.0532156687583,0.902445197105408
"40567",115.634064012204,-19.0532156687583,0.904583215713501
"40568",115.716380375303,-19.0532156687583,0.906769454479218
"40569",115.798696738402,-19.0532156687583,0.908996880054474
"40570",115.881013101502,-19.0532156687583,0.911247849464417
"40571",115.963329464601,-19.0532156687583,0.913602948188782
"40572",116.0456458277,-19.0532156687583,0.915944397449493
"40573",116.1279621908,-19.0532156687583,0.918297111988068
"40574",116.210278553899,-19.0532156687583,0.920639038085938
"40575",116.292594916998,-19.0532156687583,0.922968447208405
"40576",116.374911280097,-19.0532156687583,0.9253169298172
"40577",116.457227643197,-19.0532156687583,0.927610516548157
"40578",116.539544006296,-19.0532156687583,0.929848074913025
"40579",116.621860369395,-19.0532156687583,0.932040631771088
"40580",116.704176732495,-19.0532156687583,0.93421071767807
"40581",116.786493095594,-19.0532156687583,0.936429142951965
"40582",116.868809458693,-19.0532156687583,0.938575863838196
"40583",116.951125821792,-19.0532156687583,0.940687298774719
"40584",117.033442184892,-19.0532156687583,0.942833781242371
"40585",117.115758547991,-19.0532156687583,0.94498598575592
"40586",117.19807491109,-19.0532156687583,0.947164237499237
"40587",117.28039127419,-19.0532156687583,0.949363827705383
"40588",117.362707637289,-19.0532156687583,0.951547563076019
"40589",117.445024000388,-19.0532156687583,0.953751981258392
"40590",117.527340363487,-19.0532156687583,0.955865919589996
"40591",117.609656726587,-19.0532156687583,0.957950174808502
"40592",117.691973089686,-19.0532156687583,0.959919333457947
"40593",117.774289452785,-19.0532156687583,0.961792588233948
"40594",117.856605815885,-19.0532156687583,0.963544011116028
"40595",117.938922178984,-19.0532156687583,0.965030252933502
"40596",118.021238542083,-19.0532156687583,0.966354370117188
"40597",118.103554905182,-19.0532156687583,0.967358350753784
"40598",118.185871268282,-19.0532156687583,0.96817684173584
"40599",118.268187631381,-19.0532156687583,0.968662977218628
"40600",118.35050399448,-19.0532156687583,0.968936860561371
"40601",118.43282035758,-19.0532156687583,0.968898117542267
"40602",118.515136720679,-19.0532156687583,0.968616425991058
"40603",118.597453083778,-19.0532156687583,0.968142211437225
"40604",118.679769446877,-19.0532156687583,0.967389345169067
"40605",118.762085809977,-19.0532156687583,0.966461658477783
"40606",118.844402173076,-19.0532156687583,0.965430736541748
"40607",118.926718536175,-19.0532156687583,0.964237928390503
"40608",119.009034899275,-19.0532156687583,0.962847113609314
"40609",119.091351262374,-19.0532156687583,0.961408793926239
"40610",119.173667625473,-19.0532156687583,0.959781587123871
"40611",119.255983988572,-19.0532156687583,0.957963883876801
"40612",119.338300351672,-19.0532156687583,0.955881178379059
"40613",119.420616714771,-19.0532156687583,0.953317224979401
"40614",119.50293307787,-19.0532156687583,0.949919462203979
"40615",119.58524944097,-19.0532156687583,0.945359468460083
"40616",119.667565804069,-19.0532156687583,0.939082026481628
"40617",119.749882167168,-19.0532156687583,0.931030929088593
"40618",119.832198530267,-19.0532156687583,0.921409606933594
"40619",119.914514893367,-19.0532156687583,0.910868346691132
"40620",119.996831256466,-19.0532156687583,0.900356769561768
"40621",120.079147619565,-19.0532156687583,0.890863955020905
"40622",120.161463982665,-19.0532156687583,0.883104979991913
"40623",120.243780345764,-19.0532156687583,0.877291679382324
"40624",120.326096708863,-19.0532156687583,0.873499810695648
"40625",120.408413071962,-19.0532156687583,0.871616303920746
"40626",120.490729435062,-19.0532156687583,0.871379435062408
"40627",120.573045798161,-19.0532156687583,0.872527360916138
"40628",120.65536216126,-19.0532156687583,0.874722599983215
"40629",120.73767852436,-19.0532156687583,0.877734839916229
"40630",120.819994887459,-19.0532156687583,0.881291687488556
"40631",120.902311250558,-19.0532156687583,0.885250568389893
"40632",120.984627613657,-19.0532156687583,0.889434993267059
"40633",121.066943976757,-19.0532156687583,0.893710553646088
"40634",121.149260339856,-19.0532156687583,0.897987306118011
"40635",121.231576702955,-19.0532156687583,0.902194023132324
"40636",121.313893066055,-19.0532156687583,0.906251013278961
"40637",121.396209429154,-19.0532156687583,0.910199105739594
"40638",121.478525792253,-19.0532156687583,0.913830280303955
"40639",121.560842155352,-19.0532156687583,0.917298913002014
"40850",115.469431286005,-19.1355320318576,0.903194487094879
"40851",115.551747649105,-19.1355320318576,0.905017912387848
"40852",115.634064012204,-19.1355320318576,0.907044053077698
"40853",115.716380375303,-19.1355320318576,0.909195840358734
"40854",115.798696738402,-19.1355320318576,0.911439776420593
"40855",115.881013101502,-19.1355320318576,0.913646519184113
"40856",115.963329464601,-19.1355320318576,0.915990769863129
"40857",116.0456458277,-19.1355320318576,0.918259561061859
"40858",116.1279621908,-19.1355320318576,0.920635223388672
"40859",116.210278553899,-19.1355320318576,0.922957122325897
"40860",116.292594916998,-19.1355320318576,0.925243198871613
"40861",116.374911280097,-19.1355320318576,0.927518784999847
"40862",116.457227643197,-19.1355320318576,0.929762125015259
"40863",116.539544006296,-19.1355320318576,0.931932389736176
"40864",116.621860369395,-19.1355320318576,0.934100091457367
"40865",116.704176732495,-19.1355320318576,0.936231970787048
"40866",116.786493095594,-19.1355320318576,0.938319683074951
"40867",116.868809458693,-19.1355320318576,0.940373778343201
"40868",116.951125821792,-19.1355320318576,0.9424147605896
"40869",117.033442184892,-19.1355320318576,0.944483935832977
"40870",117.115758547991,-19.1355320318576,0.946607887744904
"40871",117.19807491109,-19.1355320318576,0.948779344558716
"40872",117.28039127419,-19.1355320318576,0.950989961624146
"40873",117.362707637289,-19.1355320318576,0.953200221061707
"40874",117.445024000388,-19.1355320318576,0.955435454845428
"40875",117.527340363487,-19.1355320318576,0.957617700099945
"40876",117.609656726587,-19.1355320318576,0.959750235080719
"40877",117.691973089686,-19.1355320318576,0.961800873279572
"40878",117.774289452785,-19.1355320318576,0.963757574558258
"40879",117.856605815885,-19.1355320318576,0.965562045574188
"40880",117.938922178984,-19.1355320318576,0.967121660709381
"40881",118.021238542083,-19.1355320318576,0.968441665172577
"40882",118.103554905182,-19.1355320318576,0.969460308551788
"40883",118.185871268282,-19.1355320318576,0.970173358917236
"40884",118.268187631381,-19.1355320318576,0.970633149147034
"40885",118.35050399448,-19.1355320318576,0.970744609832764
"40886",118.43282035758,-19.1355320318576,0.970552206039429
"40887",118.515136720679,-19.1355320318576,0.970090568065643
"40888",118.597453083778,-19.1355320318576,0.969336807727814
"40889",118.679769446877,-19.1355320318576,0.968372702598572
"40890",118.762085809977,-19.1355320318576,0.967112064361572
"40891",118.844402173076,-19.1355320318576,0.965708255767822
"40892",118.926718536175,-19.1355320318576,0.964181065559387
"40893",119.009034899275,-19.1355320318576,0.962495446205139
"40894",119.091351262374,-19.1355320318576,0.960741460323334
"40895",119.173667625473,-19.1355320318576,0.958851993083954
"40896",119.255983988572,-19.1355320318576,0.956874489784241
"40897",119.338300351672,-19.1355320318576,0.954750716686249
"40898",119.420616714771,-19.1355320318576,0.952328085899353
"40899",119.50293307787,-19.1355320318576,0.949142038822174
"40900",119.58524944097,-19.1355320318576,0.944861948490143
"40901",119.667565804069,-19.1355320318576,0.938612222671509
"40902",119.749882167168,-19.1355320318576,0.93003785610199
"40903",119.832198530267,-19.1355320318576,0.919308364391327
"40904",119.914514893367,-19.1355320318576,0.907373249530792
"40905",119.996831256466,-19.1355320318576,0.89576244354248
"40906",120.079147619565,-19.1355320318576,0.885705709457397
"40907",120.161463982665,-19.1355320318576,0.877966344356537
"40908",120.243780345764,-19.1355320318576,0.872801840305328
"40909",120.326096708863,-19.1355320318576,0.869987189769745
"40910",120.408413071962,-19.1355320318576,0.869267523288727
"40911",120.490729435062,-19.1355320318576,0.870295703411102
"40912",120.573045798161,-19.1355320318576,0.872645556926727
"40913",120.65536216126,-19.1355320318576,0.875968635082245
"40914",120.73767852436,-19.1355320318576,0.879999160766602
"40915",120.819994887459,-19.1355320318576,0.884418725967407
"40916",120.902311250558,-19.1355320318576,0.889083623886108
"40917",120.984627613657,-19.1355320318576,0.893892228603363
"40918",121.066943976757,-19.1355320318576,0.898680448532104
"40919",121.149260339856,-19.1355320318576,0.903340399265289
"40920",121.231576702955,-19.1355320318576,0.90791243314743
"40921",121.313893066055,-19.1355320318576,0.912377774715424
"40922",121.396209429154,-19.1355320318576,0.916537582874298
"40923",121.478525792253,-19.1355320318576,0.920459389686584
"40924",121.560842155352,-19.1355320318576,0.922888219356537
"40925",121.643158518452,-19.1355320318576,0.922891020774841
"41134",115.387114922906,-19.2178483949569,0.903621852397919
"41135",115.469431286005,-19.2178483949569,0.905435681343079
"41136",115.551747649105,-19.2178483949569,0.907352089881897
"41137",115.634064012204,-19.2178483949569,0.909305691719055
"41138",115.716380375303,-19.2178483949569,0.911454916000366
"41139",115.798696738402,-19.2178483949569,0.913596034049988
"41140",115.881013101502,-19.2178483949569,0.915775895118713
"41141",115.963329464601,-19.2178483949569,0.918112099170685
"41142",116.0456458277,-19.2178483949569,0.920433342456818
"41143",116.1279621908,-19.2178483949569,0.922700107097626
"41144",116.210278553899,-19.2178483949569,0.924996733665466
"41145",116.292594916998,-19.2178483949569,0.927264869213104
"41146",116.374911280097,-19.2178483949569,0.929459750652313
"41147",116.457227643197,-19.2178483949569,0.931654751300812
"41148",116.539544006296,-19.2178483949569,0.93373429775238
"41149",116.621860369395,-19.2178483949569,0.935805320739746
"41150",116.704176732495,-19.2178483949569,0.937832415103912
"41151",116.786493095594,-19.2178483949569,0.939838111400604
"41152",116.868809458693,-19.2178483949569,0.941796600818634
"41153",116.951125821792,-19.2178483949569,0.94380122423172
"41154",117.033442184892,-19.2178483949569,0.945808470249176
"41155",117.115758547991,-19.2178483949569,0.947872519493103
"41156",117.19807491109,-19.2178483949569,0.950003385543823
"41157",117.28039127419,-19.2178483949569,0.952229678630829
"41158",117.362707637289,-19.2178483949569,0.954479217529297
"41159",117.445024000388,-19.2178483949569,0.95673668384552
"41160",117.527340363487,-19.2178483949569,0.959008753299713
"41161",117.609656726587,-19.2178483949569,0.961228907108307
"41162",117.691973089686,-19.2178483949569,0.963376879692078
"41163",117.774289452785,-19.2178483949569,0.965447962284088
"41164",117.856605815885,-19.2178483949569,0.967344164848328
"41165",117.938922178984,-19.2178483949569,0.968946397304535
"41166",118.021238542083,-19.2178483949569,0.970283389091492
"41167",118.103554905182,-19.2178483949569,0.971350848674774
"41168",118.185871268282,-19.2178483949569,0.972072899341583
"41169",118.268187631381,-19.2178483949569,0.972452104091644
"41170",118.35050399448,-19.2178483949569,0.972429990768433
"41171",118.43282035758,-19.2178483949569,0.972035706043243
"41172",118.515136720679,-19.2178483949569,0.971340179443359
"41173",118.597453083778,-19.2178483949569,0.970362842082977
"41174",118.679769446877,-19.2178483949569,0.969034254550934
"41175",118.762085809977,-19.2178483949569,0.96745902299881
"41176",118.844402173076,-19.2178483949569,0.965640664100647
"41177",118.926718536175,-19.2178483949569,0.963662385940552
"41178",119.009034899275,-19.2178483949569,0.961521685123444
"41179",119.091351262374,-19.2178483949569,0.959322214126587
"41180",119.173667625473,-19.2178483949569,0.9570192694664
"41181",119.255983988572,-19.2178483949569,0.954692363739014
"41182",119.338300351672,-19.2178483949569,0.952282071113586
"41183",119.420616714771,-19.2178483949569,0.949715256690979
"41184",119.50293307787,-19.2178483949569,0.94678807258606
"41185",119.58524944097,-19.2178483949569,0.942850768566132
"41186",119.667565804069,-19.2178483949569,0.93690413236618
"41187",119.749882167168,-19.2178483949569,0.927885293960571
"41188",119.832198530267,-19.2178483949569,0.915767133235931
"41189",119.914514893367,-19.2178483949569,0.902127802371979
"41190",119.996831256466,-19.2178483949569,0.889398753643036
"41191",120.079147619565,-19.2178483949569,0.879148364067078
"41192",120.161463982665,-19.2178483949569,0.871992528438568
"41193",120.243780345764,-19.2178483949569,0.867898762226105
"41194",120.326096708863,-19.2178483949569,0.866608321666718
"41195",120.408413071962,-19.2178483949569,0.867568671703339
"41196",120.490729435062,-19.2178483949569,0.870210528373718
"41197",120.573045798161,-19.2178483949569,0.874024152755737
"41198",120.65536216126,-19.2178483949569,0.878592014312744
"41199",120.73767852436,-19.2178483949569,0.883712410926819
"41200",120.819994887459,-19.2178483949569,0.889005541801453
"41201",120.902311250558,-19.2178483949569,0.894361436367035
"41202",120.984627613657,-19.2178483949569,0.899721086025238
"41203",121.066943976757,-19.2178483949569,0.904992580413818
"41204",121.149260339856,-19.2178483949569,0.910064160823822
"41205",121.231576702955,-19.2178483949569,0.914932012557983
"41206",121.313893066055,-19.2178483949569,0.919629335403442
"41207",121.396209429154,-19.2178483949569,0.92406702041626
"41208",121.478525792253,-19.2178483949569,0.926107406616211
"41419",115.387114922906,-19.3001647580561,0.905904233455658
"41420",115.469431286005,-19.3001647580561,0.90765106678009
"41421",115.551747649105,-19.3001647580561,0.909478545188904
"41422",115.634064012204,-19.3001647580561,0.911390960216522
"41423",115.716380375303,-19.3001647580561,0.913437902927399
"41424",115.798696738402,-19.3001647580561,0.915516555309296
"41425",115.881013101502,-19.3001647580561,0.917693078517914
"41426",115.963329464601,-19.3001647580561,0.919969141483307
"41427",116.0456458277,-19.3001647580561,0.92225044965744
"41428",116.1279621908,-19.3001647580561,0.924505650997162
"41429",116.210278553899,-19.3001647580561,0.926739752292633
"41430",116.292594916998,-19.3001647580561,0.92894434928894
"41431",116.374911280097,-19.3001647580561,0.931086659431458
"41432",116.457227643197,-19.3001647580561,0.933265209197998
"41433",116.539544006296,-19.3001647580561,0.935240805149078
"41434",116.621860369395,-19.3001647580561,0.937241196632385
"41435",116.704176732495,-19.3001647580561,0.939169585704803
"41436",116.786493095594,-19.3001647580561,0.941016256809235
"41437",116.868809458693,-19.3001647580561,0.942884027957916
"41438",116.951125821792,-19.3001647580561,0.94477379322052
"41439",117.033442184892,-19.3001647580561,0.94672042131424
"41440",117.115758547991,-19.3001647580561,0.948717296123505
"41441",117.19807491109,-19.3001647580561,0.950781881809235
"41442",117.28039127419,-19.3001647580561,0.952991187572479
"41443",117.362707637289,-19.3001647580561,0.955265820026398
"41444",117.445024000388,-19.3001647580561,0.957619607448578
"41445",117.527340363487,-19.3001647580561,0.959979653358459
"41446",117.609656726587,-19.3001647580561,0.962353765964508
"41447",117.691973089686,-19.3001647580561,0.96466201543808
"41448",117.774289452785,-19.3001647580561,0.966849565505981
"41449",117.856605815885,-19.3001647580561,0.968854367733002
"41450",117.938922178984,-19.3001647580561,0.970605492591858
"41451",118.021238542083,-19.3001647580561,0.972049236297607
"41452",118.103554905182,-19.3001647580561,0.973113059997559
"41453",118.185871268282,-19.3001647580561,0.973780691623688
"41454",118.268187631381,-19.3001647580561,0.9741171002388
"41455",118.35050399448,-19.3001647580561,0.974011182785034
"41456",118.43282035758,-19.3001647580561,0.973437130451202
"41457",118.515136720679,-19.3001647580561,0.972517073154449
"41458",118.597453083778,-19.3001647580561,0.971273124217987
"41459",118.679769446877,-19.3001647580561,0.969597458839417
"41460",118.762085809977,-19.3001647580561,0.967617630958557
"41461",118.844402173076,-19.3001647580561,0.965347111225128
"41462",118.926718536175,-19.3001647580561,0.962881147861481
"41463",119.009034899275,-19.3001647580561,0.96017050743103
"41464",119.091351262374,-19.3001647580561,0.957382202148438
"41465",119.173667625473,-19.3001647580561,0.954447686672211
"41466",119.255983988572,-19.3001647580561,0.95147442817688
"41467",119.338300351672,-19.3001647580561,0.948477208614349
"41468",119.420616714771,-19.3001647580561,0.945432782173157
"41469",119.50293307787,-19.3001647580561,0.942311704158783
"41470",119.58524944097,-19.3001647580561,0.938662052154541
"41471",119.667565804069,-19.3001647580561,0.933021187782288
"41472",119.749882167168,-19.3001647580561,0.923906922340393
"41473",119.832198530267,-19.3001647580561,0.909982621669769
"41474",119.914514893367,-19.3001647580561,0.894498705863953
"41475",119.996831256466,-19.3001647580561,0.880982756614685
"41476",120.079147619565,-19.3001647580561,0.871155142784119
"41477",120.161463982665,-19.3001647580561,0.865436613559723
"41478",120.243780345764,-19.3001647580561,0.863347947597504
"41479",120.326096708863,-19.3001647580561,0.864233314990997
"41480",120.408413071962,-19.3001647580561,0.867352962493896
"41481",120.490729435062,-19.3001647580561,0.871906399726868
"41482",120.573045798161,-19.3001647580561,0.877309799194336
"41483",120.65536216126,-19.3001647580561,0.883218288421631
"41484",120.73767852436,-19.3001647580561,0.8893221616745
"41485",120.819994887459,-19.3001647580561,0.895402073860168
"41486",120.902311250558,-19.3001647580561,0.901396334171295
"41487",120.984627613657,-19.3001647580561,0.907233476638794
"41488",121.066943976757,-19.3001647580561,0.912878453731537
"41489",121.149260339856,-19.3001647580561,0.918210506439209
"41490",121.231576702955,-19.3001647580561,0.923347532749176
"41491",121.313893066055,-19.3001647580561,0.928238391876221
"41704",115.387114922906,-19.3824811211554,0.907987713813782
"41705",115.469431286005,-19.3824811211554,0.90962541103363
"41706",115.551747649105,-19.3824811211554,0.911375820636749
"41707",115.634064012204,-19.3824811211554,0.913172602653503
"41708",115.716380375303,-19.3824811211554,0.91514790058136
"41709",115.798696738402,-19.3824811211554,0.917210221290588
"41710",115.881013101502,-19.3824811211554,0.919358730316162
"41711",115.963329464601,-19.3824811211554,0.921575248241425
"41712",116.0456458277,-19.3824811211554,0.923783779144287
"41713",116.1279621908,-19.3824811211554,0.926053643226624
"41714",116.210278553899,-19.3824811211554,0.928271889686584
"41715",116.292594916998,-19.3824811211554,0.930453419685364
"41716",116.374911280097,-19.3824811211554,0.932506024837494
"41717",116.457227643197,-19.3824811211554,0.934581100940704
"41718",116.539544006296,-19.3824811211554,0.936494410037994
"41719",116.621860369395,-19.3824811211554,0.938335359096527
"41720",116.704176732495,-19.3824811211554,0.940159618854523
"41721",116.786493095594,-19.3824811211554,0.94189590215683
"41722",116.868809458693,-19.3824811211554,0.943611204624176
"41723",116.951125821792,-19.3824811211554,0.945319354534149
"41724",117.033442184892,-19.3824811211554,0.947148621082306
"41725",117.115758547991,-19.3824811211554,0.949071228504181
"41726",117.19807491109,-19.3824811211554,0.951124370098114
"41727",117.28039127419,-19.3824811211554,0.953335523605347
"41728",117.362707637289,-19.3824811211554,0.955681681632996
"41729",117.445024000388,-19.3824811211554,0.958079159259796
"41730",117.527340363487,-19.3824811211554,0.960561752319336
"41731",117.609656726587,-19.3824811211554,0.963067293167114
"41732",117.691973089686,-19.3824811211554,0.965622007846832
"41733",117.774289452785,-19.3824811211554,0.967991650104523
"41734",117.856605815885,-19.3824811211554,0.970170855522156
"41735",117.938922178984,-19.3824811211554,0.972102701663971
"41736",118.021238542083,-19.3824811211554,0.973668098449707
"41737",118.103554905182,-19.3824811211554,0.974835813045502
"41738",118.185871268282,-19.3824811211554,0.975536286830902
"41739",118.268187631381,-19.3824811211554,0.975785493850708
"41740",118.35050399448,-19.3824811211554,0.975572049617767
"41741",118.43282035758,-19.3824811211554,0.974884688854218
"41742",118.515136720679,-19.3824811211554,0.973769843578339
"41743",118.597453083778,-19.3824811211554,0.972193777561188
"41744",118.679769446877,-19.3824811211554,0.970190644264221
"41745",118.762085809977,-19.3824811211554,0.967815458774567
"41746",118.844402173076,-19.3824811211554,0.965122997760773
"41747",118.926718536175,-19.3824811211554,0.962070822715759
"41748",119.009034899275,-19.3824811211554,0.958757758140564
"41749",119.091351262374,-19.3824811211554,0.955231964588165
"41750",119.173667625473,-19.3824811211554,0.951490104198456
"41751",119.255983988572,-19.3824811211554,0.947572231292725
"41752",119.338300351672,-19.3824811211554,0.943603217601776
"41753",119.420616714771,-19.3824811211554,0.939624845981598
"41754",119.50293307787,-19.3824811211554,0.935586392879486
"41755",119.58524944097,-19.3824811211554,0.93110990524292
"41756",119.667565804069,-19.3824811211554,0.925046563148499
"41757",119.749882167168,-19.3824811211554,0.91550225019455
"41758",119.832198530267,-19.3824811211554,0.900516629219055
"41759",119.914514893367,-19.3824811211554,0.884118914604187
"41760",119.996831256466,-19.3824811211554,0.870696723461151
"41761",120.079147619565,-19.3824811211554,0.862332940101624
"41762",120.161463982665,-19.3824811211554,0.859271764755249
"41763",120.243780345764,-19.3824811211554,0.860206246376038
"41764",120.326096708863,-19.3824811211554,0.863916635513306
"41765",120.408413071962,-19.3824811211554,0.869576632976532
"41766",120.490729435062,-19.3824811211554,0.876198530197144
"41767",120.573045798161,-19.3824811211554,0.883185982704163
"41768",120.65536216126,-19.3824811211554,0.890318632125854
"41769",120.73767852436,-19.3824811211554,0.897260785102844
"41770",120.819994887459,-19.3824811211554,0.904002070426941
"41771",120.902311250558,-19.3824811211554,0.910438001155853
"41772",120.984627613657,-19.3824811211554,0.916584730148315
"41773",121.066943976757,-19.3824811211554,0.922420680522919
"41774",121.149260339856,-19.3824811211554,0.927882850170135
"41775",121.231576702955,-19.3824811211554,0.933218061923981
"41776",121.313893066055,-19.3824811211554,0.938198566436768
"41988",115.304798559807,-19.4647974842547,0.909150183200836
"41989",115.387114922906,-19.4647974842547,0.909886121749878
"41990",115.469431286005,-19.4647974842547,0.911423623561859
"41991",115.551747649105,-19.4647974842547,0.913045823574066
"41992",115.634064012204,-19.4647974842547,0.914761364459991
"41993",115.716380375303,-19.4647974842547,0.916638851165771
"41994",115.798696738402,-19.4647974842547,0.918641448020935
"41995",115.881013101502,-19.4647974842547,0.920727729797363
"41996",115.963329464601,-19.4647974842547,0.922890484333038
"41997",116.0456458277,-19.4647974842547,0.925104260444641
"41998",116.1279621908,-19.4647974842547,0.927372872829437
"41999",116.210278553899,-19.4647974842547,0.929543137550354
"42000",116.292594916998,-19.4647974842547,0.931669116020203
"42001",116.374911280097,-19.4647974842547,0.933684349060059
"42002",116.457227643197,-19.4647974842547,0.935624897480011
"42003",116.539544006296,-19.4647974842547,0.937474131584167
"42004",116.621860369395,-19.4647974842547,0.939172327518463
"42005",116.704176732495,-19.4647974842547,0.940803408622742
"42006",116.786493095594,-19.4647974842547,0.942328870296478
"42007",116.868809458693,-19.4647974842547,0.94388622045517
"42008",116.951125821792,-19.4647974842547,0.945482969284058
"42009",117.033442184892,-19.4647974842547,0.947168290615082
"42010",117.115758547991,-19.4647974842547,0.948958873748779
"42011",117.19807491109,-19.4647974842547,0.950971722602844
"42012",117.28039127419,-19.4647974842547,0.953161597251892
"42013",117.362707637289,-19.4647974842547,0.955562889575958
"42014",117.445024000388,-19.4647974842547,0.958106338977814
"42015",117.527340363487,-19.4647974842547,0.96073579788208
"42016",117.609656726587,-19.4647974842547,0.963408529758453
"42017",117.691973089686,-19.4647974842547,0.966225206851959
"42018",117.774289452785,-19.4647974842547,0.968869566917419
"42019",117.856605815885,-19.4647974842547,0.971294224262238
"42020",117.938922178984,-19.4647974842547,0.973391175270081
"42021",118.021238542083,-19.4647974842547,0.975163817405701
"42022",118.103554905182,-19.4647974842547,0.976414203643799
"42023",118.185871268282,-19.4647974842547,0.977237701416016
"42024",118.268187631381,-19.4647974842547,0.977518737316132
"42025",118.35050399448,-19.4647974842547,0.977261364459991
"42026",118.43282035758,-19.4647974842547,0.97645366191864
"42027",118.515136720679,-19.4647974842547,0.975158095359802
"42028",118.597453083778,-19.4647974842547,0.973322033882141
"42029",118.679769446877,-19.4647974842547,0.971008598804474
"42030",118.762085809977,-19.4647974842547,0.968278527259827
"42031",118.844402173076,-19.4647974842547,0.965111255645752
"42032",118.926718536175,-19.4647974842547,0.961581289768219
"42033",119.009034899275,-19.4647974842547,0.957664310932159
"42034",119.091351262374,-19.4647974842547,0.953357934951782
"42035",119.173667625473,-19.4647974842547,0.94871324300766
"42036",119.255983988572,-19.4647974842547,0.943712174892426
"42037",119.338300351672,-19.4647974842547,0.938443660736084
"42038",119.420616714771,-19.4647974842547,0.932960033416748
"42039",119.50293307787,-19.4647974842547,0.927295088768005
"42040",119.58524944097,-19.4647974842547,0.921187996864319
"42041",119.667565804069,-19.4647974842547,0.913853526115417
"42042",119.749882167168,-19.4647974842547,0.90333753824234
"42043",119.832198530267,-19.4647974842547,0.888525903224945
"42044",119.914514893367,-19.4647974842547,0.872617840766907
"42045",119.996831256466,-19.4647974842547,0.860564470291138
"42046",120.079147619565,-19.4647974842547,0.855195939540863
"42047",120.161463982665,-19.4647974842547,0.855906665325165
"42048",120.243780345764,-19.4647974842547,0.860624372959137
"42049",120.326096708863,-19.4647974842547,0.867362320423126
"42050",120.408413071962,-19.4647974842547,0.875665962696075
"42051",120.490729435062,-19.4647974842547,0.884150683879852
"42052",120.573045798161,-19.4647974842547,0.892427742481232
"42053",120.65536216126,-19.4647974842547,0.900371849536896
"42054",120.73767852436,-19.4647974842547,0.907878994941711
"42055",120.819994887459,-19.4647974842547,0.914973080158234
"42056",120.902311250558,-19.4647974842547,0.921631217002869
"42057",120.984627613657,-19.4647974842547,0.927904069423676
"42058",121.066943976757,-19.4647974842547,0.933789670467377
"42059",121.149260339856,-19.4647974842547,0.939261317253113
"42060",121.231576702955,-19.4647974842547,0.944574773311615
"42061",121.313893066055,-19.4647974842547,0.949516236782074
"42273",115.304798559807,-19.547113847354,0.910641014575958
"42274",115.387114922906,-19.547113847354,0.911590218544006
"42275",115.469431286005,-19.547113847354,0.913001954555511
"42276",115.551747649105,-19.547113847354,0.914503872394562
"42277",115.634064012204,-19.547113847354,0.91615754365921
"42278",115.716380375303,-19.547113847354,0.917907536029816
"42279",115.798696738402,-19.547113847354,0.919810652732849
"42280",115.881013101502,-19.547113847354,0.921837031841278
"42281",115.963329464601,-19.547113847354,0.923981785774231
"42282",116.0456458277,-19.547113847354,0.92616993188858
"42283",116.1279621908,-19.547113847354,0.928368866443634
"42284",116.210278553899,-19.547113847354,0.930563867092133
"42285",116.292594916998,-19.547113847354,0.932655572891235
"42286",116.374911280097,-19.547113847354,0.934635400772095
"42287",116.457227643197,-19.547113847354,0.936468958854675
"42288",116.539544006296,-19.547113847354,0.93816465139389
"42289",116.621860369395,-19.547113847354,0.939704596996307
"42290",116.704176732495,-19.547113847354,0.941158413887024
"42291",116.786493095594,-19.547113847354,0.942485690116882
"42292",116.868809458693,-19.547113847354,0.943818867206573
"42293",116.951125821792,-19.547113847354,0.945219874382019
"42294",117.033442184892,-19.547113847354,0.946738064289093
"42295",117.115758547991,-19.547113847354,0.94840407371521
"42296",117.19807491109,-19.547113847354,0.950354218482971
"42297",117.28039127419,-19.547113847354,0.95250803232193
"42298",117.362707637289,-19.547113847354,0.954916059970856
"42299",117.445024000388,-19.547113847354,0.957602858543396
"42300",117.527340363487,-19.547113847354,0.960371732711792
"42301",117.609656726587,-19.547113847354,0.963371694087982
"42302",117.691973089686,-19.547113847354,0.966471493244171
"42303",117.774289452785,-19.547113847354,0.96945983171463
"42304",117.856605815885,-19.547113847354,0.972219586372375
"42305",117.938922178984,-19.547113847354,0.974645018577576
"42306",118.021238542083,-19.547113847354,0.976706564426422
"42307",118.103554905182,-19.547113847354,0.978171586990356
"42308",118.185871268282,-19.547113847354,0.979005873203278
"42309",118.268187631381,-19.547113847354,0.979310035705566
"42310",118.35050399448,-19.547113847354,0.979076206684113
"42311",118.43282035758,-19.547113847354,0.97819858789444
"42312",118.515136720679,-19.547113847354,0.976780951023102
"42313",118.597453083778,-19.547113847354,0.974848508834839
"42314",118.679769446877,-19.547113847354,0.972322940826416
"42315",118.762085809977,-19.547113847354,0.969297528266907
"42316",118.844402173076,-19.547113847354,0.965808629989624
"42317",118.926718536175,-19.547113847354,0.961795806884766
"42318",119.009034899275,-19.547113847354,0.957337439060211
"42319",119.091351262374,-19.547113847354,0.952378213405609
"42320",119.173667625473,-19.547113847354,0.946899890899658
"42321",119.255983988572,-19.547113847354,0.940853297710419
"42322",119.338300351672,-19.547113847354,0.934261739253998
"42323",119.420616714771,-19.547113847354,0.927148580551147
"42324",119.50293307787,-19.547113847354,0.919545114040375
"42325",119.58524944097,-19.547113847354,0.911976635456085
"42326",119.667565804069,-19.547113847354,0.903950691223145
"42327",119.749882167168,-19.547113847354,0.89370995759964
"42328",119.832198530267,-19.547113847354,0.879391193389893
"42329",119.914514893367,-19.547113847354,0.863651812076569
"42330",119.996831256466,-19.547113847354,0.853376507759094
"42331",120.079147619565,-19.547113847354,0.852373898029327
"42332",120.161463982665,-19.547113847354,0.858176648616791
"42333",120.243780345764,-19.547113847354,0.866908311843872
"42334",120.326096708863,-19.547113847354,0.876807332038879
"42335",120.408413071962,-19.547113847354,0.886993050575256
"42336",120.490729435062,-19.547113847354,0.896603047847748
"42337",120.573045798161,-19.547113847354,0.905549824237823
"42338",120.65536216126,-19.547113847354,0.913790583610535
"42339",120.73767852436,-19.547113847354,0.921429455280304
"42340",120.819994887459,-19.547113847354,0.928500950336456
"42341",120.902311250558,-19.547113847354,0.935041904449463
"42342",120.984627613657,-19.547113847354,0.941215574741364
"42343",121.066943976757,-19.547113847354,0.946883380413055
"42344",121.149260339856,-19.547113847354,0.952198684215546
"42556",115.140165833608,-19.6294302104533,0.910879790782928
"42557",115.222482196707,-19.6294302104533,0.911054193973541
"42558",115.304798559807,-19.6294302104533,0.912051439285278
"42559",115.387114922906,-19.6294302104533,0.913161873817444
"42560",115.469431286005,-19.6294302104533,0.914378106594086
"42561",115.551747649105,-19.6294302104533,0.915795862674713
"42562",115.634064012204,-19.6294302104533,0.917316734790802
"42563",115.716380375303,-19.6294302104533,0.918943881988525
"42564",115.798696738402,-19.6294302104533,0.920775592327118
"42565",115.881013101502,-19.6294302104533,0.92274409532547
"42566",115.963329464601,-19.6294302104533,0.92486584186554
"42567",116.0456458277,-19.6294302104533,0.927026152610779
"42568",116.1279621908,-19.6294302104533,0.929166734218597
"42569",116.210278553899,-19.6294302104533,0.93136602640152
"42570",116.292594916998,-19.6294302104533,0.933454394340515
"42571",116.374911280097,-19.6294302104533,0.935352087020874
"42572",116.457227643197,-19.6294302104533,0.937073647975922
"42573",116.539544006296,-19.6294302104533,0.938602983951569
"42574",116.621860369395,-19.6294302104533,0.939952850341797
"42575",116.704176732495,-19.6294302104533,0.941180527210236
"42576",116.786493095594,-19.6294302104533,0.942298948764801
"42577",116.868809458693,-19.6294302104533,0.94338196516037
"42578",116.951125821792,-19.6294302104533,0.944545567035675
"42579",117.033442184892,-19.6294302104533,0.945841908454895
"42580",117.115758547991,-19.6294302104533,0.94737845659256
"42581",117.19807491109,-19.6294302104533,0.9491907954216
"42582",117.28039127419,-19.6294302104533,0.951298952102661
"42583",117.362707637289,-19.6294302104533,0.953776895999908
"42584",117.445024000388,-19.6294302104533,0.95652711391449
"42585",117.527340363487,-19.6294302104533,0.959562301635742
"42586",117.609656726587,-19.6294302104533,0.962874531745911
"42587",117.691973089686,-19.6294302104533,0.966333329677582
"42588",117.774289452785,-19.6294302104533,0.96972668170929
"42589",117.856605815885,-19.6294302104533,0.97295069694519
"42590",117.938922178984,-19.6294302104533,0.975757896900177
"42591",118.021238542083,-19.6294302104533,0.978150725364685
"42592",118.103554905182,-19.6294302104533,0.979783654212952
"42593",118.185871268282,-19.6294302104533,0.980876326560974
"42594",118.268187631381,-19.6294302104533,0.981301665306091
"42595",118.35050399448,-19.6294302104533,0.981099486351013
"42596",118.43282035758,-19.6294302104533,0.980256676673889
"42597",118.515136720679,-19.6294302104533,0.978832423686981
"42598",118.597453083778,-19.6294302104533,0.976817548274994
"42599",118.679769446877,-19.6294302104533,0.974232256412506
"42600",118.762085809977,-19.6294302104533,0.971008360385895
"42601",118.844402173076,-19.6294302104533,0.967315375804901
"42602",118.926718536175,-19.6294302104533,0.963065564632416
"42603",119.009034899275,-19.6294302104533,0.958270490169525
"42604",119.091351262374,-19.6294302104533,0.952887177467346
"42605",119.173667625473,-19.6294302104533,0.946848571300507
"42606",119.255983988572,-19.6294302104533,0.940082669258118
"42607",119.338300351672,-19.6294302104533,0.932513952255249
"42608",119.420616714771,-19.6294302104533,0.924130439758301
"42609",119.50293307787,-19.6294302104533,0.914992332458496
"42610",119.58524944097,-19.6294302104533,0.906543374061584
"42611",119.667565804069,-19.6294302104533,0.89968204498291
"42612",119.749882167168,-19.6294302104533,0.892780721187592
"42613",119.832198530267,-19.6294302104533,0.880031049251556
"42614",119.914514893367,-19.6294302104533,0.862805902957916
"42615",119.996831256466,-19.6294302104533,0.854085028171539
"42616",120.079147619565,-19.6294302104533,0.859232187271118
"42617",120.161463982665,-19.6294302104533,0.870161175727844
"42618",120.243780345764,-19.6294302104533,0.88193678855896
"42619",120.326096708863,-19.6294302104533,0.8935387134552
"42620",120.408413071962,-19.6294302104533,0.904400408267975
"42621",120.490729435062,-19.6294302104533,0.914049565792084
"42622",120.573045798161,-19.6294302104533,0.922738432884216
"42623",120.65536216126,-19.6294302104533,0.930607080459595
"42624",120.73767852436,-19.6294302104533,0.937865912914276
"42625",120.819994887459,-19.6294302104533,0.944524645805359
"42626",120.902311250558,-19.6294302104533,0.950664699077606
"42627",120.984627613657,-19.6294302104533,0.956152319908142
"42628",121.066943976757,-19.6294302104533,0.960454285144806
"42841",115.140165833608,-19.7117465735526,0.912032544612885
"42842",115.222482196707,-19.7117465735526,0.912798523902893
"42843",115.304798559807,-19.7117465735526,0.913647472858429
"42844",115.387114922906,-19.7117465735526,0.914619982242584
"42845",115.469431286005,-19.7117465735526,0.915673732757568
"42846",115.551747649105,-19.7117465735526,0.916853487491608
"42847",115.634064012204,-19.7117465735526,0.918250322341919
"42848",115.716380375303,-19.7117465735526,0.919747710227966
"42849",115.798696738402,-19.7117465735526,0.921528875827789
"42850",115.881013101502,-19.7117465735526,0.923406481742859
"42851",115.963329464601,-19.7117465735526,0.925447702407837
"42852",116.0456458277,-19.7117465735526,0.927593648433685
"42853",116.1279621908,-19.7117465735526,0.929797232151031
"42854",116.210278553899,-19.7117465735526,0.931933045387268
"42855",116.292594916998,-19.7117465735526,0.933981418609619
"42856",116.374911280097,-19.7117465735526,0.935852348804474
"42857",116.457227643197,-19.7117465735526,0.937462985515594
"42858",116.539544006296,-19.7117465735526,0.938809037208557
"42859",116.621860369395,-19.7117465735526,0.939924001693726
"42860",116.704176732495,-19.7117465735526,0.940890073776245
"42861",116.786493095594,-19.7117465735526,0.941730678081512
"42862",116.868809458693,-19.7117465735526,0.94254457950592
"42863",116.951125821792,-19.7117465735526,0.943438589572906
"42864",117.033442184892,-19.7117465735526,0.944505333900452
"42865",117.115758547991,-19.7117465735526,0.945837438106537
"42866",117.19807491109,-19.7117465735526,0.947502493858337
"42867",117.28039127419,-19.7117465735526,0.94955450296402
"42868",117.362707637289,-19.7117465735526,0.952015995979309
"42869",117.445024000388,-19.7117465735526,0.954867422580719
"42870",117.527340363487,-19.7117465735526,0.958177924156189
"42871",117.609656726587,-19.7117465735526,0.961835563182831
"42872",117.691973089686,-19.7117465735526,0.965755224227905
"42873",117.774289452785,-19.7117465735526,0.96966677904129
"42874",117.856605815885,-19.7117465735526,0.973460257053375
"42875",117.938922178984,-19.7117465735526,0.976770997047424
"42876",118.021238542083,-19.7117465735526,0.979475736618042
"42877",118.103554905182,-19.7117465735526,0.981504142284393
"42878",118.185871268282,-19.7117465735526,0.982863664627075
"42879",118.268187631381,-19.7117465735526,0.983454942703247
"42880",118.35050399448,-19.7117465735526,0.983370065689087
"42881",118.43282035758,-19.7117465735526,0.982641696929932
"42882",118.515136720679,-19.7117465735526,0.981270611286163
"42883",118.597453083778,-19.7117465735526,0.979277849197388
"42884",118.679769446877,-19.7117465735526,0.976718723773956
"42885",118.762085809977,-19.7117465735526,0.973605811595917
"42886",118.844402173076,-19.7117465735526,0.969897568225861
"42887",118.926718536175,-19.7117465735526,0.965684115886688
"42888",119.009034899275,-19.7117465735526,0.960855305194855
"42889",119.091351262374,-19.7117465735526,0.955410540103912
"42890",119.173667625473,-19.7117465735526,0.949245929718018
"42891",119.255983988572,-19.7117465735526,0.942389786243439
"42892",119.338300351672,-19.7117465735526,0.934648454189301
"42893",119.420616714771,-19.7117465735526,0.925996601581573
"42894",119.50293307787,-19.7117465735526,0.916503489017487
"42895",119.58524944097,-19.7117465735526,0.907145798206329
"42896",119.667565804069,-19.7117465735526,0.903043210506439
"42897",119.749882167168,-19.7117465735526,0.904100954532623
"42898",119.832198530267,-19.7117465735526,0.897391855716705
"42899",119.914514893367,-19.7117465735526,0.877952218055725
"42900",119.996831256466,-19.7117465735526,0.872013568878174
"42901",120.079147619565,-19.7117465735526,0.883637547492981
"42902",120.161463982665,-19.7117465735526,0.896371066570282
"42903",120.243780345764,-19.7117465735526,0.90786224603653
"42904",120.326096708863,-19.7117465735526,0.918533563613892
"42905",120.408413071962,-19.7117465735526,0.928012371063232
"42906",120.490729435062,-19.7117465735526,0.936335027217865
"42907",120.573045798161,-19.7117465735526,0.943825542926788
"42908",120.65536216126,-19.7117465735526,0.950662016868591
"42909",120.73767852436,-19.7117465735526,0.956970632076263
"42910",120.819994887459,-19.7117465735526,0.961271107196808
"42911",120.902311250558,-19.7117465735526,0.963892817497253
"42912",120.984627613657,-19.7117465735526,0.969606459140778
"43126",115.140165833608,-19.7940629366518,0.913918375968933
"43127",115.222482196707,-19.7940629366518,0.91456526517868
"43128",115.304798559807,-19.7940629366518,0.915241241455078
"43129",115.387114922906,-19.7940629366518,0.915968298912048
"43130",115.469431286005,-19.7940629366518,0.916851282119751
"43131",115.551747649105,-19.7940629366518,0.917855560779572
"43132",115.634064012204,-19.7940629366518,0.919043660163879
"43133",115.716380375303,-19.7940629366518,0.92039555311203
"43134",115.798696738402,-19.7940629366518,0.922008097171783
"43135",115.881013101502,-19.7940629366518,0.923760056495667
"43136",115.963329464601,-19.7940629366518,0.925729036331177
"43137",116.0456458277,-19.7940629366518,0.92790013551712
"43138",116.1279621908,-19.7940629366518,0.930083394050598
"43139",116.210278553899,-19.7940629366518,0.932269096374512
"43140",116.292594916998,-19.7940629366518,0.934318125247955
"43141",116.374911280097,-19.7940629366518,0.936147153377533
"43142",116.457227643197,-19.7940629366518,0.937631666660309
"43143",116.539544006296,-19.7940629366518,0.938771903514862
"43144",116.621860369395,-19.7940629366518,0.939591348171234
"43145",116.704176732495,-19.7940629366518,0.940262973308563
"43146",116.786493095594,-19.7940629366518,0.940731287002563
"43147",116.868809458693,-19.7940629366518,0.941232204437256
"43148",116.951125821792,-19.7940629366518,0.941850900650024
"43149",117.033442184892,-19.7940629366518,0.94266277551651
"43150",117.115758547991,-19.7940629366518,0.943773329257965
"43151",117.19807491109,-19.7940629366518,0.945276916027069
"43152",117.28039127419,-19.7940629366518,0.947228670120239
"43153",117.362707637289,-19.7940629366518,0.949672102928162
"43154",117.445024000388,-19.7940629366518,0.952616572380066
"43155",117.527340363487,-19.7940629366518,0.956172406673431
"43156",117.609656726587,-19.7940629366518,0.960272967815399
"43157",117.691973089686,-19.7940629366518,0.964735567569733
"43158",117.774289452785,-19.7940629366518,0.969295024871826
"43159",117.856605815885,-19.7940629366518,0.973701357841492
"43160",117.938922178984,-19.7940629366518,0.97759211063385
"43161",118.021238542083,-19.7940629366518,0.980789661407471
"43162",118.103554905182,-19.7940629366518,0.983189225196838
"43163",118.185871268282,-19.7940629366518,0.984841227531433
"43164",118.268187631381,-19.7940629366518,0.985643148422241
"43165",118.35050399448,-19.7940629366518,0.985822141170502
"43166",118.43282035758,-19.7940629366518,0.985276699066162
"43167",118.515136720679,-19.7940629366518,0.984142005443573
"43168",118.597453083778,-19.7940629366518,0.982341170310974
"43169",118.679769446877,-19.7940629366518,0.97997921705246
"43170",118.762085809977,-19.7940629366518,0.977131962776184
"43171",118.844402173076,-19.7940629366518,0.973761200904846
"43172",118.926718536175,-19.7940629366518,0.969831228256226
"43173",119.009034899275,-19.7940629366518,0.965360224246979
"43174",119.091351262374,-19.7940629366518,0.960274159908295
"43175",119.173667625473,-19.7940629366518,0.954605281352997
"43176",119.255983988572,-19.7940629366518,0.948320984840393
"43177",119.338300351672,-19.7940629366518,0.941395998001099
"43178",119.420616714771,-19.7940629366518,0.933904111385345
"43179",119.50293307787,-19.7940629366518,0.926207721233368
"43180",119.58524944097,-19.7940629366518,0.918578624725342
"43181",119.667565804069,-19.7940629366518,0.918288886547089
"43182",119.749882167168,-19.7940629366518,0.926997780799866
"43183",119.832198530267,-19.7940629366518,0.930352807044983
"43184",119.914514893367,-19.7940629366518,0.92060512304306
"43185",119.996831256466,-19.7940629366518,0.920393884181976
"43186",120.079147619565,-19.7940629366518,0.929797470569611
"43187",120.161463982665,-19.7940629366518,0.937007009983063
"43188",120.243780345764,-19.7940629366518,0.94366991519928
"43189",120.326096708863,-19.7940629366518,0.950349450111389
"43190",120.408413071962,-19.7940629366518,0.956664562225342
"43191",120.490729435062,-19.7940629366518,0.962582945823669
"43192",120.573045798161,-19.7940629366518,0.968139410018921
"43193",120.65536216126,-19.7940629366518,0.969467401504517
"43194",120.73767852436,-19.7940629366518,0.969135582447052
"43195",120.819994887459,-19.7940629366518,0.973938405513763
"43410",115.057849470509,-19.8763792997511,0.915754497051239
"43411",115.140165833608,-19.8763792997511,0.91577410697937
"43412",115.222482196707,-19.8763792997511,0.916222393512726
"43413",115.304798559807,-19.8763792997511,0.916704535484314
"43414",115.387114922906,-19.8763792997511,0.917282104492188
"43415",115.469431286005,-19.8763792997511,0.917964994907379
"43416",115.551747649105,-19.8763792997511,0.918755948543549
"43417",115.634064012204,-19.8763792997511,0.919731974601746
"43418",115.716380375303,-19.8763792997511,0.92090368270874
"43419",115.798696738402,-19.8763792997511,0.922301113605499
"43420",115.881013101502,-19.8763792997511,0.923928678035736
"43421",115.963329464601,-19.8763792997511,0.925825715065002
"43422",116.0456458277,-19.8763792997511,0.927877604961395
"43423",116.1279621908,-19.8763792997511,0.930108606815338
"43424",116.210278553899,-19.8763792997511,0.932394087314606
"43425",116.292594916998,-19.8763792997511,0.934434831142426
"43426",116.374911280097,-19.8763792997511,0.936187565326691
"43427",116.457227643197,-19.8763792997511,0.937590360641479
"43428",116.539544006296,-19.8763792997511,0.938509225845337
"43429",116.621860369395,-19.8763792997511,0.939008951187134
"43430",116.704176732495,-19.8763792997511,0.939308643341064
"43431",116.786493095594,-19.8763792997511,0.939408957958221
"43432",116.868809458693,-19.8763792997511,0.939507842063904
"43433",116.951125821792,-19.8763792997511,0.939787745475769
"43434",117.033442184892,-19.8763792997511,0.940325736999512
"43435",117.115758547991,-19.8763792997511,0.941205620765686
"43436",117.19807491109,-19.8763792997511,0.942511677742004
"43437",117.28039127419,-19.8763792997511,0.944271385669708
"43438",117.362707637289,-19.8763792997511,0.946609437465668
"43439",117.445024000388,-19.8763792997511,0.949651837348938
"43440",117.527340363487,-19.8763792997511,0.953461468219757
"43441",117.609656726587,-19.8763792997511,0.958038806915283
"43442",117.691973089686,-19.8763792997511,0.963188409805298
"43443",117.774289452785,-19.8763792997511,0.968525588512421
"43444",117.856605815885,-19.8763792997511,0.973686754703522
"43445",117.938922178984,-19.8763792997511,0.978291630744934
"43446",118.021238542083,-19.8763792997511,0.98206239938736
"43447",118.103554905182,-19.8763792997511,0.984892070293427
"43448",118.185871268282,-19.8763792997511,0.986837267875671
"43449",118.268187631381,-19.8763792997511,0.987981259822845
"43450",118.35050399448,-19.8763792997511,0.988464713096619
"43451",118.43282035758,-19.8763792997511,0.988222897052765
"43452",118.515136720679,-19.8763792997511,0.987418234348297
"43453",118.597453083778,-19.8763792997511,0.985995411872864
"43454",118.679769446877,-19.8763792997511,0.984061241149902
"43455",118.762085809977,-19.8763792997511,0.981704413890839
"43456",118.844402173076,-19.8763792997511,0.97883677482605
"43457",118.926718536175,-19.8763792997511,0.975460350513458
"43458",119.009034899275,-19.8763792997511,0.97172737121582
"43459",119.091351262374,-19.8763792997511,0.967444539070129
"43460",119.173667625473,-19.8763792997511,0.962827742099762
"43461",119.255983988572,-19.8763792997511,0.957877159118652
"43462",119.338300351672,-19.8763792997511,0.952725231647491
"43463",119.420616714771,-19.8763792997511,0.947672545909882
"43464",119.50293307787,-19.8763792997511,0.943336725234985
"43465",119.58524944097,-19.8763792997511,0.941144347190857
"43466",119.667565804069,-19.8763792997511,0.945644557476044
"43467",119.749882167168,-19.8763792997511,0.958042800426483
"43468",119.832198530267,-19.8763792997511,0.969687283039093
"43469",119.914514893367,-19.8763792997511,0.975845158100128
"43470",119.996831256466,-19.8763792997511,0.978437721729279
"43471",120.079147619565,-19.8763792997511,0.979236423969269
"43472",120.161463982665,-19.8763792997511,0.980635523796082
"43473",120.243780345764,-19.8763792997511,0.983533203601837
"43474",120.326096708863,-19.8763792997511,0.985482394695282
"43475",120.408413071962,-19.8763792997511,0.988141775131226
"43693",114.89321674431,-19.9586956628504,0.917359411716461
"43694",114.97553310741,-19.9586956628504,0.917379856109619
"43695",115.057849470509,-19.9586956628504,0.917428553104401
"43696",115.140165833608,-19.9586956628504,0.917661905288696
"43697",115.222482196707,-19.9586956628504,0.917908906936646
"43698",115.304798559807,-19.9586956628504,0.918211221694946
"43699",115.387114922906,-19.9586956628504,0.918589293956757
"43700",115.469431286005,-19.9586956628504,0.919025301933289
"43701",115.551747649105,-19.9586956628504,0.919565081596375
"43702",115.634064012204,-19.9586956628504,0.920313894748688
"43703",115.716380375303,-19.9586956628504,0.921256959438324
"43704",115.798696738402,-19.9586956628504,0.922430992126465
"43705",115.881013101502,-19.9586956628504,0.923896431922913
"43706",115.963329464601,-19.9586956628504,0.92563533782959
"43707",116.0456458277,-19.9586956628504,0.927612781524658
"43708",116.1279621908,-19.9586956628504,0.92986673116684
"43709",116.210278553899,-19.9586956628504,0.93207985162735
"43710",116.292594916998,-19.9586956628504,0.934206366539001
"43711",116.374911280097,-19.9586956628504,0.935962080955505
"43712",116.457227643197,-19.9586956628504,0.937299370765686
"43713",116.539544006296,-19.9586956628504,0.938004314899445
"43714",116.621860369395,-19.9586956628504,0.938162446022034
"43715",116.704176732495,-19.9586956628504,0.937911152839661
"43716",116.786493095594,-19.9586956628504,0.937655210494995
"43717",116.868809458693,-19.9586956628504,0.937418699264526
"43718",116.951125821792,-19.9586956628504,0.93731427192688
"43719",117.033442184892,-19.9586956628504,0.937555193901062
"43720",117.115758547991,-19.9586956628504,0.938194155693054
"43721",117.19807491109,-19.9586956628504,0.93926465511322
"43722",117.28039127419,-19.9586956628504,0.940729260444641
"43723",117.362707637289,-19.9586956628504,0.942885160446167
"43724",117.445024000388,-19.9586956628504,0.945894956588745
"43725",117.527340363487,-19.9586956628504,0.94990348815918
"43726",117.609656726587,-19.9586956628504,0.955018281936646
"43727",117.691973089686,-19.9586956628504,0.960999190807343
"43728",117.774289452785,-19.9586956628504,0.967281699180603
"43729",117.856605815885,-19.9586956628504,0.973380029201508
"43730",117.938922178984,-19.9586956628504,0.978781402111053
"43731",118.021238542083,-19.9586956628504,0.983142137527466
"43732",118.103554905182,-19.9586956628504,0.986442923545837
"43733",118.185871268282,-19.9586956628504,0.988811850547791
"43734",118.268187631381,-19.9586956628504,0.990366220474243
"43735",118.35050399448,-19.9586956628504,0.991201341152191
"43736",118.43282035758,-19.9586956628504,0.991400539875031
"43737",118.515136720679,-19.9586956628504,0.991079807281494
"43738",118.597453083778,-19.9586956628504,0.990272283554077
"43739",118.679769446877,-19.9586956628504,0.988928973674774
"43740",118.762085809977,-19.9586956628504,0.987166464328766
"43741",118.844402173076,-19.9586956628504,0.985057771205902
"43742",118.926718536175,-19.9586956628504,0.982565939426422
"43743",119.009034899275,-19.9586956628504,0.979818522930145
"43744",119.091351262374,-19.9586956628504,0.976796507835388
"43745",119.173667625473,-19.9586956628504,0.973675489425659
"43746",119.255983988572,-19.9586956628504,0.970636069774628
"43747",119.338300351672,-19.9586956628504,0.967814028263092
"43748",119.420616714771,-19.9586956628504,0.965830206871033
"43749",119.50293307787,-19.9586956628504,0.965606927871704
"43750",119.58524944097,-19.9586956628504,0.968616664409637
"43751",119.667565804069,-19.9586956628504,0.97697126865387
"43752",119.749882167168,-19.9586956628504,0.988334476947784
"43753",119.832198530267,-19.9586956628504,0.995212972164154
"43754",119.914514893367,-19.9586956628504,0.999342799186707
"43755",119.996831256466,-19.9586956628504,1
"43756",120.079147619565,-19.9586956628504,1
"43757",120.161463982665,-19.9586956628504,1
"43978",114.89321674431,-20.0410120259497,0.919388771057129
"43979",114.97553310741,-20.0410120259497,0.919427812099457
"43980",115.057849470509,-20.0410120259497,0.919492483139038
"43981",115.140165833608,-20.0410120259497,0.919575333595276
"43982",115.222482196707,-20.0410120259497,0.919684708118439
"43983",115.304798559807,-20.0410120259497,0.919782400131226
"43984",115.387114922906,-20.0410120259497,0.919889450073242
"43985",115.469431286005,-20.0410120259497,0.920097231864929
"43986",115.551747649105,-20.0410120259497,0.920452356338501
"43987",115.634064012204,-20.0410120259497,0.920935392379761
"43988",115.716380375303,-20.0410120259497,0.921582400798798
"43989",115.798696738402,-20.0410120259497,0.922485768795013
"43990",115.881013101502,-20.0410120259497,0.92371940612793
"43991",115.963329464601,-20.0410120259497,0.925268352031708
"43992",116.0456458277,-20.0410120259497,0.927147626876831
"43993",116.1279621908,-20.0410120259497,0.929253816604614
"43994",116.210278553899,-20.0410120259497,0.931445956230164
"43995",116.292594916998,-20.0410120259497,0.933576107025146
"43996",116.374911280097,-20.0410120259497,0.935405552387238
"43997",116.457227643197,-20.0410120259497,0.936624944210052
"43998",116.539544006296,-20.0410120259497,0.937041223049164
"43999",116.621860369395,-20.0410120259497,0.936798393726349
"44000",116.704176732495,-20.0410120259497,0.936187028884888
"44001",116.786493095594,-20.0410120259497,0.935464382171631
"44002",116.868809458693,-20.0410120259497,0.934872686862946
"44003",116.951125821792,-20.0410120259497,0.934425175189972
"44004",117.033442184892,-20.0410120259497,0.934389114379883
"44005",117.115758547991,-20.0410120259497,0.934776186943054
"44006",117.19807491109,-20.0410120259497,0.935610592365265
"44007",117.28039127419,-20.0410120259497,0.936818957328796
"44008",117.362707637289,-20.0410120259497,0.93850439786911
"44009",117.445024000388,-20.0410120259497,0.941267430782318
"44010",117.527340363487,-20.0410120259497,0.945493757724762
"44011",117.609656726587,-20.0410120259497,0.951182842254639
"44012",117.691973089686,-20.0410120259497,0.958044290542603
"44013",117.774289452785,-20.0410120259497,0.965409159660339
"44014",117.856605815885,-20.0410120259497,0.972631931304932
"44015",117.938922178984,-20.0410120259497,0.97898256778717
"44016",118.021238542083,-20.0410120259497,0.98402202129364
"44017",118.103554905182,-20.0410120259497,0.987775325775146
"44018",118.185871268282,-20.0410120259497,0.990570068359375
"44019",118.268187631381,-20.0410120259497,0.99260288476944
"44020",118.35050399448,-20.0410120259497,0.993968665599823
"44021",118.43282035758,-20.0410120259497,0.994754195213318
"44022",118.515136720679,-20.0410120259497,0.995065808296204
"44023",118.597453083778,-20.0410120259497,0.994939565658569
"44024",118.679769446877,-20.0410120259497,0.994345426559448
"44025",118.762085809977,-20.0410120259497,0.993443012237549
"44026",118.844402173076,-20.0410120259497,0.992317199707031
"44027",118.926718536175,-20.0410120259497,0.990946292877197
"44028",119.009034899275,-20.0410120259497,0.989449024200439
"44029",119.091351262374,-20.0410120259497,0.987000107765198
"44030",119.173667625473,-20.0410120259497,0.981708884239197
"44031",119.255983988572,-20.0410120259497,0.981829404830933
"44032",119.338300351672,-20.0410120259497,0.983123660087585
"44033",119.420616714771,-20.0410120259497,0.986324310302734
"44034",119.50293307787,-20.0410120259497,0.990079820156097
"44035",119.58524944097,-20.0410120259497,0.995108366012573
"44036",119.667565804069,-20.0410120259497,0.996161282062531
"44037",119.749882167168,-20.0410120259497,1
"44038",119.832198530267,-20.0410120259497,1
"44039",119.914514893367,-20.0410120259497,1
"44040",119.996831256466,-20.0410120259497,1
"44041",120.079147619565,-20.0410120259497,1
"44262",114.810900381211,-20.123328389049,0.921532094478607
"44263",114.89321674431,-20.123328389049,0.92167854309082
"44264",114.97553310741,-20.123328389049,0.921655058860779
"44265",115.057849470509,-20.123328389049,0.921613335609436
"44266",115.140165833608,-20.123328389049,0.921567618846893
"44267",115.222482196707,-20.123328389049,0.921495139598846
"44268",115.304798559807,-20.123328389049,0.921486675739288
"44269",115.387114922906,-20.123328389049,0.921346306800842
"44270",115.469431286005,-20.123328389049,0.921332836151123
"44271",115.551747649105,-20.123328389049,0.921437621116638
"44272",115.634064012204,-20.123328389049,0.92163497209549
"44273",115.716380375303,-20.123328389049,0.922008275985718
"44274",115.798696738402,-20.123328389049,0.922587811946869
"44275",115.881013101502,-20.123328389049,0.923498451709747
"44276",115.963329464601,-20.123328389049,0.924759566783905
"44277",116.0456458277,-20.123328389049,0.926370322704315
"44278",116.1279621908,-20.123328389049,0.92832338809967
"44279",116.210278553899,-20.123328389049,0.930432617664337
"44280",116.292594916998,-20.123328389049,0.932539880275726
"44281",116.374911280097,-20.123328389049,0.934403657913208
"44282",116.457227643197,-20.123328389049,0.935501396656036
"44283",116.539544006296,-20.123328389049,0.935578584671021
"44284",116.621860369395,-20.123328389049,0.934950768947601
"44285",116.704176732495,-20.123328389049,0.933952212333679
"44286",116.786493095594,-20.123328389049,0.932823240756989
"44287",116.868809458693,-20.123328389049,0.931910514831543
"44288",116.951125821792,-20.123328389049,0.931218683719635
"44289",117.033442184892,-20.123328389049,0.930977523326874
"44290",117.115758547991,-20.123328389049,0.931190192699432
"44291",117.19807491109,-20.123328389049,0.931861162185669
"44292",117.28039127419,-20.123328389049,0.932636678218842
"44293",117.362707637289,-20.123328389049,0.933672726154327
"44294",117.445024000388,-20.123328389049,0.935882925987244
"44295",117.527340363487,-20.123328389049,0.940186262130737
"44296",117.609656726587,-20.123328389049,0.946563184261322
"44297",117.691973089686,-20.123328389049,0.954354345798492
"44298",117.774289452785,-20.123328389049,0.962862074375153
"44299",117.856605815885,-20.123328389049,0.971319973468781
"44300",117.938922178984,-20.123328389049,0.978659152984619
"44301",118.021238542083,-20.123328389049,0.984296977519989
"44302",118.103554905182,-20.123328389049,0.988589525222778
"44303",118.185871268282,-20.123328389049,0.991982460021973
"44304",118.268187631381,-20.123328389049,0.994658291339874
"44305",118.35050399448,-20.123328389049,0.996694326400757
"44306",118.43282035758,-20.123328389049,0.997952520847321
"44307",118.515136720679,-20.123328389049,0.998739123344421
"44308",118.597453083778,-20.123328389049,0.999489843845367
"44309",118.679769446877,-20.123328389049,0.999938428401947
"44310",118.762085809977,-20.123328389049,0.999326348304749
"44311",118.844402173076,-20.123328389049,0.998623728752136
"44312",118.926718536175,-20.123328389049,0.997917711734772
"44313",119.009034899275,-20.123328389049,0.996549785137177
"44314",119.091351262374,-20.123328389049,0.994266748428345
"44546",114.728584018112,-20.2056447521483,0.924038887023926
"44547",114.810900381211,-20.2056447521483,0.924039781093597
"44548",114.89321674431,-20.2056447521483,0.924058258533478
"44549",114.97553310741,-20.2056447521483,0.92393559217453
"44550",115.057849470509,-20.2056447521483,0.923825621604919
"44551",115.140165833608,-20.2056447521483,0.923664033412933
"44552",115.222482196707,-20.2056447521483,0.923410594463348
"44553",115.304798559807,-20.2056447521483,0.92322564125061
"44554",115.387114922906,-20.2056447521483,0.922924220561981
"44555",115.469431286005,-20.2056447521483,0.922788560390472
"44556",115.551747649105,-20.2056447521483,0.922657132148743
"44557",115.634064012204,-20.2056447521483,0.922589421272278
"44558",115.716380375303,-20.2056447521483,0.922683775424957
"44559",115.798696738402,-20.2056447521483,0.922916889190674
"44560",115.881013101502,-20.2056447521483,0.923464775085449
"44561",115.963329464601,-20.2056447521483,0.924325227737427
"44562",116.0456458277,-20.2056447521483,0.925556600093842
"44563",116.1279621908,-20.2056447521483,0.927176475524902
"44564",116.210278553899,-20.2056447521483,0.92903083562851
"44565",116.292594916998,-20.2056447521483,0.930951118469238
"44566",116.374911280097,-20.2056447521483,0.932668089866638
"44567",116.457227643197,-20.2056447521483,0.933609426021576
"44568",116.539544006296,-20.2056447521483,0.933434367179871
"44569",116.621860369395,-20.2056447521483,0.932468354701996
"44570",116.704176732495,-20.2056447521483,0.931190431118011
"44571",116.786493095594,-20.2056447521483,0.929914236068726
"44572",116.868809458693,-20.2056447521483,0.928754389286041
"44573",116.951125821792,-20.2056447521483,0.927822530269623
"44574",117.033442184892,-20.2056447521483,0.927383184432983
"44575",117.115758547991,-20.2056447521483,0.927538394927979
"44576",117.19807491109,-20.2056447521483,0.928145706653595
"44577",117.28039127419,-20.2056447521483,0.928507387638092
"44578",117.362707637289,-20.2056447521483,0.928573906421661
"44579",117.445024000388,-20.2056447521483,0.929967999458313
"44580",117.527340363487,-20.2056447521483,0.934432446956635
"44581",117.609656726587,-20.2056447521483,0.941562235355377
"44582",117.691973089686,-20.2056447521483,0.950230240821838
"44583",117.774289452785,-20.2056447521483,0.959660291671753
"44584",117.856605815885,-20.2056447521483,0.969005048274994
"44585",117.938922178984,-20.2056447521483,0.977228879928589
"44586",118.021238542083,-20.2056447521483,0.983562707901001
"44587",118.103554905182,-20.2056447521483,0.988722026348114
"44588",118.185871268282,-20.2056447521483,0.992966413497925
"44589",118.268187631381,-20.2056447521483,0.996472239494324
"44590",118.35050399448,-20.2056447521483,0.998844683170319
"44591",118.43282035758,-20.2056447521483,0.999808371067047
"44592",118.515136720679,-20.2056447521483,1
"44593",118.597453083778,-20.2056447521483,1
"44594",118.679769446877,-20.2056447521483,0.999999165534973
"44595",118.762085809977,-20.2056447521483,1
"44596",118.844402173076,-20.2056447521483,1
"44829",114.563951291913,-20.2879611152476,0.926415085792542
"44830",114.646267655012,-20.2879611152476,0.926542937755585
"44831",114.728584018112,-20.2879611152476,0.926570892333984
"44832",114.810900381211,-20.2879611152476,0.926537454128265
"44833",114.89321674431,-20.2879611152476,0.926445066928864
"44834",114.97553310741,-20.2879611152476,0.926294028759003
"44835",115.057849470509,-20.2879611152476,0.926109492778778
"44836",115.140165833608,-20.2879611152476,0.925826370716095
"44837",115.222482196707,-20.2879611152476,0.925499498844147
"44838",115.304798559807,-20.2879611152476,0.925178468227386
"44839",115.387114922906,-20.2879611152476,0.924854278564453
"44840",115.469431286005,-20.2879611152476,0.924508988857269
"44841",115.551747649105,-20.2879611152476,0.92419695854187
"44842",115.634064012204,-20.2879611152476,0.923938274383545
"44843",115.716380375303,-20.2879611152476,0.923791766166687
"44844",115.798696738402,-20.2879611152476,0.923711895942688
"44845",115.881013101502,-20.2879611152476,0.923903226852417
"44846",115.963329464601,-20.2879611152476,0.924208700656891
"44847",116.0456458277,-20.2879611152476,0.924996793270111
"44848",116.1279621908,-20.2879611152476,0.926024079322815
"44849",116.210278553899,-20.2879611152476,0.92732959985733
"44850",116.292594916998,-20.2879611152476,0.928727924823761
"44851",116.374911280097,-20.2879611152476,0.930044293403625
"44852",116.457227643197,-20.2879611152476,0.930666327476501
"44853",116.539544006296,-20.2879611152476,0.930367350578308
"44854",116.621860369395,-20.2879611152476,0.929412662982941
"44855",116.704176732495,-20.2879611152476,0.928138315677643
"44856",116.786493095594,-20.2879611152476,0.926799535751343
"44857",116.868809458693,-20.2879611152476,0.925563037395477
"44858",116.951125821792,-20.2879611152476,0.924517393112183
"44859",117.033442184892,-20.2879611152476,0.923906207084656
"44860",117.115758547991,-20.2879611152476,0.923983097076416
"44861",117.19807491109,-20.2879611152476,0.924549400806427
"44862",117.28039127419,-20.2879611152476,0.924591541290283
"44863",117.362707637289,-20.2879611152476,0.92342346906662
"44864",117.445024000388,-20.2879611152476,0.923944354057312
"44865",117.527340363487,-20.2879611152476,0.929185450077057
"44866",117.609656726587,-20.2879611152476,0.937041461467743
"44867",117.691973089686,-20.2879611152476,0.946352481842041
"44868",117.774289452785,-20.2879611152476,0.956270575523376
"44869",117.856605815885,-20.2879611152476,0.965973377227783
"44870",117.938922178984,-20.2879611152476,0.974739611148834
"44871",118.021238542083,-20.2879611152476,0.982220351696014
"44872",118.103554905182,-20.2879611152476,0.988397240638733
"44873",118.185871268282,-20.2879611152476,0.993553400039673
"44874",118.268187631381,-20.2879611152476,0.998044610023499
"44875",118.35050399448,-20.2879611152476,0.999817848205566
"44876",118.43282035758,-20.2879611152476,1
"44877",118.515136720679,-20.2879611152476,1
"44878",118.597453083778,-20.2879611152476,1
"44879",118.679769446877,-20.2879611152476,1
"44880",118.762085809977,-20.2879611152476,1
"45112",114.399318565715,-20.3702774783468,0.929815053939819
"45113",114.481634928814,-20.3702774783468,0.92927610874176
"45114",114.563951291913,-20.3702774783468,0.929096341133118
"45115",114.646267655012,-20.3702774783468,0.929182648658752
"45116",114.728584018112,-20.3702774783468,0.929165720939636
"45117",114.810900381211,-20.3702774783468,0.929115056991577
"45118",114.89321674431,-20.3702774783468,0.928958237171173
"45119",114.97553310741,-20.3702774783468,0.928742468357086
"45120",115.057849470509,-20.3702774783468,0.928461253643036
"45121",115.140165833608,-20.3702774783468,0.928105890750885
"45122",115.222482196707,-20.3702774783468,0.927757859230042
"45123",115.304798559807,-20.3702774783468,0.927344918251038
"45124",115.387114922906,-20.3702774783468,0.926950573921204
"45125",115.469431286005,-20.3702774783468,0.926524698734283
"45126",115.551747649105,-20.3702774783468,0.926108181476593
"45127",115.634064012204,-20.3702774783468,0.925765991210938
"45128",115.716380375303,-20.3702774783468,0.925507783889771
"45129",115.798696738402,-20.3702774783468,0.925328314304352
"45130",115.881013101502,-20.3702774783468,0.925161957740784
"45131",115.963329464601,-20.3702774783468,0.92500251531601
"45132",116.0456458277,-20.3702774783468,0.925269544124603
"45133",116.1279621908,-20.3702774783468,0.92547881603241
"45134",116.210278553899,-20.3702774783468,0.925866007804871
"45135",116.292594916998,-20.3702774783468,0.926441371440887
"45136",116.374911280097,-20.3702774783468,0.927160739898682
"45137",116.457227643197,-20.3702774783468,0.927357077598572
"45138",116.539544006296,-20.3702774783468,0.926970362663269
"45139",116.621860369395,-20.3702774783468,0.926139533519745
"45140",116.704176732495,-20.3702774783468,0.925025165081024
"45141",116.786493095594,-20.3702774783468,0.923818647861481
"45142",116.868809458693,-20.3702774783468,0.922674119472504
"45143",116.951125821792,-20.3702774783468,0.921685636043549
"45144",117.033442184892,-20.3702774783468,0.921061336994171
"45145",117.115758547991,-20.3702774783468,0.920985043048859
"45146",117.19807491109,-20.3702774783468,0.921154737472534
"45147",117.28039127419,-20.3702774783468,0.920343339443207
"45148",117.362707637289,-20.3702774783468,0.918975532054901
"45149",117.445024000388,-20.3702774783468,0.920236349105835
"45150",117.527340363487,-20.3702774783468,0.925859272480011
"45151",117.609656726587,-20.3702774783468,0.933944821357727
"45152",117.691973089686,-20.3702774783468,0.943415224552155
"45153",117.774289452785,-20.3702774783468,0.953439235687256
"45154",117.856605815885,-20.3702774783468,0.963379621505737
"45155",117.938922178984,-20.3702774783468,0.972560107707977
"45156",118.021238542083,-20.3702774783468,0.980781733989716
"45157",118.103554905182,-20.3702774783468,0.987896978855133
"45158",118.185871268282,-20.3702774783468,0.994103670120239
"45159",118.268187631381,-20.3702774783468,0.999339401721954
"45160",118.35050399448,-20.3702774783468,1
"45161",118.43282035758,-20.3702774783468,1
"45162",118.515136720679,-20.3702774783468,1
"45163",118.597453083778,-20.3702774783468,1
"45395",114.234685839516,-20.4525938414461,0.930828034877777
"45396",114.317002202615,-20.4525938414461,0.931583762168884
"45397",114.399318565715,-20.4525938414461,0.93148934841156
"45398",114.481634928814,-20.4525938414461,0.93154764175415
"45399",114.563951291913,-20.4525938414461,0.931730568408966
"45400",114.646267655012,-20.4525938414461,0.931814670562744
"45401",114.728584018112,-20.4525938414461,0.931739151477814
"45402",114.810900381211,-20.4525938414461,0.931650102138519
"45403",114.89321674431,-20.4525938414461,0.931471347808838
"45404",114.97553310741,-20.4525938414461,0.931217074394226
"45405",115.057849470509,-20.4525938414461,0.930877864360809
"45406",115.140165833608,-20.4525938414461,0.930478274822235
"45407",115.222482196707,-20.4525938414461,0.930067837238312
"45408",115.304798559807,-20.4525938414461,0.929636299610138
"45409",115.387114922906,-20.4525938414461,0.929222643375397
"45410",115.469431286005,-20.4525938414461,0.928785443305969
"45411",115.551747649105,-20.4525938414461,0.928397953510284
"45412",115.634064012204,-20.4525938414461,0.92811793088913
"45413",115.716380375303,-20.4525938414461,0.927933156490326
"45414",115.798696738402,-20.4525938414461,0.927830278873444
"45415",115.881013101502,-20.4525938414461,0.927665233612061
"45416",115.963329464601,-20.4525938414461,0.927333533763885
"45417",116.0456458277,-20.4525938414461,0.927225708961487
"45418",116.1279621908,-20.4525938414461,0.926449298858643
"45419",116.210278553899,-20.4525938414461,0.92522394657135
"45420",116.292594916998,-20.4525938414461,0.924810886383057
"45421",116.374911280097,-20.4525938414461,0.924730896949768
"45422",116.457227643197,-20.4525938414461,0.924445986747742
"45423",116.539544006296,-20.4525938414461,0.923946261405945
"45424",116.621860369395,-20.4525938414461,0.923222661018372
"45425",116.704176732495,-20.4525938414461,0.92228502035141
"45426",116.786493095594,-20.4525938414461,0.92128324508667
"45427",116.868809458693,-20.4525938414461,0.920342803001404
"45428",116.951125821792,-20.4525938414461,0.919524967670441
"45429",117.033442184892,-20.4525938414461,0.919040739536285
"45430",117.115758547991,-20.4525938414461,0.918930053710938
"45431",117.19807491109,-20.4525938414461,0.918885350227356
"45432",117.28039127419,-20.4525938414461,0.918426752090454
"45433",117.362707637289,-20.4525938414461,0.918063163757324
"45434",117.445024000388,-20.4525938414461,0.919941067695618
"45435",117.527340363487,-20.4525938414461,0.925194978713989
"45436",117.609656726587,-20.4525938414461,0.932904899120331
"45437",117.691973089686,-20.4525938414461,0.942043125629425
"45438",117.774289452785,-20.4525938414461,0.951842904090881
"45439",117.856605815885,-20.4525938414461,0.961725175380707
"45440",117.938922178984,-20.4525938414461,0.971173107624054
"45441",118.021238542083,-20.4525938414461,0.97992616891861
"45442",118.103554905182,-20.4525938414461,0.986565232276917
"45444",118.268187631381,-20.4525938414461,0.99977034330368
"45445",118.35050399448,-20.4525938414461,1
"45446",118.43282035758,-20.4525938414461,1
"45680",114.234685839516,-20.5349102045454,0.933279454708099
"45681",114.317002202615,-20.5349102045454,0.933665156364441
"45682",114.399318565715,-20.5349102045454,0.933983683586121
"45683",114.481634928814,-20.5349102045454,0.934193074703217
"45684",114.563951291913,-20.5349102045454,0.934328198432922
"45685",114.646267655012,-20.5349102045454,0.934413194656372
"45686",114.728584018112,-20.5349102045454,0.934392511844635
"45687",114.810900381211,-20.5349102045454,0.934236586093903
"45688",114.89321674431,-20.5349102045454,0.934004247188568
"45689",114.97553310741,-20.5349102045454,0.933722674846649
"45690",115.057849470509,-20.5349102045454,0.933354377746582
"45691",115.140165833608,-20.5349102045454,0.932903289794922
"45692",115.222482196707,-20.5349102045454,0.932485282421112
"45693",115.304798559807,-20.5349102045454,0.932005524635315
"45694",115.387114922906,-20.5349102045454,0.931535959243774
"45695",115.469431286005,-20.5349102045454,0.931190431118011
"45696",115.551747649105,-20.5349102045454,0.93091344833374
"45697",115.634064012204,-20.5349102045454,0.93075042963028
"45698",115.716380375303,-20.5349102045454,0.930758237838745
"45699",115.798696738402,-20.5349102045454,0.930990517139435
"45700",115.881013101502,-20.5349102045454,0.931487798690796
"45701",115.963329464601,-20.5349102045454,0.932255446910858
"45702",116.0456458277,-20.5349102045454,0.932140946388245
"45703",116.1279621908,-20.5349102045454,0.92925500869751
"45704",116.210278553899,-20.5349102045454,0.925975322723389
"45705",116.292594916998,-20.5349102045454,0.92440277338028
"45706",116.374911280097,-20.5349102045454,0.923318564891815
"45707",116.457227643197,-20.5349102045454,0.922425925731659
"45708",116.539544006296,-20.5349102045454,0.9217289686203
"45709",116.621860369395,-20.5349102045454,0.920936465263367
"45710",116.704176732495,-20.5349102045454,0.920218706130981
"45711",116.786493095594,-20.5349102045454,0.919395625591278
"45712",116.868809458693,-20.5349102045454,0.918667852878571
"45713",116.951125821792,-20.5349102045454,0.918058633804321
"45714",117.033442184892,-20.5349102045454,0.917769551277161
"45715",117.115758547991,-20.5349102045454,0.917769491672516
"45716",117.19807491109,-20.5349102045454,0.917911410331726
"45717",117.28039127419,-20.5349102045454,0.918159663677216
"45718",117.362707637289,-20.5349102045454,0.918954253196716
"45719",117.445024000388,-20.5349102045454,0.921467542648315
"45720",117.527340363487,-20.5349102045454,0.926465570926666
"45721",117.609656726587,-20.5349102045454,0.933651268482208
"45722",117.691973089686,-20.5349102045454,0.942276060581207
"45723",117.774289452785,-20.5349102045454,0.951666474342346
"45724",117.856605815885,-20.5349102045454,0.961313962936401
"45725",117.938922178984,-20.5349102045454,0.970813035964966
"45726",118.021238542083,-20.5349102045454,0.977208316326141
"45964",114.152369476417,-20.6172265676447,0.935368716716766
"45965",114.234685839516,-20.6172265676447,0.935849130153656
"45966",114.317002202615,-20.6172265676447,0.936225235462189
"45967",114.399318565715,-20.6172265676447,0.936566174030304
"45968",114.481634928814,-20.6172265676447,0.936763644218445
"45969",114.563951291913,-20.6172265676447,0.936957001686096
"45970",114.646267655012,-20.6172265676447,0.936968803405762
"45971",114.728584018112,-20.6172265676447,0.93693733215332
"45972",114.810900381211,-20.6172265676447,0.936805903911591
"45973",114.89321674431,-20.6172265676447,0.936495661735535
"45974",114.97553310741,-20.6172265676447,0.93618631362915
"45975",115.057849470509,-20.6172265676447,0.935836970806122
"45976",115.140165833608,-20.6172265676447,0.935373485088348
"45977",115.222482196707,-20.6172265676447,0.934900641441345
"45978",115.304798559807,-20.6172265676447,0.934427976608276
"45979",115.387114922906,-20.6172265676447,0.933998167514801
"45980",115.469431286005,-20.6172265676447,0.933635413646698
"45981",115.551747649105,-20.6172265676447,0.933382630348206
"45982",115.634064012204,-20.6172265676447,0.933315992355347
"45983",115.716380375303,-20.6172265676447,0.933459639549255
"45984",115.798696738402,-20.6172265676447,0.933937191963196
"45985",115.881013101502,-20.6172265676447,0.934814631938934
"45986",115.963329464601,-20.6172265676447,0.935796201229095
"45987",116.0456458277,-20.6172265676447,0.935184001922607
"45988",116.1279621908,-20.6172265676447,0.93203467130661
"45989",116.210278553899,-20.6172265676447,0.928375065326691
"45990",116.292594916998,-20.6172265676447,0.925638735294342
"45991",116.374911280097,-20.6172265676447,0.923281729221344
"45992",116.457227643197,-20.6172265676447,0.921629071235657
"45993",116.539544006296,-20.6172265676447,0.920490443706512
"45994",116.621860369395,-20.6172265676447,0.919647336006165
"45995",116.704176732495,-20.6172265676447,0.918965578079224
"45996",116.786493095594,-20.6172265676447,0.918339550495148
"45997",116.868809458693,-20.6172265676447,0.917821645736694
"45998",116.951125821792,-20.6172265676447,0.917425513267517
"45999",117.033442184892,-20.6172265676447,0.917368829250336
"46000",117.115758547991,-20.6172265676447,0.917585432529449
"46001",117.19807491109,-20.6172265676447,0.918124794960022
"46002",117.28039127419,-20.6172265676447,0.919045031070709
"46003",117.362707637289,-20.6172265676447,0.920729219913483
"46004",117.445024000388,-20.6172265676447,0.923859059810638
"46005",117.527340363487,-20.6172265676447,0.928853988647461
"46006",117.609656726587,-20.6172265676447,0.935641229152679
"46007",117.691973089686,-20.6172265676447,0.94383180141449
"46008",117.774289452785,-20.6172265676447,0.952802896499634
"46009",117.856605815885,-20.6172265676447,0.961994826793671
"46248",114.070053113317,-20.699542930744,0.937274813652039
"46249",114.152369476417,-20.699542930744,0.937859117984772
"46250",114.234685839516,-20.699542930744,0.9383305311203
"46251",114.317002202615,-20.699542930744,0.938718676567078
"46252",114.399318565715,-20.699542930744,0.939034163951874
"46253",114.481634928814,-20.699542930744,0.939260721206665
"46254",114.563951291913,-20.699542930744,0.93946248292923
"46255",114.646267655012,-20.699542930744,0.939478278160095
"46256",114.728584018112,-20.699542930744,0.93939346075058
"46257",114.810900381211,-20.699542930744,0.939252257347107
"46258",114.89321674431,-20.699542930744,0.938996911048889
"46259",114.97553310741,-20.699542930744,0.938663899898529
"46260",115.057849470509,-20.699542930744,0.938266813755035
"46261",115.140165833608,-20.699542930744,0.937788367271423
"46262",115.222482196707,-20.699542930744,0.937360286712646
"46263",115.304798559807,-20.699542930744,0.936857581138611
"46264",115.387114922906,-20.699542930744,0.936396360397339
"46265",115.469431286005,-20.699542930744,0.935997247695923
"46266",115.551747649105,-20.699542930744,0.935717761516571
"46267",115.634064012204,-20.699542930744,0.935618579387665
"46268",115.716380375303,-20.699542930744,0.935669183731079
"46269",115.798696738402,-20.699542930744,0.935929417610168
"46270",115.881013101502,-20.699542930744,0.936263740062714
"46271",115.963329464601,-20.699542930744,0.936118245124817
"46272",116.0456458277,-20.699542930744,0.935023128986359
"46273",116.1279621908,-20.699542930744,0.933731853961945
"46274",116.210278553899,-20.699542930744,0.931868553161621
"46275",116.292594916998,-20.699542930744,0.928224980831146
"46276",116.374911280097,-20.699542930744,0.924351155757904
"46277",116.457227643197,-20.699542930744,0.921978831291199
"46278",116.539544006296,-20.699542930744,0.920438349246979
"46279",116.621860369395,-20.699542930744,0.919427275657654
"46280",116.704176732495,-20.699542930744,0.918727040290833
"46281",116.786493095594,-20.699542930744,0.918188512325287
"46282",116.868809458693,-20.699542930744,0.917869091033936
"46283",116.951125821792,-20.699542930744,0.917682766914368
"46284",117.033442184892,-20.699542930744,0.917649567127228
"46285",117.115758547991,-20.699542930744,0.918207347393036
"46286",117.19807491109,-20.699542930744,0.919354498386383
"46287",117.28039127419,-20.699542930744,0.920847296714783
"46288",117.362707637289,-20.699542930744,0.923234522342682
"46289",117.445024000388,-20.699542930744,0.926841497421265
"46290",117.527340363487,-20.699542930744,0.931956112384796
"46291",117.609656726587,-20.699542930744,0.938527226448059
"46292",117.691973089686,-20.699542930744,0.946304023265839
"46293",117.774289452785,-20.699542930744,0.954440355300903
"46532",113.987736750218,-20.7818592938433,0.939476728439331
"46533",114.070053113317,-20.7818592938433,0.939661204814911
"46534",114.152369476417,-20.7818592938433,0.940220773220062
"46535",114.234685839516,-20.7818592938433,0.940700948238373
"46536",114.317002202615,-20.7818592938433,0.941111445426941
"46537",114.399318565715,-20.7818592938433,0.941442131996155
"46538",114.481634928814,-20.7818592938433,0.94168084859848
"46539",114.563951291913,-20.7818592938433,0.941863298416138
"46540",114.646267655012,-20.7818592938433,0.941972732543945
"46541",114.728584018112,-20.7818592938433,0.941914677619934
"46542",114.810900381211,-20.7818592938433,0.941716015338898
"46543",114.89321674431,-20.7818592938433,0.941422641277313
"46544",114.97553310741,-20.7818592938433,0.941051304340363
"46545",115.057849470509,-20.7818592938433,0.94063127040863
"46546",115.140165833608,-20.7818592938433,0.94015109539032
"46547",115.222482196707,-20.7818592938433,0.939677536487579
"46548",115.304798559807,-20.7818592938433,0.93912672996521
"46549",115.387114922906,-20.7818592938433,0.938619792461395
"46550",115.469431286005,-20.7818592938433,0.938150584697723
"46551",115.551747649105,-20.7818592938433,0.937778472900391
"46552",115.634064012204,-20.7818592938433,0.937530159950256
"46553",115.716380375303,-20.7818592938433,0.937346935272217
"46554",115.798696738402,-20.7818592938433,0.937161326408386
"46555",115.881013101502,-20.7818592938433,0.936830103397369
"46556",115.963329464601,-20.7818592938433,0.936093330383301
"46557",116.0456458277,-20.7818592938433,0.935097634792328
"46558",116.1279621908,-20.7818592938433,0.935169458389282
"46559",116.210278553899,-20.7818592938433,0.934993624687195
"46560",116.292594916998,-20.7818592938433,0.930970788002014
"46561",116.374911280097,-20.7818592938433,0.926225900650024
"46562",116.457227643197,-20.7818592938433,0.92331850528717
"46563",116.539544006296,-20.7818592938433,0.921405076980591
"46564",116.621860369395,-20.7818592938433,0.920419752597809
"46567",116.868809458693,-20.7818592938433,0.918116390705109
"46568",116.951125821792,-20.7818592938433,0.91817981004715
"46573",117.362707637289,-20.7818592938433,0.926109135150909
"46575",117.527340363487,-20.7818592938433,0.934077978134155
"46576",117.609656726587,-20.7818592938433,0.940981090068817
"46577",117.691973089686,-20.7818592938433,0.9488884806633
"46816",113.905420387119,-20.8641756569425,0.940764129161835
"46817",113.987736750218,-20.8641756569425,0.941345155239105
"46818",114.070053113317,-20.8641756569425,0.941961407661438
"46819",114.152369476417,-20.8641756569425,0.942501366138458
"46820",114.234685839516,-20.8641756569425,0.942969858646393
"46821",114.317002202615,-20.8641756569425,0.943383991718292
"46822",114.399318565715,-20.8641756569425,0.943747520446777
"46823",114.481634928814,-20.8641756569425,0.94401216506958
"46824",114.563951291913,-20.8641756569425,0.944181025028229
"46825",114.646267655012,-20.8641756569425,0.944248080253601
"46826",114.728584018112,-20.8641756569425,0.94421797990799
"46827",114.810900381211,-20.8641756569425,0.944060504436493
"46828",114.89321674431,-20.8641756569425,0.943774163722992
"46829",114.97553310741,-20.8641756569425,0.943389773368835
"46830",115.057849470509,-20.8641756569425,0.942926824092865
"46831",115.140165833608,-20.8641756569425,0.942431211471558
"46832",115.222482196707,-20.8641756569425,0.941879451274872
"46833",115.304798559807,-20.8641756569425,0.941270530223846
"46834",115.387114922906,-20.8641756569425,0.940663993358612
"46835",115.469431286005,-20.8641756569425,0.94011914730072
"46836",115.551747649105,-20.8641756569425,0.939626574516296
"46837",115.634064012204,-20.8641756569425,0.939187586307526
"46838",115.716380375303,-20.8641756569425,0.938721597194672
"46839",115.798696738402,-20.8641756569425,0.938187062740326
"46840",115.881013101502,-20.8641756569425,0.937493562698364
"46841",115.963329464601,-20.8641756569425,0.936715364456177
"46842",116.0456458277,-20.8641756569425,0.935975074768066
"46843",116.1279621908,-20.8641756569425,0.93601781129837
"46844",116.210278553899,-20.8641756569425,0.935945272445679
"46845",116.292594916998,-20.8641756569425,0.932621777057648
"46846",116.374911280097,-20.8641756569425,0.928337693214417
"46847",116.457227643197,-20.8641756569425,0.925151765346527
"47100",113.82310402402,-20.9464920200418,0.942953586578369
"47101",113.905420387119,-20.9464920200418,0.942761600017548
"47102",113.987736750218,-20.9464920200418,0.943453192710876
"47103",114.070053113317,-20.9464920200418,0.944063544273376
"47104",114.152369476417,-20.9464920200418,0.944603621959686
"47105",114.234685839516,-20.9464920200418,0.94509094953537
"47106",114.317002202615,-20.9464920200418,0.945487856864929
"47107",114.399318565715,-20.9464920200418,0.945869147777557
"47108",114.481634928814,-20.9464920200418,0.946171045303345
"47109",114.563951291913,-20.9464920200418,0.946370720863342
"47110",114.646267655012,-20.9464920200418,0.946462750434875
"47111",114.728584018112,-20.9464920200418,0.946462154388428
"47112",114.810900381211,-20.9464920200418,0.946284651756287
"47113",114.89321674431,-20.9464920200418,0.946005761623383
"47114",114.97553310741,-20.9464920200418,0.945637822151184
"47115",115.057849470509,-20.9464920200418,0.945124447345734
"47116",115.140165833608,-20.9464920200418,0.9445521235466
"47117",115.222482196707,-20.9464920200418,0.943952620029449
"47118",115.304798559807,-20.9464920200418,0.943272948265076
"47119",115.387114922906,-20.9464920200418,0.942556023597717
"47120",115.469431286005,-20.9464920200418,0.941916525363922
"47121",115.551747649105,-20.9464920200418,0.941323339939117
"47122",115.634064012204,-20.9464920200418,0.940698623657227
"47123",115.716380375303,-20.9464920200418,0.939998984336853
"47124",115.798696738402,-20.9464920200418,0.9393190741539
"47125",115.881013101502,-20.9464920200418,0.938470542430878
"47126",115.963329464601,-20.9464920200418,0.937690019607544
"47127",116.0456458277,-20.9464920200418,0.93701708316803
"47128",116.1279621908,-20.9464920200418,0.936496615409851
"47129",116.210278553899,-20.9464920200418,0.935588300228119
"47130",116.292594916998,-20.9464920200418,0.933125376701355
"47385",113.82310402402,-21.0288083831411,0.944019198417664
"47386",113.905420387119,-21.0288083831411,0.944714725017548
"47387",113.987736750218,-21.0288083831411,0.94537478685379
"47388",114.070053113317,-21.0288083831411,0.945981740951538
"47389",114.152369476417,-21.0288083831411,0.946526408195496
"47390",114.234685839516,-21.0288083831411,0.946973383426666
"47391",114.317002202615,-21.0288083831411,0.947431683540344
"47392",114.399318565715,-21.0288083831411,0.947812855243683
"47393",114.481634928814,-21.0288083831411,0.948153257369995
"47394",114.563951291913,-21.0288083831411,0.948411464691162
"47395",114.646267655012,-21.0288083831411,0.94857931137085
"47396",114.728584018112,-21.0288083831411,0.948554396629333
"47397",114.810900381211,-21.0288083831411,0.948399007320404
"47398",114.89321674431,-21.0288083831411,0.948108851909637
"47399",114.97553310741,-21.0288083831411,0.947694301605225
"47400",115.057849470509,-21.0288083831411,0.947169184684753
"47401",115.140165833608,-21.0288083831411,0.946565389633179
"47402",115.222482196707,-21.0288083831411,0.94585770368576
"47403",115.304798559807,-21.0288083831411,0.945082485675812
"47404",115.387114922906,-21.0288083831411,0.944321155548096
"47405",115.469431286005,-21.0288083831411,0.943561971187592
"47406",115.551747649105,-21.0288083831411,0.942818999290466
"47407",115.634064012204,-21.0288083831411,0.942079842090607
"47408",115.716380375303,-21.0288083831411,0.941317975521088
"47409",115.798696738402,-21.0288083831411,0.940509676933289
"47410",115.881013101502,-21.0288083831411,0.939624309539795
"47411",115.963329464601,-21.0288083831411,0.938781321048737
"47412",116.0456458277,-21.0288083831411,0.938025057315826
"47414",116.210278553899,-21.0288083831411,0.935681104660034
"47669",113.74078766092,-21.1111247462404,0.945527255535126
"47670",113.82310402402,-21.1111247462404,0.945828497409821
"47671",113.905420387119,-21.1111247462404,0.946498453617096
"47672",113.987736750218,-21.1111247462404,0.947157025337219
"47673",114.070053113317,-21.1111247462404,0.947777271270752
"47674",114.152369476417,-21.1111247462404,0.948251068592072
"47675",114.234685839516,-21.1111247462404,0.948719441890717
"47676",114.317002202615,-21.1111247462404,0.949140429496765
"47677",114.399318565715,-21.1111247462404,0.949553310871124
"47678",114.481634928814,-21.1111247462404,0.94995254278183
"47679",114.563951291913,-21.1111247462404,0.950227499008179
"47680",114.646267655012,-21.1111247462404,0.950459241867065
"47681",114.728584018112,-21.1111247462404,0.950468182563782
"47682",114.810900381211,-21.1111247462404,0.950359165668488
"47683",114.89321674431,-21.1111247462404,0.950040340423584
"47684",114.97553310741,-21.1111247462404,0.949592351913452
"47685",115.057849470509,-21.1111247462404,0.949003934860229
"47686",115.140165833608,-21.1111247462404,0.948343575000763
"47687",115.222482196707,-21.1111247462404,0.947589874267578
"47688",115.304798559807,-21.1111247462404,0.946769595146179
"47689",115.387114922906,-21.1111247462404,0.945960402488708
"47690",115.469431286005,-21.1111247462404,0.945079028606415
"47691",115.551747649105,-21.1111247462404,0.944223403930664
"47692",115.634064012204,-21.1111247462404,0.943394839763641
"47693",115.716380375303,-21.1111247462404,0.942537546157837
"47694",115.798696738402,-21.1111247462404,0.941656112670898
"47695",115.881013101502,-21.1111247462404,0.940761685371399
"47696",115.963329464601,-21.1111247462404,0.939982235431671
"47952",113.576154934722,-21.1934411093397,0.945769846439362
"47953",113.658471297821,-21.1934411093397,0.946230292320251
"47954",113.74078766092,-21.1934411093397,0.946808278560638
"47955",113.82310402402,-21.1934411093397,0.947510182857513
"47956",113.905420387119,-21.1934411093397,0.948122203350067
"47957",113.987736750218,-21.1934411093397,0.948707342147827
"47958",114.070053113317,-21.1934411093397,0.949281394481659
"47959",114.152369476417,-21.1934411093397,0.949761748313904
"47960",114.234685839516,-21.1934411093397,0.9502232670784
"47961",114.317002202615,-21.1934411093397,0.950649857521057
"47962",114.399318565715,-21.1934411093397,0.951047837734222
"47963",114.481634928814,-21.1934411093397,0.951484501361847
"47964",114.563951291913,-21.1934411093397,0.95185911655426
"47965",114.646267655012,-21.1934411093397,0.952115774154663
"47966",114.728584018112,-21.1934411093397,0.95211935043335
"47967",114.810900381211,-21.1934411093397,0.952088594436646
"47968",114.89321674431,-21.1934411093397,0.951783359050751
"47969",114.97553310741,-21.1934411093397,0.951344609260559
"47970",115.057849470509,-21.1934411093397,0.95065826177597
"47971",115.140165833608,-21.1934411093397,0.949903309345245
"47972",115.222482196707,-21.1934411093397,0.949140965938568
"47973",115.304798559807,-21.1934411093397,0.948252081871033
"47974",115.387114922906,-21.1934411093397,0.947361648082733
"47975",115.469431286005,-21.1934411093397,0.9464311003685
"47976",115.551747649105,-21.1934411093397,0.945556640625
"47977",115.634064012204,-21.1934411093397,0.944662272930145
"47978",115.716380375303,-21.1934411093397,0.943771839141846
"47979",115.798696738402,-21.1934411093397,0.942898154258728
"47980",115.881013101502,-21.1934411093397,0.941972732543945
"47981",115.963329464601,-21.1934411093397,0.941388547420502
"48237",113.576154934722,-21.275757472439,0.947027385234833
"48238",113.658471297821,-21.275757472439,0.947661757469177
"48239",113.74078766092,-21.275757472439,0.948381304740906
"48240",113.82310402402,-21.275757472439,0.94904488325119
"48241",113.905420387119,-21.275757472439,0.949609994888306
"48242",113.987736750218,-21.275757472439,0.950132668018341
"48243",114.070053113317,-21.275757472439,0.950659275054932
"48244",114.152369476417,-21.275757472439,0.951121032238007
"48245",114.234685839516,-21.275757472439,0.951501846313477
"48246",114.317002202615,-21.275757472439,0.951896667480469
"48247",114.399318565715,-21.275757472439,0.952307283878326
"48248",114.481634928814,-21.275757472439,0.952766537666321
"48249",114.563951291913,-21.275757472439,0.953207671642303
"48250",114.646267655012,-21.275757472439,0.953510403633118
"48251",114.728584018112,-21.275757472439,0.953679978847504
"48252",114.810900381211,-21.275757472439,0.953631639480591
"48253",114.89321674431,-21.275757472439,0.953315734863281
"48254",114.97553310741,-21.275757472439,0.952785074710846
"48255",115.057849470509,-21.275757472439,0.952069163322449
"48256",115.140165833608,-21.275757472439,0.9512899518013
"48257",115.222482196707,-21.275757472439,0.950433611869812
"48258",115.304798559807,-21.275757472439,0.949545085430145
"48259",115.387114922906,-21.275757472439,0.948579728603363
"48260",115.469431286005,-21.275757472439,0.947642505168915
"48261",115.551747649105,-21.275757472439,0.946746110916138
"48262",115.634064012204,-21.275757472439,0.945843458175659
"48263",115.716380375303,-21.275757472439,0.944982349872589
"48264",115.798696738402,-21.275757472439,0.944033920764923
"48522",113.576154934722,-21.3580738355383,0.948353588581085
"48523",113.658471297821,-21.3580738355383,0.949162662029266
"48524",113.74078766092,-21.3580738355383,0.949824094772339
"48525",113.82310402402,-21.3580738355383,0.950408637523651
"48526",113.905420387119,-21.3580738355383,0.950909495353699
"48527",113.987736750218,-21.3580738355383,0.951375544071198
"48528",114.070053113317,-21.3580738355383,0.951735198497772
"48529",114.152369476417,-21.3580738355383,0.952162861824036
"48530",114.234685839516,-21.3580738355383,0.952515125274658
"48531",114.317002202615,-21.3580738355383,0.952872693538666
"48532",114.399318565715,-21.3580738355383,0.953277051448822
"48533",114.481634928814,-21.3580738355383,0.953746795654297
"48534",114.563951291913,-21.3580738355383,0.954265236854553
"48535",114.646267655012,-21.3580738355383,0.954680204391479
"48536",114.728584018112,-21.3580738355383,0.954928278923035
"48537",114.810900381211,-21.3580738355383,0.954894602298737
"48538",114.89321674431,-21.3580738355383,0.954527914524078
"48539",114.97553310741,-21.3580738355383,0.953916847705841
"48540",115.057849470509,-21.3580738355383,0.953173100948334
"48541",115.140165833608,-21.3580738355383,0.952335000038147
"48542",115.222482196707,-21.3580738355383,0.951480329036713
"48543",115.304798559807,-21.3580738355383,0.950545251369476
"48544",115.387114922906,-21.3580738355383,0.949625253677368
"48545",115.469431286005,-21.3580738355383,0.948709547519684
"48546",115.551747649105,-21.3580738355383,0.947815954685211
"48547",115.634064012204,-21.3580738355383,0.946675956249237
"48548",115.716380375303,-21.3580738355383,0.945915877819061
"48807",113.576154934722,-21.4403901986375,0.949655055999756
"48808",113.658471297821,-21.4403901986375,0.950395405292511
"48809",113.74078766092,-21.4403901986375,0.951051950454712
"48810",113.82310402402,-21.4403901986375,0.951580226421356
"48811",113.905420387119,-21.4403901986375,0.952021718025208
"48812",113.987736750218,-21.4403901986375,0.952392160892487
"48813",114.070053113317,-21.4403901986375,0.952704787254333
"48814",114.152369476417,-21.4403901986375,0.953015983104706
"48815",114.234685839516,-21.4403901986375,0.953265905380249
"48816",114.317002202615,-21.4403901986375,0.95358270406723
"48817",114.399318565715,-21.4403901986375,0.953918695449829
"48818",114.481634928814,-21.4403901986375,0.954310476779938
"48819",114.563951291913,-21.4403901986375,0.954894363880157
"48820",114.646267655012,-21.4403901986375,0.955529093742371
"48821",114.728584018112,-21.4403901986375,0.955934584140778
"48822",114.810900381211,-21.4403901986375,0.955798149108887
"48823",114.89321674431,-21.4403901986375,0.955282092094421
"48824",114.97553310741,-21.4403901986375,0.954654216766357
"48825",115.057849470509,-21.4403901986375,0.95393443107605
"48826",115.140165833608,-21.4403901986375,0.953148424625397
"48827",115.222482196707,-21.4403901986375,0.952302098274231
"48828",115.304798559807,-21.4403901986375,0.951384127140045
"48829",115.387114922906,-21.4403901986375,0.950474858283997
"48830",115.469431286005,-21.4403901986375,0.949639737606049
"48831",115.551747649105,-21.4403901986375,0.948870718479156
"49092",113.576154934722,-21.5227065617368,0.950832486152649
"49093",113.658471297821,-21.5227065617368,0.951481640338898
"49094",113.74078766092,-21.5227065617368,0.952069401741028
"49095",113.82310402402,-21.5227065617368,0.952563107013702
"49096",113.905420387119,-21.5227065617368,0.952925443649292
"49097",113.987736750218,-21.5227065617368,0.953330218791962
"49098",114.070053113317,-21.5227065617368,0.9535191655159
"49099",114.152369476417,-21.5227065617368,0.953710198402405
"49100",114.234685839516,-21.5227065617368,0.953840792179108
"49101",114.317002202615,-21.5227065617368,0.954044342041016
"49102",114.399318565715,-21.5227065617368,0.954207479953766
"49103",114.481634928814,-21.5227065617368,0.954453647136688
"49104",114.563951291913,-21.5227065617368,0.954803586006165
"49105",114.646267655012,-21.5227065617368,0.955345332622528
"49106",114.728584018112,-21.5227065617368,0.955702483654022
"49107",114.810900381211,-21.5227065617368,0.955746114253998
"49108",114.89321674431,-21.5227065617368,0.955430448055267
"49109",114.97553310741,-21.5227065617368,0.954942464828491
"49110",115.057849470509,-21.5227065617368,0.95432847738266
"49111",115.140165833608,-21.5227065617368,0.953583538532257
"49112",115.222482196707,-21.5227065617368,0.952823519706726
"49113",115.304798559807,-21.5227065617368,0.952036440372467
"49114",115.387114922906,-21.5227065617368,0.951180398464203
"49115",115.469431286005,-21.5227065617368,0.950408458709717
"49116",115.551747649105,-21.5227065617368,0.949490249156952
"49379",113.74078766092,-21.6050229248361,0.952962636947632
"49380",113.82310402402,-21.6050229248361,0.953379273414612
"49381",113.905420387119,-21.6050229248361,0.953691363334656
"49382",113.987736750218,-21.6050229248361,0.953896462917328
"49383",114.070053113317,-21.6050229248361,0.95407897233963
"49384",114.152369476417,-21.6050229248361,0.954146862030029
"49385",114.234685839516,-21.6050229248361,0.954205572605133
"49386",114.317002202615,-21.6050229248361,0.954326689243317
"49387",114.399318565715,-21.6050229248361,0.954377472400665
"49388",114.481634928814,-21.6050229248361,0.954434990882874
"49389",114.563951291913,-21.6050229248361,0.954384326934814
"49390",114.646267655012,-21.6050229248361,0.954359591007233
"49391",114.728584018112,-21.6050229248361,0.954810619354248
"49392",114.810900381211,-21.6050229248361,0.955221593379974
"49393",114.89321674431,-21.6050229248361,0.955169856548309
"49394",114.97553310741,-21.6050229248361,0.9548619389534
"49395",115.057849470509,-21.6050229248361,0.954384624958038
"49396",115.140165833608,-21.6050229248361,0.95381224155426
"49397",115.222482196707,-21.6050229248361,0.953138470649719
"49400",115.469431286005,-21.6050229248361,0.951004326343536
"49663",113.658471297821,-21.6873392879354,0.953472316265106
"49664",113.74078766092,-21.6873392879354,0.953722596168518
"49665",113.82310402402,-21.6873392879354,0.9540855884552
"49666",113.905420387119,-21.6873392879354,0.95428854227066
"49667",113.987736750218,-21.6873392879354,0.954400599002838
"49668",114.070053113317,-21.6873392879354,0.954441428184509
"49669",114.152369476417,-21.6873392879354,0.954410970211029
"49670",114.234685839516,-21.6873392879354,0.954455316066742
"49671",114.317002202615,-21.6873392879354,0.954571545124054
"49672",114.399318565715,-21.6873392879354,0.954623281955719
"49673",114.481634928814,-21.6873392879354,0.954504430294037
"49674",114.563951291913,-21.6873392879354,0.954355180263519
"49675",114.646267655012,-21.6873392879354,0.954383373260498
"49676",114.728584018112,-21.6873392879354,0.954647302627563
"49677",114.810900381211,-21.6873392879354,0.954892933368683
"49678",114.89321674431,-21.6873392879354,0.954818308353424
"49679",114.97553310741,-21.6873392879354,0.954549610614777
"49680",115.057849470509,-21.6873392879354,0.95421439409256
"49681",115.140165833608,-21.6873392879354,0.953726649284363
"49682",115.222482196707,-21.6873392879354,0.953210353851318
"49948",113.658471297821,-21.7696556510347,0.953904330730438
"49949",113.74078766092,-21.7696556510347,0.954246401786804
"49950",113.82310402402,-21.7696556510347,0.954554378986359
"49951",113.905420387119,-21.7696556510347,0.954745173454285
"49952",113.987736750218,-21.7696556510347,0.954792022705078
"49953",114.070053113317,-21.7696556510347,0.954647600650787
"49954",114.152369476417,-21.7696556510347,0.954536139965057
"49955",114.234685839516,-21.7696556510347,0.954598605632782
"49956",114.317002202615,-21.7696556510347,0.954764664173126
"49957",114.399318565715,-21.7696556510347,0.954844951629639
"49958",114.481634928814,-21.7696556510347,0.954725325107574
"49959",114.563951291913,-21.7696556510347,0.954549193382263
"49960",114.646267655012,-21.7696556510347,0.954417526721954
"49961",114.728584018112,-21.7696556510347,0.954431235790253
"49962",114.810900381211,-21.7696556510347,0.954500436782837
"49963",114.89321674431,-21.7696556510347,0.95457136631012
"49964",114.97553310741,-21.7696556510347,0.954279899597168
"50233",113.658471297821,-21.851972014134,0.95419055223465
"50234",113.74078766092,-21.851972014134,0.954557061195374
"50235",113.82310402402,-21.851972014134,0.954804301261902
"50236",113.905420387119,-21.851972014134,0.954930067062378
"50237",113.987736750218,-21.851972014134,0.95479941368103
"50238",114.070053113317,-21.851972014134,0.954548358917236
"50239",114.152369476417,-21.851972014134,0.954303085803986
"50240",114.234685839516,-21.851972014134,0.95450222492218
"50241",114.317002202615,-21.851972014134,0.95489102602005
"50242",114.399318565715,-21.851972014134,0.954947173595428
"50243",114.481634928814,-21.851972014134,0.954656660556793
"50244",114.563951291913,-21.851972014134,0.954297363758087
"50245",114.646267655012,-21.851972014134,0.953996419906616
"50246",114.728584018112,-21.851972014134,0.953943967819214
"50247",114.810900381211,-21.851972014134,0.95424222946167
"50517",113.576154934722,-21.9342883772333,0.953967154026031
"50518",113.658471297821,-21.9342883772333,0.954349875450134
"50519",113.74078766092,-21.9342883772333,0.954628348350525
"50520",113.82310402402,-21.9342883772333,0.954829335212708
"50521",113.905420387119,-21.9342883772333,0.954781353473663
"50522",113.987736750218,-21.9342883772333,0.95445853471756
"50523",114.070053113317,-21.9342883772333,0.953967928886414
"50524",114.152369476417,-21.9342883772333,0.953187584877014
"50525",114.234685839516,-21.9342883772333,0.953926980495453
"50526",114.317002202615,-21.9342883772333,0.954934179782867
"50527",114.399318565715,-21.9342883772333,0.954800009727478
"50528",114.481634928814,-21.9342883772333,0.954144716262817
"50529",114.563951291913,-21.9342883772333,0.953466713428497
"50802",113.576154934722,-22.0166047403325,0.953897953033447
"50803",113.658471297821,-22.0166047403325,0.954262495040894
"50804",113.74078766092,-22.0166047403325,0.95444393157959
"50805",113.82310402402,-22.0166047403325,0.954500615596771
"50806",113.905420387119,-22.0166047403325,0.954376459121704
"50807",113.987736750218,-22.0166047403325,0.953874111175537
"50808",114.070053113317,-22.0166047403325,0.952798247337341
"50809",114.152369476417,-22.0166047403325,0.950944423675537
"50810",114.234685839516,-22.0166047403325,0.95375645160675
"50811",114.317002202615,-22.0166047403325,0.954651951789856
"50812",114.399318565715,-22.0166047403325,0.953663051128387
"50813",114.481634928814,-22.0166047403325,0.95264333486557
"50814",114.563951291913,-22.0166047403325,0.951883435249329
"51086",113.493838571622,-22.0989211034318,0.953505218029022
"51087",113.576154934722,-22.0989211034318,0.953715801239014
"51088",113.658471297821,-22.0989211034318,0.953966736793518
"51089",113.74078766092,-22.0989211034318,0.954042911529541
"51090",113.82310402402,-22.0989211034318,0.953970432281494
"51091",113.905420387119,-22.0989211034318,0.953733325004578
"51092",113.987736750218,-22.0989211034318,0.953219830989838
"51093",114.070053113317,-22.0989211034318,0.952295660972595
"51094",114.152369476417,-22.0989211034318,0.951315820217133
"51095",114.234685839516,-22.0989211034318,0.952954828739166
"51096",114.317002202615,-22.0989211034318,0.952182829380035
"51097",114.399318565715,-22.0989211034318,0.950680613517761
"51098",114.481634928814,-22.0989211034318,0.949980676174164
"51099",114.563951291913,-22.0989211034318,0.949682235717773
"51371",113.493838571622,-22.1812374665311,0.953192412853241
"51372",113.576154934722,-22.1812374665311,0.953353047370911
"51373",113.658471297821,-22.1812374665311,0.953477025032043
"51374",113.74078766092,-22.1812374665311,0.953457832336426
"51375",113.82310402402,-22.1812374665311,0.953257262706757
"51376",113.905420387119,-22.1812374665311,0.952892661094666
"51377",113.987736750218,-22.1812374665311,0.952690005302429
"51379",114.152369476417,-22.1812374665311,0.950882494449615
"51380",114.234685839516,-22.1812374665311,0.949818253517151
"51381",114.317002202615,-22.1812374665311,0.9479621052742
"51382",114.399318565715,-22.1812374665311,0.947203278541565
"51383",114.481634928814,-22.1812374665311,0.947217524051666
"51656",113.493838571622,-22.2635538296304,0.95275890827179
"51657",113.576154934722,-22.2635538296304,0.95289146900177
"51658",113.658471297821,-22.2635538296304,0.952848315238953
"51659",113.74078766092,-22.2635538296304,0.952720642089844
"51660",113.82310402402,-22.2635538296304,0.952391564846039
"51663",114.070053113317,-22.2635538296304,0.949610114097595
"51664",114.152369476417,-22.2635538296304,0.948928356170654
"51665",114.234685839516,-22.2635538296304,0.947334349155426
"51666",114.317002202615,-22.2635538296304,0.945904970169067
"51667",114.399318565715,-22.2635538296304,0.945162653923035
"51668",114.481634928814,-22.2635538296304,0.945077300071716
"51669",114.563951291913,-22.2635538296304,0.945053517818451
"51941",113.493838571622,-22.3458701927297,0.952269732952118
"51942",113.576154934722,-22.3458701927297,0.952344834804535
"51943",113.658471297821,-22.3458701927297,0.952164649963379
"51944",113.74078766092,-22.3458701927297,0.951860785484314
"51945",113.82310402402,-22.3458701927297,0.951448202133179
"51948",114.070053113317,-22.3458701927297,0.948313474655151
"51949",114.152369476417,-22.3458701927297,0.947336852550507
"51950",114.234685839516,-22.3458701927297,0.945881068706512
"51951",114.317002202615,-22.3458701927297,0.944694459438324
"51952",114.399318565715,-22.3458701927297,0.94401615858078
"51953",114.481634928814,-22.3458701927297,0.943907558917999
"51954",114.563951291913,-22.3458701927297,0.944102823734283
"52225",113.411522208523,-22.428186555829,0.951731324195862
"52226",113.493838571622,-22.428186555829,0.951799213886261
"52227",113.576154934722,-22.428186555829,0.951697111129761
"52228",113.658471297821,-22.428186555829,0.951443910598755
"52229",113.74078766092,-22.428186555829,0.951058268547058
"52233",114.070053113317,-22.428186555829,0.947400391101837
"52234",114.152369476417,-22.428186555829,0.94625335931778
"52235",114.234685839516,-22.428186555829,0.944980621337891
"52236",114.317002202615,-22.428186555829,0.943946957588196
"52237",114.399318565715,-22.428186555829,0.943398416042328
"52508",113.246889482325,-22.5105029189282,0.951268434524536
"52509",113.329205845424,-22.5105029189282,0.951337158679962
"52510",113.411522208523,-22.5105029189282,0.951385974884033
"52511",113.493838571622,-22.5105029189282,0.95129656791687
"52512",113.576154934722,-22.5105029189282,0.951093435287476
"52513",113.658471297821,-22.5105029189282,0.950747966766357
"52514",113.74078766092,-22.5105029189282,0.95033848285675
"52519",114.152369476417,-22.5105029189282,0.945563137531281
"52520",114.234685839516,-22.5105029189282,0.94446861743927
"52521",114.317002202615,-22.5105029189282,0.943644881248474
"52793",113.246889482325,-22.5928192820275,0.951001942157745
"52794",113.329205845424,-22.5928192820275,0.951070487499237
"52795",113.411522208523,-22.5928192820275,0.951006412506104
"52796",113.493838571622,-22.5928192820275,0.950836896896362
"52797",113.576154934722,-22.5928192820275,0.950563311576843
"52798",113.658471297821,-22.5928192820275,0.950140118598938
"52799",113.74078766092,-22.5928192820275,0.949561059474945
"52800",113.82310402402,-22.5928192820275,0.94917494058609
"52804",114.152369476417,-22.5928192820275,0.945190846920013
"52805",114.234685839516,-22.5928192820275,0.944267868995667
"53075",112.999940393027,-22.6751356451268,0.950279951095581
"53076",113.082256756126,-22.6751356451268,0.950598001480103
"53077",113.164573119225,-22.6751356451268,0.950771570205688
"53078",113.246889482325,-22.6751356451268,0.950870931148529
"53079",113.329205845424,-22.6751356451268,0.950832307338715
"53080",113.411522208523,-22.6751356451268,0.950702667236328
"53081",113.493838571622,-22.6751356451268,0.950485289096832
"53082",113.576154934722,-22.6751356451268,0.950136780738831
"53083",113.658471297821,-22.6751356451268,0.949698448181152
"53084",113.74078766092,-22.6751356451268,0.94913375377655
"53359",112.917624029927,-22.7574520082261,0.950133562088013
"53360",112.999940393027,-22.7574520082261,0.950340747833252
"53361",113.082256756126,-22.7574520082261,0.950574278831482
"53362",113.164573119225,-22.7574520082261,0.950718104839325
"53363",113.246889482325,-22.7574520082261,0.950727522373199
"53364",113.329205845424,-22.7574520082261,0.950611889362335
"53365",113.411522208523,-22.7574520082261,0.950487494468689
"53366",113.493838571622,-22.7574520082261,0.950228035449982
"53367",113.576154934722,-22.7574520082261,0.949804365634918
"53368",113.658471297821,-22.7574520082261,0.949350595474243
"53369",113.74078766092,-22.7574520082261,0.948788642883301
"53643",112.835307666828,-22.8397683713254,0.950080215930939
"53644",112.917624029927,-22.8397683713254,0.950237452983856
"53645",112.999940393027,-22.8397683713254,0.95046591758728
"53646",113.082256756126,-22.8397683713254,0.950579822063446
"53647",113.164573119225,-22.8397683713254,0.950626492500305
"53648",113.246889482325,-22.8397683713254,0.95062118768692
"53649",113.329205845424,-22.8397683713254,0.950581908226013
"53650",113.411522208523,-22.8397683713254,0.950374245643616
"53651",113.493838571622,-22.8397683713254,0.950067639350891
"53652",113.576154934722,-22.8397683713254,0.949652969837189
"53653",113.658471297821,-22.8397683713254,0.949189305305481
"53654",113.74078766092,-22.8397683713254,0.948616683483124
"53655",113.82310402402,-22.8397683713254,0.948096990585327
"53928",112.835307666828,-22.9220847344247,0.95025509595871
"53929",112.917624029927,-22.9220847344247,0.950432300567627
"53930",112.999940393027,-22.9220847344247,0.95063054561615
"53931",113.082256756126,-22.9220847344247,0.95071542263031
"53932",113.164573119225,-22.9220847344247,0.950723767280579
"53933",113.246889482325,-22.9220847344247,0.950650215148926
"53934",113.329205845424,-22.9220847344247,0.95051246881485
"53935",113.411522208523,-22.9220847344247,0.950304508209229
"53936",113.493838571622,-22.9220847344247,0.950017213821411
"53937",113.576154934722,-22.9220847344247,0.949605345726013
"53938",113.658471297821,-22.9220847344247,0.949131727218628
"53939",113.74078766092,-22.9220847344247,0.948646068572998
"53940",113.82310402402,-22.9220847344247,0.948057293891907
"54213",112.835307666828,-23.004401097524,0.950451076030731
"54214",112.917624029927,-23.004401097524,0.950643479824066
"54215",112.999940393027,-23.004401097524,0.950779139995575
"54216",113.082256756126,-23.004401097524,0.950827360153198
"54217",113.164573119225,-23.004401097524,0.950850188732147
"54218",113.246889482325,-23.004401097524,0.950791776180267
"54219",113.329205845424,-23.004401097524,0.950589895248413
"54220",113.411522208523,-23.004401097524,0.950344800949097
"54221",113.493838571622,-23.004401097524,0.950059771537781
"54222",113.576154934722,-23.004401097524,0.949686884880066
"54223",113.658471297821,-23.004401097524,0.949270784854889
"54224",113.74078766092,-23.004401097524,0.948780536651611
"54225",113.82310402402,-23.004401097524,0.948372602462769
"54497",112.752991303729,-23.0867174606232,0.950509190559387
"54498",112.835307666828,-23.0867174606232,0.950691103935242
"54499",112.917624029927,-23.0867174606232,0.950912833213806
"54500",112.999940393027,-23.0867174606232,0.950963795185089
"54501",113.082256756126,-23.0867174606232,0.950981259346008
"54502",113.164573119225,-23.0867174606232,0.951062202453613
"54503",113.246889482325,-23.0867174606232,0.950939893722534
"54504",113.329205845424,-23.0867174606232,0.950760543346405
"54505",113.411522208523,-23.0867174606232,0.950526714324951
"54506",113.493838571622,-23.0867174606232,0.950235605239868
"54507",113.576154934722,-23.0867174606232,0.949892282485962
"54508",113.658471297821,-23.0867174606232,0.949517667293549
"54509",113.74078766092,-23.0867174606232,0.94907945394516
"54510",113.82310402402,-23.0867174606232,0.948764324188232
"54781",112.67067494063,-23.1690338237225,0.950588166713715
"54782",112.752991303729,-23.1690338237225,0.950842976570129
"54783",112.835307666828,-23.1690338237225,0.951086342334747
"54784",112.917624029927,-23.1690338237225,0.951258599758148
"54785",112.999940393027,-23.1690338237225,0.951327085494995
"54786",113.082256756126,-23.1690338237225,0.95133638381958
"54787",113.164573119225,-23.1690338237225,0.951357185840607
"54788",113.246889482325,-23.1690338237225,0.951214969158173
"54789",113.329205845424,-23.1690338237225,0.951062321662903
"54790",113.411522208523,-23.1690338237225,0.950820326805115
"54791",113.493838571622,-23.1690338237225,0.950566470623016
"54792",113.576154934722,-23.1690338237225,0.950221300125122
"54793",113.658471297821,-23.1690338237225,0.949881315231323
"54794",113.74078766092,-23.1690338237225,0.949486374855042
"54795",113.82310402402,-23.1690338237225,0.949178278446198
"54796",113.905420387119,-23.1690338237225,0.949097454547882
"55065",112.58835857753,-23.2513501868218,0.950829982757568
"55066",112.67067494063,-23.2513501868218,0.951020896434784
"55067",112.752991303729,-23.2513501868218,0.951304256916046
"55068",112.835307666828,-23.2513501868218,0.951516211032867
"55069",112.917624029927,-23.2513501868218,0.951669752597809
"55070",112.999940393027,-23.2513501868218,0.951705873012543
"55071",113.082256756126,-23.2513501868218,0.951672434806824
"55072",113.164573119225,-23.2513501868218,0.951639473438263
"55073",113.246889482325,-23.2513501868218,0.951580345630646
"55074",113.329205845424,-23.2513501868218,0.951437473297119
"55075",113.411522208523,-23.2513501868218,0.951231777667999
"55076",113.493838571622,-23.2513501868218,0.950972855091095
"55077",113.576154934722,-23.2513501868218,0.950647294521332
"55078",113.658471297821,-23.2513501868218,0.950316548347473
"55079",113.74078766092,-23.2513501868218,0.950007081031799
"55080",113.82310402402,-23.2513501868218,0.949675858020782
"55350",112.58835857753,-23.3336665499211,0.951295375823975
"55351",112.67067494063,-23.3336665499211,0.951513528823853
"55352",112.752991303729,-23.3336665499211,0.951772332191467
"55353",112.835307666828,-23.3336665499211,0.951972961425781
"55354",112.917624029927,-23.3336665499211,0.952113330364227
"55355",112.999940393027,-23.3336665499211,0.952178359031677
"55356",113.082256756126,-23.3336665499211,0.952165246009827
"55357",113.164573119225,-23.3336665499211,0.952118396759033
"55358",113.246889482325,-23.3336665499211,0.952031672000885
"55359",113.329205845424,-23.3336665499211,0.95189493894577
"55360",113.411522208523,-23.3336665499211,0.951687693595886
"55361",113.493838571622,-23.3336665499211,0.951468825340271
"55362",113.576154934722,-23.3336665499211,0.95123153924942
"55363",113.658471297821,-23.3336665499211,0.950898587703705
"55364",113.74078766092,-23.3336665499211,0.950638890266418
"55365",113.82310402402,-23.3336665499211,0.950433552265167
"55634",112.506042214431,-23.4159829130204,0.951472342014313
"55635",112.58835857753,-23.4159829130204,0.951776266098022
"55636",112.67067494063,-23.4159829130204,0.952093064785004
"55637",112.752991303729,-23.4159829130204,0.952338039875031
"55638",112.835307666828,-23.4159829130204,0.952515542507172
"55639",112.917624029927,-23.4159829130204,0.952604711055756
"55640",112.999940393027,-23.4159829130204,0.952695190906525
"55641",113.082256756126,-23.4159829130204,0.952717483043671
"55642",113.164573119225,-23.4159829130204,0.952659487724304
"55643",113.246889482325,-23.4159829130204,0.952549695968628
"55644",113.329205845424,-23.4159829130204,0.952408194541931
"55645",113.411522208523,-23.4159829130204,0.952226996421814
"55646",113.493838571622,-23.4159829130204,0.952070355415344
"55647",113.576154934722,-23.4159829130204,0.951865971088409
"55648",113.658471297821,-23.4159829130204,0.951635122299194
"55649",113.74078766092,-23.4159829130204,0.951375007629395
"55650",113.82310402402,-23.4159829130204,0.951213121414185
"55917",112.341409488233,-23.4982992761197,0.951242923736572
"55918",112.423725851332,-23.4982992761197,0.951673626899719
"55919",112.506042214431,-23.4982992761197,0.952043950557709
"55920",112.58835857753,-23.4982992761197,0.952425301074982
"55921",112.67067494063,-23.4982992761197,0.952739596366882
"55922",112.752991303729,-23.4982992761197,0.952964782714844
"55923",112.835307666828,-23.4982992761197,0.95311975479126
"55924",112.917624029927,-23.4982992761197,0.953171730041504
"55925",112.999940393027,-23.4982992761197,0.953292906284332
"55926",113.082256756126,-23.4982992761197,0.953314244747162
"55927",113.164573119225,-23.4982992761197,0.953239619731903
"55928",113.246889482325,-23.4982992761197,0.953153073787689
"55929",113.329205845424,-23.4982992761197,0.953072071075439
"55930",113.411522208523,-23.4982992761197,0.952918589115143
"55931",113.493838571622,-23.4982992761197,0.952784240245819
"55932",113.576154934722,-23.4982992761197,0.952654957771301
"55933",113.658471297821,-23.4982992761197,0.952438950538635
"55934",113.74078766092,-23.4982992761197,0.952258765697479
"55935",113.82310402402,-23.4982992761197,0.952099919319153
"56200",112.176776762034,-23.5806156392189,0.951442658901215
"56201",112.259093125133,-23.5806156392189,0.951672792434692
"56202",112.341409488233,-23.5806156392189,0.951970219612122
"56203",112.423725851332,-23.5806156392189,0.952408373355865
"56204",112.506042214431,-23.5806156392189,0.952785789966583
"56205",112.58835857753,-23.5806156392189,0.953124940395355
"56206",112.67067494063,-23.5806156392189,0.953384220600128
"56207",112.752991303729,-23.5806156392189,0.953620254993439
"56208",112.835307666828,-23.5806156392189,0.953785181045532
"56209",112.917624029927,-23.5806156392189,0.953849256038666
"56210",112.999940393027,-23.5806156392189,0.953959226608276
"56211",113.082256756126,-23.5806156392189,0.953965067863464
"56212",113.164573119225,-23.5806156392189,0.953974306583405
"56213",113.246889482325,-23.5806156392189,0.953865051269531
"56214",113.329205845424,-23.5806156392189,0.953822791576385
"56215",113.411522208523,-23.5806156392189,0.953673779964447
"56216",113.493838571622,-23.5806156392189,0.953549981117249
"56217",113.576154934722,-23.5806156392189,0.953395664691925
"56218",113.658471297821,-23.5806156392189,0.953279674053192
"56219",113.74078766092,-23.5806156392189,0.953228056430817
"56220",113.82310402402,-23.5806156392189,0.953094005584717
"56485",112.176776762034,-23.6629320023182,0.951869070529938
"56486",112.259093125133,-23.6629320023182,0.952251017093658
"56487",112.341409488233,-23.6629320023182,0.952742576599121
"56488",112.423725851332,-23.6629320023182,0.953162491321564
"56489",112.506042214431,-23.6629320023182,0.953526139259338
"56490",112.58835857753,-23.6629320023182,0.953846037387848
"56491",112.67067494063,-23.6629320023182,0.954110622406006
"56492",112.752991303729,-23.6629320023182,0.954329669475555
"56493",112.835307666828,-23.6629320023182,0.954491913318634
"56494",112.917624029927,-23.6629320023182,0.95459246635437
"56495",112.999940393027,-23.6629320023182,0.954675495624542
"56496",113.082256756126,-23.6629320023182,0.954726934432983
"56497",113.164573119225,-23.6629320023182,0.954710006713867
"56498",113.246889482325,-23.6629320023182,0.954649209976196
"56499",113.329205845424,-23.6629320023182,0.954629361629486
"56500",113.411522208523,-23.6629320023182,0.954513967037201
"56501",113.493838571622,-23.6629320023182,0.954422175884247
"56502",113.576154934722,-23.6629320023182,0.954366683959961
"56503",113.658471297821,-23.6629320023182,0.954278886318207
"56769",112.094460398935,-23.7452483654175,0.952132642269135
"56770",112.176776762034,-23.7452483654175,0.952568054199219
"56771",112.259093125133,-23.7452483654175,0.953077137470245
"56772",112.341409488233,-23.7452483654175,0.953561127185822
"56773",112.423725851332,-23.7452483654175,0.953938841819763
"56774",112.506042214431,-23.7452483654175,0.954296171665192
"56775",112.58835857753,-23.7452483654175,0.95464015007019
"56776",112.67067494063,-23.7452483654175,0.954897701740265
"56777",112.752991303729,-23.7452483654175,0.955107867717743
"56778",112.835307666828,-23.7452483654175,0.955260932445526
"56779",112.917624029927,-23.7452483654175,0.955373883247375
"56780",112.999940393027,-23.7452483654175,0.95546567440033
"56781",113.082256756126,-23.7452483654175,0.955476224422455
"56782",113.164573119225,-23.7452483654175,0.955511569976807
"56783",113.246889482325,-23.7452483654175,0.955514192581177
"56784",113.329205845424,-23.7452483654175,0.955477893352509
"56785",113.411522208523,-23.7452483654175,0.95538991689682
"56786",113.493838571622,-23.7452483654175,0.955389678478241
"56787",113.576154934722,-23.7452483654175,0.955342710018158
"57054",112.094460398935,-23.8275647285168,0.952833712100983
"57055",112.176776762034,-23.8275647285168,0.953386187553406
"57056",112.259093125133,-23.8275647285168,0.953940212726593
"57057",112.341409488233,-23.8275647285168,0.954372525215149
"57058",112.423725851332,-23.8275647285168,0.954789698123932
"57059",112.506042214431,-23.8275647285168,0.955130159854889
"57060",112.58835857753,-23.8275647285168,0.955447316169739
"57061",112.67067494063,-23.8275647285168,0.955737352371216
"57062",112.752991303729,-23.8275647285168,0.955929100513458
"57063",112.835307666828,-23.8275647285168,0.956100881099701
"57064",112.917624029927,-23.8275647285168,0.956209242343903
"57065",112.999940393027,-23.8275647285168,0.956309199333191
"57066",113.082256756126,-23.8275647285168,0.956412136554718
"57067",113.164573119225,-23.8275647285168,0.956446528434753
"57068",113.246889482325,-23.8275647285168,0.956441760063171
"57069",113.329205845424,-23.8275647285168,0.956428110599518
"57070",113.411522208523,-23.8275647285168,0.956435441970825
"57071",113.493838571622,-23.8275647285168,0.956434607505798
"57072",113.576154934722,-23.8275647285168,0.956381380558014
"57337",111.929827672736,-23.9098810916161,0.952909529209137
"57338",112.012144035835,-23.9098810916161,0.95324432849884
"57339",112.094460398935,-23.9098810916161,0.953728079795837
"57340",112.176776762034,-23.9098810916161,0.954264342784882
"57341",112.259093125133,-23.9098810916161,0.954808592796326
"57342",112.341409488233,-23.9098810916161,0.955288529396057
"57343",112.423725851332,-23.9098810916161,0.955650269985199
"57344",112.506042214431,-23.9098810916161,0.956051766872406
"57345",112.58835857753,-23.9098810916161,0.956333518028259
"57346",112.67067494063,-23.9098810916161,0.956627070903778
"57347",112.752991303729,-23.9098810916161,0.956828534603119
"57348",112.835307666828,-23.9098810916161,0.95698493719101
"57349",112.917624029927,-23.9098810916161,0.957150220870972
"57350",112.999940393027,-23.9098810916161,0.957293927669525
"57351",113.082256756126,-23.9098810916161,0.957374036312103
"57352",113.164573119225,-23.9098810916161,0.957419276237488
"57353",113.246889482325,-23.9098810916161,0.957449197769165
"57354",113.329205845424,-23.9098810916161,0.957489669322968
"57355",113.411522208523,-23.9098810916161,0.957522630691528
"57356",113.493838571622,-23.9098810916161,0.957475662231445
"57357",113.576154934722,-23.9098810916161,0.957450330257416
"57622",111.929827672736,-23.9921974547154,0.953646719455719
"57623",112.012144035835,-23.9921974547154,0.954063236713409
"57624",112.094460398935,-23.9921974547154,0.954678475856781
"57625",112.176776762034,-23.9921974547154,0.95520955324173
"57626",112.259093125133,-23.9921974547154,0.955705046653748
"57627",112.341409488233,-23.9921974547154,0.956160426139832
"57628",112.423725851332,-23.9921974547154,0.9565549492836
"57629",112.506042214431,-23.9921974547154,0.956974267959595
"57630",112.58835857753,-23.9921974547154,0.957278251647949
"57631",112.67067494063,-23.9921974547154,0.957581579685211
"57632",112.752991303729,-23.9921974547154,0.957806587219238
"57633",112.835307666828,-23.9921974547154,0.957947015762329
"57634",112.917624029927,-23.9921974547154,0.958143591880798
"57635",112.999940393027,-23.9921974547154,0.95825457572937
"57636",113.082256756126,-23.9921974547154,0.958354771137238
"57637",113.164573119225,-23.9921974547154,0.958445370197296
"57638",113.246889482325,-23.9921974547154,0.958508729934692
"57639",113.329205845424,-23.9921974547154,0.958556532859802
"57640",113.411522208523,-23.9921974547154,0.958588004112244
"57641",113.493838571622,-23.9921974547154,0.958591163158417
"57906",111.847511309637,-24.0745138178147,0.953793704509735
"57907",111.929827672736,-24.0745138178147,0.954458594322205
"57908",112.012144035835,-24.0745138178147,0.955037832260132
"57909",112.094460398935,-24.0745138178147,0.955669641494751
"57910",112.176776762034,-24.0745138178147,0.956196904182434
"57911",112.259093125133,-24.0745138178147,0.956701159477234
"57912",112.341409488233,-24.0745138178147,0.957128465175629
"57913",112.423725851332,-24.0745138178147,0.957517325878143
"57914",112.506042214431,-24.0745138178147,0.957911133766174
"57915",112.58835857753,-24.0745138178147,0.958243846893311
"57916",112.67067494063,-24.0745138178147,0.95853465795517
"57917",112.752991303729,-24.0745138178147,0.958752751350403
"57918",112.835307666828,-24.0745138178147,0.958990037441254
"57919",112.917624029927,-24.0745138178147,0.959153294563293
"57920",112.999940393027,-24.0745138178147,0.959276437759399
"57921",113.082256756126,-24.0745138178147,0.959448873996735
"57922",113.164573119225,-24.0745138178147,0.959516406059265
"57923",113.246889482325,-24.0745138178147,0.959620594978333
"57924",113.329205845424,-24.0745138178147,0.959689378738403
"57925",113.411522208523,-24.0745138178147,0.959718942642212
"57926",113.493838571622,-24.0745138178147,0.959782540798187
"58191",111.847511309637,-24.1568301809139,0.954771041870117
"58192",111.929827672736,-24.1568301809139,0.955428838729858
"58193",112.012144035835,-24.1568301809139,0.956050872802734
"58194",112.094460398935,-24.1568301809139,0.956649601459503
"58195",112.176776762034,-24.1568301809139,0.957210123538971
"58196",112.259093125133,-24.1568301809139,0.957715809345245
"58197",112.341409488233,-24.1568301809139,0.958148896694183
"58198",112.423725851332,-24.1568301809139,0.958546459674835
"58199",112.506042214431,-24.1568301809139,0.95892345905304
"58200",112.58835857753,-24.1568301809139,0.959253430366516
"58201",112.67067494063,-24.1568301809139,0.959542274475098
"58202",112.752991303729,-24.1568301809139,0.959802806377411
"58203",112.835307666828,-24.1568301809139,0.960049033164978
"58204",112.917624029927,-24.1568301809139,0.960244953632355
"58205",112.999940393027,-24.1568301809139,0.960430264472961
"58206",113.082256756126,-24.1568301809139,0.960570991039276
"58207",113.164573119225,-24.1568301809139,0.960650265216827
"58208",113.246889482325,-24.1568301809139,0.960765302181244
"58209",113.329205845424,-24.1568301809139,0.960906505584717
"58210",113.411522208523,-24.1568301809139,0.961018681526184
"58211",113.493838571622,-24.1568301809139,0.961078524589539
"58475",111.765194946538,-24.2391465440132,0.955037117004395
"58476",111.847511309637,-24.2391465440132,0.955774426460266
"58477",111.929827672736,-24.2391465440132,0.956467270851135
"58478",112.012144035835,-24.2391465440132,0.957094967365265
"58479",112.094460398935,-24.2391465440132,0.95768791437149
"58480",112.176776762034,-24.2391465440132,0.958267986774445
"58481",112.259093125133,-24.2391465440132,0.958761870861053
"58482",112.341409488233,-24.2391465440132,0.959154784679413
"58483",112.423725851332,-24.2391465440132,0.95959347486496
"58484",112.506042214431,-24.2391465440132,0.959970533847809
"58485",112.58835857753,-24.2391465440132,0.960339665412903
"58486",112.67067494063,-24.2391465440132,0.960665106773376
"58487",112.752991303729,-24.2391465440132,0.960900664329529
"58488",112.835307666828,-24.2391465440132,0.96112197637558
"58489",112.917624029927,-24.2391465440132,0.96134614944458
"58490",112.999940393027,-24.2391465440132,0.961547672748566
"58491",113.082256756126,-24.2391465440132,0.961724400520325
"58492",113.164573119225,-24.2391465440132,0.961856365203857
"58493",113.246889482325,-24.2391465440132,0.961994051933289
"58494",113.329205845424,-24.2391465440132,0.962143123149872
"58495",113.411522208523,-24.2391465440132,0.962232172489166
"58496",113.493838571622,-24.2391465440132,0.962341606616974
"58759",111.682878583438,-24.3214629071125,0.955413699150085
"58760",111.765194946538,-24.3214629071125,0.956107318401337
"58761",111.847511309637,-24.3214629071125,0.956821918487549
"58762",111.929827672736,-24.3214629071125,0.957491815090179
"58763",112.012144035835,-24.3214629071125,0.958135068416595
"58764",112.094460398935,-24.3214629071125,0.958748281002045
"58765",112.176776762034,-24.3214629071125,0.959315299987793
"58766",112.259093125133,-24.3214629071125,0.959855377674103
"58767",112.341409488233,-24.3214629071125,0.960289120674133
"58768",112.423725851332,-24.3214629071125,0.960750758647919
"58769",112.506042214431,-24.3214629071125,0.961077332496643
"58770",112.58835857753,-24.3214629071125,0.961452186107635
"58771",112.67067494063,-24.3214629071125,0.961810350418091
"58772",112.752991303729,-24.3214629071125,0.962084889411926
"58773",112.835307666828,-24.3214629071125,0.962329745292664
"58774",112.917624029927,-24.3214629071125,0.962526679039001
"58775",112.999940393027,-24.3214629071125,0.962765455245972
"58776",113.082256756126,-24.3214629071125,0.962957799434662
"58777",113.164573119225,-24.3214629071125,0.963099002838135
"58778",113.246889482325,-24.3214629071125,0.963281512260437
"58779",113.329205845424,-24.3214629071125,0.96343070268631
"58780",113.411522208523,-24.3214629071125,0.963485717773438
"59045",111.765194946538,-24.4037792702118,0.957479059696198
"59046",111.847511309637,-24.4037792702118,0.95790022611618
"59047",111.929827672736,-24.4037792702118,0.958592176437378
"59048",112.012144035835,-24.4037792702118,0.959230840206146
"59049",112.094460398935,-24.4037792702118,0.959807395935059
"59050",112.176776762034,-24.4037792702118,0.96038031578064
"59051",112.259093125133,-24.4037792702118,0.960923969745636
"59052",112.341409488233,-24.4037792702118,0.961395025253296
"59053",112.423725851332,-24.4037792702118,0.961857736110687
"59054",112.506042214431,-24.4037792702118,0.962266743183136
"59055",112.58835857753,-24.4037792702118,0.962614476680756
"59056",112.67067494063,-24.4037792702118,0.962932467460632
"59057",112.752991303729,-24.4037792702118,0.963253259658813
"59058",112.835307666828,-24.4037792702118,0.963489353656769
"59059",112.917624029927,-24.4037792702118,0.963747501373291
"59060",112.999940393027,-24.4037792702118,0.963991463184357
"59061",113.082256756126,-24.4037792702118,0.964202463626862
"59062",113.164573119225,-24.4037792702118,0.964392244815826
"59063",113.246889482325,-24.4037792702118,0.964558601379395
"59064",113.329205845424,-24.4037792702118,0.964737415313721
"59065",113.411522208523,-24.4037792702118,0.96485960483551
"59329",111.682878583438,-24.4860956333111,0.957556843757629
"59330",111.765194946538,-24.4860956333111,0.958300232887268
"59331",111.847511309637,-24.4860956333111,0.95903080701828
"59332",111.929827672736,-24.4860956333111,0.959731936454773
"59333",112.012144035835,-24.4860956333111,0.960354328155518
"59334",112.094460398935,-24.4860956333111,0.960935831069946
"59335",112.176776762034,-24.4860956333111,0.961492598056793
"59336",112.259093125133,-24.4860956333111,0.962040901184082
"59337",112.341409488233,-24.4860956333111,0.962554037570953
"59338",112.423725851332,-24.4860956333111,0.963005185127258
"59339",112.506042214431,-24.4860956333111,0.963411152362823
"59340",112.58835857753,-24.4860956333111,0.963792383670807
"59341",112.67067494063,-24.4860956333111,0.964113414287567
"59342",112.752991303729,-24.4860956333111,0.964467525482178
"59343",112.835307666828,-24.4860956333111,0.964757442474365
"59344",112.917624029927,-24.4860956333111,0.965044677257538
"59345",112.999940393027,-24.4860956333111,0.965274453163147
"59346",113.082256756126,-24.4860956333111,0.965495526790619
"59347",113.164573119225,-24.4860956333111,0.965739965438843
"59348",113.246889482325,-24.4860956333111,0.965903580188751
"59349",113.329205845424,-24.4860956333111,0.966086328029633
"59350",113.411522208523,-24.4860956333111,0.966306090354919
"59351",113.493838571622,-24.4860956333111,0.966473162174225
"59614",111.682878583438,-24.5684119964104,0.958671152591705
"59615",111.765194946538,-24.5684119964104,0.959421873092651
"59616",111.847511309637,-24.5684119964104,0.960183501243591
"59617",111.929827672736,-24.5684119964104,0.960876524448395
"59618",112.012144035835,-24.5684119964104,0.961485147476196
"59619",112.094460398935,-24.5684119964104,0.962125778198242
"59620",112.176776762034,-24.5684119964104,0.962661623954773
"59621",112.259093125133,-24.5684119964104,0.963198602199554
"59622",112.341409488233,-24.5684119964104,0.963710367679596
"59623",112.423725851332,-24.5684119964104,0.964195847511292
"59624",112.506042214431,-24.5684119964104,0.964627861976624
"59625",112.58835857753,-24.5684119964104,0.965023458003998
"59626",112.67067494063,-24.5684119964104,0.965383350849152
"59627",112.752991303729,-24.5684119964104,0.965723633766174
"59628",112.835307666828,-24.5684119964104,0.966013550758362
"59629",112.917624029927,-24.5684119964104,0.966326415538788
"59630",112.999940393027,-24.5684119964104,0.966625452041626
"59631",113.082256756126,-24.5684119964104,0.966875553131104
"59632",113.164573119225,-24.5684119964104,0.967104971408844
"59633",113.246889482325,-24.5684119964104,0.967308461666107
"59634",113.329205845424,-24.5684119964104,0.967548429965973
"59635",113.411522208523,-24.5684119964104,0.967787504196167
"59636",113.493838571622,-24.5684119964104,0.968103408813477
"59899",111.682878583438,-24.6507283595096,0.95977258682251
"59900",111.765194946538,-24.6507283595096,0.960558295249939
"59901",111.847511309637,-24.6507283595096,0.961290597915649
"59902",111.929827672736,-24.6507283595096,0.962015748023987
"59903",112.012144035835,-24.6507283595096,0.962667763233185
"59904",112.094460398935,-24.6507283595096,0.963299810886383
"59905",112.176776762034,-24.6507283595096,0.963850200176239
"59906",112.259093125133,-24.6507283595096,0.964407861232758
"59907",112.341409488233,-24.6507283595096,0.96491551399231
"59908",112.423725851332,-24.6507283595096,0.965380191802979
"59909",112.506042214431,-24.6507283595096,0.96587198972702
"59910",112.58835857753,-24.6507283595096,0.966292381286621
"59911",112.67067494063,-24.6507283595096,0.966694593429565
"59912",112.752991303729,-24.6507283595096,0.967043578624725
"59913",112.835307666828,-24.6507283595096,0.967367589473724
"59914",112.917624029927,-24.6507283595096,0.967710852622986
"59915",112.999940393027,-24.6507283595096,0.967999041080475
"59916",113.082256756126,-24.6507283595096,0.968277037143707
"59917",113.164573119225,-24.6507283595096,0.968500375747681
"59918",113.246889482325,-24.6507283595096,0.968722581863403
"59919",113.329205845424,-24.6507283595096,0.968969583511353
"59920",113.411522208523,-24.6507283595096,0.969241917133331
"59921",113.493838571622,-24.6507283595096,0.969508171081543
"59922",113.576154934722,-24.6507283595096,0.970027506351471
"60183",111.600562220339,-24.7330447226089,0.960485994815826
"60184",111.682878583438,-24.7330447226089,0.960916936397552
"60185",111.765194946538,-24.7330447226089,0.961708128452301
"60186",111.847511309637,-24.7330447226089,0.962453901767731
"60187",111.929827672736,-24.7330447226089,0.963173270225525
"60188",112.012144035835,-24.7330447226089,0.963862478733063
"60189",112.094460398935,-24.7330447226089,0.964489817619324
"60190",112.176776762034,-24.7330447226089,0.965090095996857
"60191",112.259093125133,-24.7330447226089,0.965625882148743
"60192",112.341409488233,-24.7330447226089,0.966094255447388
"60193",112.423725851332,-24.7330447226089,0.966685652732849
"60194",112.506042214431,-24.7330447226089,0.967185497283936
"60195",112.58835857753,-24.7330447226089,0.967583894729614
"60196",112.67067494063,-24.7330447226089,0.967998147010803
"60197",112.752991303729,-24.7330447226089,0.968406677246094
"60198",112.835307666828,-24.7330447226089,0.968745231628418
"60199",112.917624029927,-24.7330447226089,0.969056367874146
"60200",112.999940393027,-24.7330447226089,0.969383299350739
"60201",113.082256756126,-24.7330447226089,0.969693064689636
"60202",113.164573119225,-24.7330447226089,0.969964981079102
"60203",113.246889482325,-24.7330447226089,0.97024130821228
"60204",113.329205845424,-24.7330447226089,0.970507860183716
"60205",113.411522208523,-24.7330447226089,0.970731377601624
"60206",113.493838571622,-24.7330447226089,0.971042394638062
"60207",113.576154934722,-24.7330447226089,0.971299409866333
"60208",113.658471297821,-24.7330447226089,0.972073197364807
"60468",111.600562220339,-24.8153610857082,0.961499154567719
"60469",111.682878583438,-24.8153610857082,0.96212637424469
"60470",111.765194946538,-24.8153610857082,0.962922751903534
"60471",111.847511309637,-24.8153610857082,0.963651299476624
"60472",111.929827672736,-24.8153610857082,0.964363932609558
"60473",112.012144035835,-24.8153610857082,0.965056240558624
"60474",112.094460398935,-24.8153610857082,0.965704381465912
"60475",112.176776762034,-24.8153610857082,0.966309309005737
"60476",112.259093125133,-24.8153610857082,0.966855525970459
"60477",112.341409488233,-24.8153610857082,0.967411279678345
"60478",112.423725851332,-24.8153610857082,0.967995882034302
"60479",112.506042214431,-24.8153610857082,0.968492150306702
"60480",112.58835857753,-24.8153610857082,0.968929588794708
"60481",112.67067494063,-24.8153610857082,0.969329178333282
"60482",112.752991303729,-24.8153610857082,0.969701647758484
"60483",112.835307666828,-24.8153610857082,0.970119893550873
"60484",112.917624029927,-24.8153610857082,0.970458209514618
"60485",112.999940393027,-24.8153610857082,0.970795273780823
"60486",113.082256756126,-24.8153610857082,0.971134781837463
"60487",113.164573119225,-24.8153610857082,0.971447467803955
"60488",113.246889482325,-24.8153610857082,0.971735954284668
"60489",113.329205845424,-24.8153610857082,0.971947491168976
"60490",113.411522208523,-24.8153610857082,0.97225296497345
"60491",113.493838571622,-24.8153610857082,0.972590267658234
"60492",113.576154934722,-24.8153610857082,0.972854733467102
"60493",113.658471297821,-24.8153610857082,0.973212242126465
"60753",111.600562220339,-24.8976774488075,0.962482392787933
"60754",111.682878583438,-24.8976774488075,0.963337004184723
"60755",111.765194946538,-24.8976774488075,0.964125692844391
"60756",111.847511309637,-24.8976774488075,0.96480655670166
"60757",111.929827672736,-24.8976774488075,0.965578138828278
"60758",112.012144035835,-24.8976774488075,0.966274440288544
"60759",112.094460398935,-24.8976774488075,0.966903388500214
"60760",112.176776762034,-24.8976774488075,0.967532217502594
"60761",112.259093125133,-24.8976774488075,0.968163728713989
"60762",112.341409488233,-24.8976774488075,0.96873927116394
"60763",112.423725851332,-24.8976774488075,0.969259738922119
"60764",112.506042214431,-24.8976774488075,0.96978235244751
"60765",112.58835857753,-24.8976774488075,0.970234513282776
"60766",112.67067494063,-24.8976774488075,0.970695555210114
"60767",112.752991303729,-24.8976774488075,0.97116607427597
"60768",112.835307666828,-24.8976774488075,0.971523702144623
"60769",112.917624029927,-24.8976774488075,0.971872568130493
"60770",112.999940393027,-24.8976774488075,0.972243964672089
"60771",113.082256756126,-24.8976774488075,0.972607135772705
"60772",113.164573119225,-24.8976774488075,0.97290974855423
"60773",113.246889482325,-24.8976774488075,0.973192751407623
"60774",113.329205845424,-24.8976774488075,0.973519921302795
"60775",113.411522208523,-24.8976774488075,0.973828136920929
"60776",113.493838571622,-24.8976774488075,0.974131405353546
"60777",113.576154934722,-24.8976774488075,0.974462032318115
"60778",113.658471297821,-24.8976774488075,0.974783062934875
"61038",111.600562220339,-24.9799938119068,0.963571727275848
"61039",111.682878583438,-24.9799938119068,0.964549720287323
"61040",111.765194946538,-24.9799938119068,0.965283811092377
"61041",111.847511309637,-24.9799938119068,0.966046392917633
"61042",111.929827672736,-24.9799938119068,0.966806530952454
"61043",112.012144035835,-24.9799938119068,0.96753066778183
"61044",112.094460398935,-24.9799938119068,0.968170166015625
"61045",112.176776762034,-24.9799938119068,0.968855023384094
"61046",112.259093125133,-24.9799938119068,0.969455778598785
"61047",112.341409488233,-24.9799938119068,0.970034658908844
"61048",112.423725851332,-24.9799938119068,0.970584452152252
"61049",112.506042214431,-24.9799938119068,0.971102476119995
"61050",112.58835857753,-24.9799938119068,0.971605122089386
"61051",112.67067494063,-24.9799938119068,0.972079873085022
"61052",112.752991303729,-24.9799938119068,0.97258847951889
"61053",112.835307666828,-24.9799938119068,0.972961246967316
"61054",112.917624029927,-24.9799938119068,0.973417937755585
"61055",112.999940393027,-24.9799938119068,0.973733842372894
"61056",113.082256756126,-24.9799938119068,0.97408127784729
"61057",113.164573119225,-24.9799938119068,0.974454820156097
"61058",113.246889482325,-24.9799938119068,0.974745750427246
"61059",113.329205845424,-24.9799938119068,0.975052118301392
"61060",113.411522208523,-24.9799938119068,0.975423514842987
"61061",113.493838571622,-24.9799938119068,0.975720822811127
"61062",113.576154934722,-24.9799938119068,0.976013243198395
"61063",113.658471297821,-24.9799938119068,0.976363956928253
"61064",113.74078766092,-24.9799938119068,0.976580739021301
"61324",111.682878583438,-25.0623101750061,0.965732574462891
"61325",111.765194946538,-25.0623101750061,0.966519832611084
"61326",111.847511309637,-25.0623101750061,0.967249572277069
"61327",111.929827672736,-25.0623101750061,0.968026578426361
"61328",112.012144035835,-25.0623101750061,0.968794882297516
"61329",112.094460398935,-25.0623101750061,0.969419717788696
"61330",112.176776762034,-25.0623101750061,0.970115780830383
"61331",112.259093125133,-25.0623101750061,0.970818221569061
"61332",112.341409488233,-25.0623101750061,0.971349537372589
"61333",112.423725851332,-25.0623101750061,0.971908926963806
"61334",112.506042214431,-25.0623101750061,0.972480118274689
"61335",112.58835857753,-25.0623101750061,0.973011672496796
"61336",112.67067494063,-25.0623101750061,0.973501563072205
"61337",112.752991303729,-25.0623101750061,0.97396320104599
"61338",112.835307666828,-25.0623101750061,0.974425077438354
"61339",112.917624029927,-25.0623101750061,0.974853515625
"61340",112.999940393027,-25.0623101750061,0.975264310836792
"61341",113.082256756126,-25.0623101750061,0.975582301616669
"61342",113.164573119225,-25.0623101750061,0.975980699062347
"61343",113.246889482325,-25.0623101750061,0.976332426071167
"61344",113.329205845424,-25.0623101750061,0.976657748222351
"61345",113.411522208523,-25.0623101750061,0.977002739906311
"61346",113.493838571622,-25.0623101750061,0.977321326732635
"61347",113.576154934722,-25.0623101750061,0.977628350257874
"61348",113.658471297821,-25.0623101750061,0.977980256080627
"61349",113.74078766092,-25.0623101750061,0.978345513343811
"61608",111.600562220339,-25.1446265381054,0.966578125953674
"61609",111.682878583438,-25.1446265381054,0.966905176639557
"61610",111.765194946538,-25.1446265381054,0.967723488807678
"61611",111.847511309637,-25.1446265381054,0.968516647815704
"61612",111.929827672736,-25.1446265381054,0.969289839267731
"61613",112.012144035835,-25.1446265381054,0.970012664794922
"61614",112.094460398935,-25.1446265381054,0.970726609230042
"61615",112.176776762034,-25.1446265381054,0.971417486667633
"61616",112.259093125133,-25.1446265381054,0.972072064876556
"61617",112.341409488233,-25.1446265381054,0.972712218761444
"61618",112.423725851332,-25.1446265381054,0.973286986351013
"61619",112.506042214431,-25.1446265381054,0.973879992961884
"61620",112.58835857753,-25.1446265381054,0.97441303730011
"61621",112.67067494063,-25.1446265381054,0.974921405315399
"61622",112.752991303729,-25.1446265381054,0.97542405128479
"61623",112.835307666828,-25.1446265381054,0.97587126493454
"61624",112.917624029927,-25.1446265381054,0.976300537586212
"61625",112.999940393027,-25.1446265381054,0.976774215698242
"61626",113.082256756126,-25.1446265381054,0.977164566516876
"61627",113.164573119225,-25.1446265381054,0.977535426616669
"61628",113.246889482325,-25.1446265381054,0.977933824062347
"61629",113.329205845424,-25.1446265381054,0.978296637535095
"61630",113.411522208523,-25.1446265381054,0.978619575500488
"61631",113.493838571622,-25.1446265381054,0.978958189487457
"61632",113.576154934722,-25.1446265381054,0.979279339313507
"61633",113.658471297821,-25.1446265381054,0.979626476764679
"61634",113.74078766092,-25.1446265381054,0.979979157447815
"61635",113.82310402402,-25.1446265381054,0.980358242988586
"61636",113.905420387119,-25.1446265381054,0.980598032474518
"61893",111.600562220339,-25.2269429012046,0.967652559280396
"61894",111.682878583438,-25.2269429012046,0.968183577060699
"61895",111.765194946538,-25.2269429012046,0.968985021114349
"61896",111.847511309637,-25.2269429012046,0.969775438308716
"61897",111.929827672736,-25.2269429012046,0.970548808574677
"61898",112.012144035835,-25.2269429012046,0.971286594867706
"61899",112.094460398935,-25.2269429012046,0.972034633159637
"61900",112.176776762034,-25.2269429012046,0.97271466255188
"61901",112.259093125133,-25.2269429012046,0.973390698432922
"61902",112.341409488233,-25.2269429012046,0.974080920219421
"61903",112.423725851332,-25.2269429012046,0.974651992321014
"61904",112.506042214431,-25.2269429012046,0.975264549255371
"61905",112.58835857753,-25.2269429012046,0.975817084312439
"61906",112.67067494063,-25.2269429012046,0.976376354694366
"61907",112.752991303729,-25.2269429012046,0.976927697658539
"61908",112.835307666828,-25.2269429012046,0.977382779121399
"61909",112.917624029927,-25.2269429012046,0.977829098701477
"61910",112.999940393027,-25.2269429012046,0.97829532623291
"61911",113.082256756126,-25.2269429012046,0.978716731071472
"61912",113.164573119225,-25.2269429012046,0.97911274433136
"61913",113.246889482325,-25.2269429012046,0.979512691497803
"61914",113.329205845424,-25.2269429012046,0.979879915714264
"61915",113.411522208523,-25.2269429012046,0.980273067951202
"61916",113.493838571622,-25.2269429012046,0.980561673641205
"61917",113.576154934722,-25.2269429012046,0.980912685394287
"61918",113.658471297821,-25.2269429012046,0.98126882314682
"61919",113.74078766092,-25.2269429012046,0.981609225273132
"61920",113.82310402402,-25.2269429012046,0.981990158557892
"61921",113.905420387119,-25.2269429012046,0.982490956783295
"61922",113.987736750218,-25.2269429012046,0.982902586460114
"62178",111.600562220339,-25.3092592643039,0.96862268447876
"62179",111.682878583438,-25.3092592643039,0.969362139701843
"62180",111.765194946538,-25.3092592643039,0.970224976539612
"62181",111.847511309637,-25.3092592643039,0.971016108989716
"62182",111.929827672736,-25.3092592643039,0.971819937229156
"62183",112.012144035835,-25.3092592643039,0.972589015960693
"62184",112.094460398935,-25.3092592643039,0.973314821720123
"62185",112.176776762034,-25.3092592643039,0.974011182785034
"62186",112.259093125133,-25.3092592643039,0.974699079990387
"62187",112.341409488233,-25.3092592643039,0.975410759449005
"62188",112.423725851332,-25.3092592643039,0.976048290729523
"62189",112.506042214431,-25.3092592643039,0.97668594121933
"62190",112.58835857753,-25.3092592643039,0.977227091789246
"62191",112.67067494063,-25.3092592643039,0.97780853509903
"62192",112.752991303729,-25.3092592643039,0.97839081287384
"62193",112.835307666828,-25.3092592643039,0.978872358798981
"62194",112.917624029927,-25.3092592643039,0.979362905025482
"62195",112.999940393027,-25.3092592643039,0.979831337928772
"62196",113.082256756126,-25.3092592643039,0.980261147022247
"62197",113.164573119225,-25.3092592643039,0.98067033290863
"62198",113.246889482325,-25.3092592643039,0.981064975261688
"62199",113.329205845424,-25.3092592643039,0.981467485427856
"62200",113.411522208523,-25.3092592643039,0.98186194896698
"62201",113.493838571622,-25.3092592643039,0.982168972492218
"62202",113.576154934722,-25.3092592643039,0.982582151889801
"62203",113.658471297821,-25.3092592643039,0.982936799526215
"62204",113.74078766092,-25.3092592643039,0.983266294002533
"62205",113.82310402402,-25.3092592643039,0.983615040779114
"62206",113.905420387119,-25.3092592643039,0.984031319618225
"62463",111.600562220339,-25.3915756274032,0.969721257686615
"62464",111.682878583438,-25.3915756274032,0.970615386962891
"62465",111.765194946538,-25.3915756274032,0.971511721611023
"62466",111.847511309637,-25.3915756274032,0.972287595272064
"62467",111.929827672736,-25.3915756274032,0.973101794719696
"62468",112.012144035835,-25.3915756274032,0.973846614360809
"62469",112.094460398935,-25.3915756274032,0.974612832069397
"62470",112.176776762034,-25.3915756274032,0.975353360176086
"62471",112.259093125133,-25.3915756274032,0.976040184497833
"62472",112.341409488233,-25.3915756274032,0.976727902889252
"62473",112.423725851332,-25.3915756274032,0.977411925792694
"62474",112.506042214431,-25.3915756274032,0.978060662746429
"62475",112.58835857753,-25.3915756274032,0.978646695613861
"62476",112.67067494063,-25.3915756274032,0.979282200336456
"62477",112.752991303729,-25.3915756274032,0.979815125465393
"62478",112.835307666828,-25.3915756274032,0.980363786220551
"62479",112.917624029927,-25.3915756274032,0.980903148651123
"62480",112.999940393027,-25.3915756274032,0.981361746788025
"62481",113.082256756126,-25.3915756274032,0.981830477714539
"62482",113.164573119225,-25.3915756274032,0.982297003269196
"62483",113.246889482325,-25.3915756274032,0.982722461223602
"62484",113.329205845424,-25.3915756274032,0.983096957206726
"62485",113.411522208523,-25.3915756274032,0.983473777770996
"62486",113.493838571622,-25.3915756274032,0.983843207359314
"62487",113.576154934722,-25.3915756274032,0.984234571456909
"62488",113.658471297821,-25.3915756274032,0.984565675258636
"62489",113.74078766092,-25.3915756274032,0.98489111661911
"62490",113.82310402402,-25.3915756274032,0.985194623470306
"62491",113.905420387119,-25.3915756274032,0.985580086708069
"62492",113.987736750218,-25.3915756274032,0.986304759979248
"62749",111.682878583438,-25.4738919905025,0.971814513206482
"62750",111.765194946538,-25.4738919905025,0.972714304924011
"62751",111.847511309637,-25.4738919905025,0.973555207252502
"62752",111.929827672736,-25.4738919905025,0.974396526813507
"62753",112.012144035835,-25.4738919905025,0.975165367126465
"62754",112.094460398935,-25.4738919905025,0.975930988788605
"62755",112.176776762034,-25.4738919905025,0.976674377918243
"62756",112.259093125133,-25.4738919905025,0.977376461029053
"62757",112.341409488233,-25.4738919905025,0.978089094161987
"62758",112.423725851332,-25.4738919905025,0.9787717461586
"62759",112.506042214431,-25.4738919905025,0.979425072669983
"62760",112.58835857753,-25.4738919905025,0.980057656764984
"62761",112.67067494063,-25.4738919905025,0.980678558349609
"62762",112.752991303729,-25.4738919905025,0.981282830238342
"62763",112.835307666828,-25.4738919905025,0.981837868690491
"62764",112.917624029927,-25.4738919905025,0.982422053813934
"62765",112.999940393027,-25.4738919905025,0.982893049716949
"62766",113.082256756126,-25.4738919905025,0.983441531658173
"62767",113.164573119225,-25.4738919905025,0.983913481235504
"62768",113.246889482325,-25.4738919905025,0.984356105327606
"62769",113.329205845424,-25.4738919905025,0.984768450260162
"62770",113.411522208523,-25.4738919905025,0.985129952430725
"62771",113.493838571622,-25.4738919905025,0.98550546169281
"62772",113.576154934722,-25.4738919905025,0.985867977142334
"62773",113.658471297821,-25.4738919905025,0.98620480298996
"62774",113.74078766092,-25.4738919905025,0.986572325229645
"62775",113.82310402402,-25.4738919905025,0.986830770969391
"62776",113.905420387119,-25.4738919905025,0.987191319465637
"62777",113.987736750218,-25.4738919905025,0.987555861473083
"62778",114.070053113317,-25.4738919905025,0.988508880138397
"63034",111.682878583438,-25.5562083536018,0.973100423812866
"63035",111.765194946538,-25.5562083536018,0.973967730998993
"63036",111.847511309637,-25.5562083536018,0.974804997444153
"63037",111.929827672736,-25.5562083536018,0.975652515888214
"63038",112.012144035835,-25.5562083536018,0.976481795310974
"63039",112.094460398935,-25.5562083536018,0.977278649806976
"63040",112.176776762034,-25.5562083536018,0.977982521057129
"63041",112.259093125133,-25.5562083536018,0.978751838207245
"63042",112.341409488233,-25.5562083536018,0.979473471641541
"63043",112.423725851332,-25.5562083536018,0.980154097080231
"63044",112.506042214431,-25.5562083536018,0.980821490287781
"63045",112.58835857753,-25.5562083536018,0.981511950492859
"63046",112.67067494063,-25.5562083536018,0.982160091400146
"63047",112.752991303729,-25.5562083536018,0.982727646827698
"63048",112.835307666828,-25.5562083536018,0.983323276042938
"63049",112.917624029927,-25.5562083536018,0.983920216560364
"63050",112.999940393027,-25.5562083536018,0.984420418739319
"63051",113.082256756126,-25.5562083536018,0.984948754310608
"63052",113.164573119225,-25.5562083536018,0.985458552837372
"63053",113.246889482325,-25.5562083536018,0.985951781272888
"63054",113.329205845424,-25.5562083536018,0.986380815505981
"63055",113.411522208523,-25.5562083536018,0.986759662628174
"63056",113.493838571622,-25.5562083536018,0.987151980400085
"63057",113.576154934722,-25.5562083536018,0.98749965429306
"63058",113.658471297821,-25.5562083536018,0.987810134887695
"63059",113.74078766092,-25.5562083536018,0.98814195394516
"63060",113.82310402402,-25.5562083536018,0.988445460796356
"63061",113.905420387119,-25.5562083536018,0.988727509975433
"63062",113.987736750218,-25.5562083536018,0.989096283912659
"63063",114.070053113317,-25.5562083536018,0.989498376846313
"63318",111.600562220339,-25.6385247167011,0.973886668682098
"63319",111.682878583438,-25.6385247167011,0.974395990371704
"63320",111.765194946538,-25.6385247167011,0.975275695323944
"63321",111.847511309637,-25.6385247167011,0.976097166538239
"63322",111.929827672736,-25.6385247167011,0.976935386657715
"63323",112.012144035835,-25.6385247167011,0.977748036384583
"63324",112.094460398935,-25.6385247167011,0.978483319282532
"63325",112.176776762034,-25.6385247167011,0.979319334030151
"63326",112.259093125133,-25.6385247167011,0.980165958404541
"63327",112.341409488233,-25.6385247167011,0.980830311775208
"63328",112.423725851332,-25.6385247167011,0.981529533863068
"63329",112.506042214431,-25.6385247167011,0.982223212718964
"63330",112.58835857753,-25.6385247167011,0.98288905620575
"63331",112.67067494063,-25.6385247167011,0.983533024787903
"63332",112.752991303729,-25.6385247167011,0.984162271022797
"63333",112.835307666828,-25.6385247167011,0.984802842140198
"63334",112.917624029927,-25.6385247167011,0.985424339771271
"63335",112.999940393027,-25.6385247167011,0.985962450504303
"63336",113.082256756126,-25.6385247167011,0.986482918262482
"63337",113.164573119225,-25.6385247167011,0.987029850482941
"63338",113.246889482325,-25.6385247167011,0.987531363964081
"63339",113.329205845424,-25.6385247167011,0.987962245941162
"63340",113.411522208523,-25.6385247167011,0.988408088684082
"63341",113.493838571622,-25.6385247167011,0.988792061805725
"63342",113.576154934722,-25.6385247167011,0.989149510860443
"63343",113.658471297821,-25.6385247167011,0.989480912685394
"63344",113.74078766092,-25.6385247167011,0.989776492118835
"63345",113.82310402402,-25.6385247167011,0.990022301673889
"63346",113.905420387119,-25.6385247167011,0.990276217460632
"63347",113.987736750218,-25.6385247167011,0.990597248077393
"63348",114.070053113317,-25.6385247167011,0.990934371948242
"63349",114.152369476417,-25.6385247167011,0.991219282150269
"63603",111.600562220339,-25.7208410798004,0.974957525730133
"63604",111.682878583438,-25.7208410798004,0.975638270378113
"63605",111.765194946538,-25.7208410798004,0.976509094238281
"63606",111.847511309637,-25.7208410798004,0.977373421192169
"63607",111.929827672736,-25.7208410798004,0.978222966194153
"63608",112.012144035835,-25.7208410798004,0.979038655757904
"63609",112.094460398935,-25.7208410798004,0.979816019535065
"63610",112.176776762034,-25.7208410798004,0.980627477169037
"63611",112.259093125133,-25.7208410798004,0.981428444385529
"63612",112.341409488233,-25.7208410798004,0.982173323631287
"63613",112.423725851332,-25.7208410798004,0.982895731925964
"63614",112.506042214431,-25.7208410798004,0.983569979667664
"63615",112.58835857753,-25.7208410798004,0.984308421611786
"63616",112.67067494063,-25.7208410798004,0.985001564025879
"63617",112.752991303729,-25.7208410798004,0.985652089118958
"63618",112.835307666828,-25.7208410798004,0.986293137073517
"63619",112.917624029927,-25.7208410798004,0.986893951892853
"63620",112.999940393027,-25.7208410798004,0.987464904785156
"63621",113.082256756126,-25.7208410798004,0.98804497718811
"63622",113.164573119225,-25.7208410798004,0.988616287708282
"63623",113.246889482325,-25.7208410798004,0.989109992980957
"63624",113.329205845424,-25.7208410798004,0.989540576934814
"63625",113.411522208523,-25.7208410798004,0.990037322044373
"63626",113.493838571622,-25.7208410798004,0.99039214849472
"63627",113.576154934722,-25.7208410798004,0.990366756916046
"63628",113.658471297821,-25.7208410798004,0.991078794002533
"63629",113.74078766092,-25.7208410798004,0.991355657577515
"63630",113.82310402402,-25.7208410798004,0.991568148136139
"63631",113.905420387119,-25.7208410798004,0.991790056228638
"63632",113.987736750218,-25.7208410798004,0.992063522338867
"63633",114.070053113317,-25.7208410798004,0.992344379425049
"63634",114.152369476417,-25.7208410798004,0.992635786533356
"63888",111.600562220339,-25.8031574428996,0.975965797901154
"63889",111.682878583438,-25.8031574428996,0.976891398429871
"63890",111.765194946538,-25.8031574428996,0.977759718894958
"63891",111.847511309637,-25.8031574428996,0.978650867938995
"63892",111.929827672736,-25.8031574428996,0.97951728105545
"63893",112.012144035835,-25.8031574428996,0.980340659618378
"63894",112.094460398935,-25.8031574428996,0.981176137924194
"63895",112.176776762034,-25.8031574428996,0.981979012489319
"63896",112.259093125133,-25.8031574428996,0.982743263244629
"63897",112.341409488233,-25.8031574428996,0.983510136604309
"63898",112.423725851332,-25.8031574428996,0.984241127967834
"63899",112.506042214431,-25.8031574428996,0.984955728054047
"63900",112.58835857753,-25.8031574428996,0.985648691654205
"63901",112.67067494063,-25.8031574428996,0.986402630805969
"63902",112.752991303729,-25.8031574428996,0.987076103687286
"63903",112.835307666828,-25.8031574428996,0.98774665594101
"63904",112.917624029927,-25.8031574428996,0.98834627866745
"63905",112.999940393027,-25.8031574428996,0.988934278488159
"63906",113.082256756126,-25.8031574428996,0.989520847797394
"63907",113.164573119225,-25.8031574428996,0.990103363990784
"63908",113.246889482325,-25.8031574428996,0.990666270256042
"63909",113.329205845424,-25.8031574428996,0.991159677505493
"63910",113.411522208523,-25.8031574428996,0.991621196269989
"63911",113.493838571622,-25.8031574428996,0.992013394832611
"63913",113.658471297821,-25.8031574428996,0.992782056331635
"63914",113.74078766092,-25.8031574428996,0.992940187454224
"63915",113.82310402402,-25.8031574428996,0.993125855922699
"63916",113.905420387119,-25.8031574428996,0.993286907672882
"63917",113.987736750218,-25.8031574428996,0.993487596511841
"63918",114.070053113317,-25.8031574428996,0.993701577186584
"63919",114.152369476417,-25.8031574428996,0.993963122367859
"63920",114.234685839516,-25.8031574428996,0.994361400604248
"63921",114.317002202615,-25.8031574428996,0.994646430015564
"64174",111.682878583438,-25.8854738059989,0.978175342082977
"64175",111.765194946538,-25.8854738059989,0.979081928730011
"64176",111.847511309637,-25.8854738059989,0.979932427406311
"64177",111.929827672736,-25.8854738059989,0.980799853801727
"64178",112.012144035835,-25.8854738059989,0.981642961502075
"64179",112.094460398935,-25.8854738059989,0.98246169090271
"64180",112.176776762034,-25.8854738059989,0.983287870883942
"64181",112.259093125133,-25.8854738059989,0.984068930149078
"64182",112.341409488233,-25.8854738059989,0.98481148481369
"64183",112.423725851332,-25.8854738059989,0.985560774803162
"64184",112.506042214431,-25.8854738059989,0.986343502998352
"64185",112.58835857753,-25.8854738059989,0.98706316947937
"64186",112.67067494063,-25.8854738059989,0.987785577774048
"64187",112.752991303729,-25.8854738059989,0.988486468791962
"64188",112.835307666828,-25.8854738059989,0.989163219928741
"64189",112.917624029927,-25.8854738059989,0.989807605743408
"64190",112.999940393027,-25.8854738059989,0.990428447723389
"64191",113.082256756126,-25.8854738059989,0.991048216819763
"64192",113.164573119225,-25.8854738059989,0.991610169410706
"64193",113.246889482325,-25.8854738059989,0.992166638374329
"64194",113.329205845424,-25.8854738059989,0.992691040039062
"64195",113.411522208523,-25.8854738059989,0.993162572383881
"64196",113.493838571622,-25.8854738059989,0.993606507778168
"64197",113.576154934722,-25.8854738059989,0.993971407413483
"64198",113.658471297821,-25.8854738059989,0.994260370731354
"64199",113.74078766092,-25.8854738059989,0.994468569755554
"64200",113.82310402402,-25.8854738059989,0.994685411453247
"64201",113.905420387119,-25.8854738059989,0.99477219581604
"64202",113.987736750218,-25.8854738059989,0.994850158691406
"64203",114.070053113317,-25.8854738059989,0.994971036911011
"64204",114.152369476417,-25.8854738059989,0.995159447193146
"64205",114.234685839516,-25.8854738059989,0.995490729808807
"64206",114.317002202615,-25.8854738059989,0.996040284633636
"64207",114.399318565715,-25.8854738059989,0.996515095233917
"64459",111.682878583438,-25.9677901690982,0.979439914226532
"64460",111.765194946538,-25.9677901690982,0.980335056781769
"64461",111.847511309637,-25.9677901690982,0.981176018714905
"64462",111.929827672736,-25.9677901690982,0.982037782669067
"64463",112.012144035835,-25.9677901690982,0.982950031757355
"64464",112.094460398935,-25.9677901690982,0.983729839324951
"64465",112.176776762034,-25.9677901690982,0.984567880630493
"64466",112.259093125133,-25.9677901690982,0.985358476638794
"64467",112.341409488233,-25.9677901690982,0.986113905906677
"64468",112.423725851332,-25.9677901690982,0.986887276172638
"64469",112.506042214431,-25.9677901690982,0.987667918205261
"64470",112.58835857753,-25.9677901690982,0.988411068916321
"64471",112.67067494063,-25.9677901690982,0.989150106906891
"64472",112.752991303729,-25.9677901690982,0.989867687225342
"64473",112.835307666828,-25.9677901690982,0.99054354429245
"64474",112.917624029927,-25.9677901690982,0.991230964660645
"64475",112.999940393027,-25.9677901690982,0.99185985326767
"64476",113.082256756126,-25.9677901690982,0.992474973201752
"64477",113.164573119225,-25.9677901690982,0.993028342723846
"64478",113.246889482325,-25.9677901690982,0.993634819984436
"64479",113.329205845424,-25.9677901690982,0.994161367416382
"64480",113.411522208523,-25.9677901690982,0.994645237922668
"64481",113.493838571622,-25.9677901690982,0.995093524456024
"64482",113.576154934722,-25.9677901690982,0.995497226715088
"64483",113.658471297821,-25.9677901690982,0.99582976102829
"64484",113.74078766092,-25.9677901690982,0.996027052402496
"64485",113.82310402402,-25.9677901690982,0.996163368225098
"64486",113.905420387119,-25.9677901690982,0.996203720569611
"64487",113.987736750218,-25.9677901690982,0.996175289154053
"64488",114.070053113317,-25.9677901690982,0.996159791946411
"64489",114.152369476417,-25.9677901690982,0.996301651000977
"64490",114.234685839516,-25.9677901690982,0.996543288230896
"64743",111.600562220339,-26.0501065321975,0.980323314666748
"64744",111.682878583438,-26.0501065321975,0.980693876743317
"64745",111.765194946538,-26.0501065321975,0.98157274723053
"64746",111.847511309637,-26.0501065321975,0.982439339160919
"64747",111.929827672736,-26.0501065321975,0.983302175998688
"64748",112.012144035835,-26.0501065321975,0.984174072742462
"64749",112.094460398935,-26.0501065321975,0.985014200210571
"64750",112.176776762034,-26.0501065321975,0.9858438372612
"64751",112.259093125133,-26.0501065321975,0.98666375875473
"64752",112.341409488233,-26.0501065321975,0.987426936626434
"64753",112.423725851332,-26.0501065321975,0.988195538520813
"64754",112.506042214431,-26.0501065321975,0.988991558551788
"64755",112.58835857753,-26.0501065321975,0.989730656147003
"64756",112.67067494063,-26.0501065321975,0.990468382835388
"64757",112.752991303729,-26.0501065321975,0.991207778453827
"64758",112.835307666828,-26.0501065321975,0.991899073123932
"64759",112.917624029927,-26.0501065321975,0.992585241794586
"64760",112.999940393027,-26.0501065321975,0.993234634399414
"64761",113.082256756126,-26.0501065321975,0.993887186050415
"64762",113.164573119225,-26.0501065321975,0.994514226913452
"64763",113.246889482325,-26.0501065321975,0.995114088058472
"64764",113.329205845424,-26.0501065321975,0.995586276054382
"64765",113.411522208523,-26.0501065321975,0.996087193489075
"64766",113.493838571622,-26.0501065321975,0.996527910232544
"64767",113.576154934722,-26.0501065321975,0.996922254562378
"64768",113.658471297821,-26.0501065321975,0.997271180152893
"64769",113.74078766092,-26.0501065321975,0.997495114803314
"64770",113.82310402402,-26.0501065321975,0.997553288936615
"64771",113.905420387119,-26.0501065321975,0.997509896755219
"64772",113.987736750218,-26.0501065321975,0.997426450252533
"64773",114.070053113317,-26.0501065321975,0.997234225273132
"64774",114.152369476417,-26.0501065321975,0.997198760509491
"64775",114.234685839516,-26.0501065321975,0.997484683990479
"65028",111.600562220339,-26.1324228952968,0.981376528739929
"65029",111.682878583438,-26.1324228952968,0.981955468654633
"65030",111.765194946538,-26.1324228952968,0.982840597629547
"65031",111.847511309637,-26.1324228952968,0.983714163303375
"65032",111.929827672736,-26.1324228952968,0.984572231769562
"65033",112.012144035835,-26.1324228952968,0.985446453094482
"65034",112.094460398935,-26.1324228952968,0.986304998397827
"65035",112.176776762034,-26.1324228952968,0.987101078033447
"65036",112.259093125133,-26.1324228952968,0.987960994243622
"65037",112.341409488233,-26.1324228952968,0.988739609718323
"65038",112.423725851332,-26.1324228952968,0.989514887332916
"65039",112.506042214431,-26.1324228952968,0.990340650081635
"65040",112.58835857753,-26.1324228952968,0.99103707075119
"65041",112.67067494063,-26.1324228952968,0.991764008998871
"65042",112.752991303729,-26.1324228952968,0.99250328540802
"65043",112.835307666828,-26.1324228952968,0.993215680122375
"65044",112.917624029927,-26.1324228952968,0.993905186653137
"65045",112.999940393027,-26.1324228952968,0.994565010070801
"65046",113.082256756126,-26.1324228952968,0.995219111442566
"65047",113.164573119225,-26.1324228952968,0.995874285697937
"65048",113.246889482325,-26.1324228952968,0.9964240193367
"65049",113.329205845424,-26.1324228952968,0.996954321861267
"65050",113.411522208523,-26.1324228952968,0.997447907924652
"65051",113.493838571622,-26.1324228952968,0.997880637645721
"65052",113.576154934722,-26.1324228952968,0.998301029205322
"65053",113.658471297821,-26.1324228952968,0.998621165752411
"65054",113.74078766092,-26.1324228952968,0.998830020427704
"65055",113.82310402402,-26.1324228952968,0.998891234397888
"65056",113.905420387119,-26.1324228952968,0.998764276504517
"65057",113.987736750218,-26.1324228952968,0.998512983322144
"65058",114.070053113317,-26.1324228952968,0.998193800449371
"65059",114.152369476417,-26.1324228952968,0.99800717830658
"65060",114.234685839516,-26.1324228952968,0.998225331306458
"65315",111.765194946538,-26.2147392583961,0.984135687351227
"65316",111.847511309637,-26.2147392583961,0.98500669002533
"65317",111.929827672736,-26.2147392583961,0.985878586769104
"65318",112.012144035835,-26.2147392583961,0.986737668514252
"65319",112.094460398935,-26.2147392583961,0.987596452236176
"65320",112.176776762034,-26.2147392583961,0.988416075706482
"65321",112.259093125133,-26.2147392583961,0.989222884178162
"65322",112.341409488233,-26.2147392583961,0.990042507648468
"65323",112.423725851332,-26.2147392583961,0.99076646566391
"65324",112.506042214431,-26.2147392583961,0.991578221321106
"65325",112.58835857753,-26.2147392583961,0.992339313030243
"65326",112.67067494063,-26.2147392583961,0.993079900741577
"65327",112.752991303729,-26.2147392583961,0.993781208992004
"65328",112.835307666828,-26.2147392583961,0.994483828544617
"65329",112.917624029927,-26.2147392583961,0.995167374610901
"65330",112.999940393027,-26.2147392583961,0.995855510234833
"65331",113.082256756126,-26.2147392583961,0.996520161628723
"65332",113.164573119225,-26.2147392583961,0.997100353240967
"65333",113.246889482325,-26.2147392583961,0.997685551643372
"65334",113.329205845424,-26.2147392583961,0.998242139816284
"65335",113.411522208523,-26.2147392583961,0.998715102672577
"65336",113.493838571622,-26.2147392583961,0.999147176742554
"65337",113.576154934722,-26.2147392583961,0.999507367610931
"65338",113.658471297821,-26.2147392583961,0.999862372875214
"65339",113.74078766092,-26.2147392583961,0.999842643737793
"65340",113.82310402402,-26.2147392583961,0.999781548976898
"65341",113.905420387119,-26.2147392583961,0.999671876430511
"65342",113.987736750218,-26.2147392583961,0.999338865280151
"65343",114.070053113317,-26.2147392583961,0.998892664909363
"65344",114.152369476417,-26.2147392583961,0.998664259910583
"65345",114.234685839516,-26.2147392583961,0.998717486858368
"65600",111.765194946538,-26.2970556214953,0.985472440719604
"65601",111.847511309637,-26.2970556214953,0.986300468444824
"65602",111.929827672736,-26.2970556214953,0.98715615272522
"65603",112.012144035835,-26.2970556214953,0.988017320632935
"65604",112.094460398935,-26.2970556214953,0.988870441913605
"65605",112.176776762034,-26.2970556214953,0.989681661128998
"65606",112.259093125133,-26.2970556214953,0.990481674671173
"65607",112.341409488233,-26.2970556214953,0.99128931760788
"65608",112.423725851332,-26.2970556214953,0.992061495780945
"65609",112.506042214431,-26.2970556214953,0.992837965488434
"65610",112.58835857753,-26.2970556214953,0.993597328662872
"65611",112.67067494063,-26.2970556214953,0.994332551956177
"65612",112.752991303729,-26.2970556214953,0.995041787624359
"65613",112.835307666828,-26.2970556214953,0.995770633220673
"65614",112.917624029927,-26.2970556214953,0.996467471122742
"65615",112.999940393027,-26.2970556214953,0.997112810611725
"65616",113.082256756126,-26.2970556214953,0.997737467288971
"65617",113.164573119225,-26.2970556214953,0.998318314552307
"65618",113.246889482325,-26.2970556214953,0.998900234699249
"65619",113.329205845424,-26.2970556214953,0.999384999275208
"65620",113.411522208523,-26.2970556214953,0.999681055545807
"65621",113.493838571622,-26.2970556214953,1
"65622",113.576154934722,-26.2970556214953,1
"65623",113.658471297821,-26.2970556214953,0.999998450279236
"65624",113.74078766092,-26.2970556214953,1
"65625",113.82310402402,-26.2970556214953,1
"65626",113.905420387119,-26.2970556214953,1
"65627",113.987736750218,-26.2970556214953,0.999791324138641
"65628",114.070053113317,-26.2970556214953,0.999315619468689
"65629",114.152369476417,-26.2970556214953,0.999144434928894
"65630",114.234685839516,-26.2970556214953,0.999505043029785
"65631",114.317002202615,-26.2970556214953,1
"65885",111.765194946538,-26.3793719845946,0.98640251159668
"65886",111.847511309637,-26.3793719845946,0.987536311149597
"65887",111.929827672736,-26.3793719845946,0.988426744937897
"65888",112.012144035835,-26.3793719845946,0.98930561542511
"65889",112.094460398935,-26.3793719845946,0.990133285522461
"65890",112.176776762034,-26.3793719845946,0.990946590900421
"65891",112.259093125133,-26.3793719845946,0.991775691509247
"65892",112.341409488233,-26.3793719845946,0.99257093667984
"65893",112.423725851332,-26.3793719845946,0.993344247341156
"65894",112.506042214431,-26.3793719845946,0.994130969047546
"65895",112.58835857753,-26.3793719845946,0.994858384132385
"65896",112.67067494063,-26.3793719845946,0.995564579963684
"65897",112.752991303729,-26.3793719845946,0.996307134628296
"65898",112.835307666828,-26.3793719845946,0.997050046920776
"65899",112.917624029927,-26.3793719845946,0.997737884521484
"65900",112.999940393027,-26.3793719845946,0.998311579227448
"65901",113.082256756126,-26.3793719845946,0.998965740203857
"65902",113.164573119225,-26.3793719845946,0.999504208564758
"65903",113.246889482325,-26.3793719845946,0.999783873558044
"65904",113.329205845424,-26.3793719845946,0.999945878982544
"65905",113.411522208523,-26.3793719845946,1
"65906",113.493838571622,-26.3793719845946,1
"65907",113.576154934722,-26.3793719845946,1
"65908",113.658471297821,-26.3793719845946,1
"65909",113.74078766092,-26.3793719845946,1
"65910",113.82310402402,-26.3793719845946,1
"65911",113.905420387119,-26.3793719845946,1
"65912",113.987736750218,-26.3793719845946,0.9999640583992
"65913",114.070053113317,-26.3793719845946,0.999665439128876
"65914",114.152369476417,-26.3793719845946,0.999755322933197
"66171",111.847511309637,-26.4616883476939,0.988680064678192
"66172",111.929827672736,-26.4616883476939,0.98970091342926
"66173",112.012144035835,-26.4616883476939,0.990559697151184
"66174",112.094460398935,-26.4616883476939,0.991360723972321
"66175",112.176776762034,-26.4616883476939,0.992219388484955
"66176",112.259093125133,-26.4616883476939,0.993050396442413
"66177",112.341409488233,-26.4616883476939,0.993836402893066
"66178",112.423725851332,-26.4616883476939,0.994607090950012
"66179",112.506042214431,-26.4616883476939,0.995366811752319
"66180",112.58835857753,-26.4616883476939,0.996124923229218
"66181",112.67067494063,-26.4616883476939,0.996848464012146
"66182",112.752991303729,-26.4616883476939,0.997548043727875
"66183",112.835307666828,-26.4616883476939,0.998239755630493
"66184",112.917624029927,-26.4616883476939,0.998941779136658
"66185",112.999940393027,-26.4616883476939,0.99956351518631
"66186",113.082256756126,-26.4616883476939,0.999870359897614
"66187",113.164573119225,-26.4616883476939,0.999964773654938
"66188",113.246889482325,-26.4616883476939,1
"66189",113.329205845424,-26.4616883476939,1
"66190",113.411522208523,-26.4616883476939,1
"66191",113.493838571622,-26.4616883476939,1
"66192",113.576154934722,-26.4616883476939,1
"66193",113.658471297821,-26.4616883476939,1
"66194",113.74078766092,-26.4616883476939,1
"66195",113.82310402402,-26.4616883476939,1
"66196",113.905420387119,-26.4616883476939,1
"66197",113.987736750218,-26.4616883476939,1
"66198",114.070053113317,-26.4616883476939,1
"66461",112.259093125133,-26.5440047107932,0.993899345397949
"66462",112.341409488233,-26.5440047107932,0.99505752325058
"66463",112.423725851332,-26.5440047107932,0.995820939540863
"66464",112.506042214431,-26.5440047107932,0.996629774570465
"66465",112.58835857753,-26.5440047107932,0.997349441051483
"66466",112.67067494063,-26.5440047107932,0.998065233230591
"66467",112.752991303729,-26.5440047107932,0.998778343200684
"66468",112.835307666828,-26.5440047107932,0.99938952922821
"66469",112.917624029927,-26.5440047107932,0.999848127365112
"66470",112.999940393027,-26.5440047107932,1
"66471",113.082256756126,-26.5440047107932,1
"66472",113.164573119225,-26.5440047107932,1
"66473",113.246889482325,-26.5440047107932,1
"66474",113.329205845424,-26.5440047107932,1
"66475",113.411522208523,-26.5440047107932,1
"66476",113.493838571622,-26.5440047107932,1
"66477",113.576154934722,-26.5440047107932,1
"66478",113.658471297821,-26.5440047107932,1
"66479",113.74078766092,-26.5440047107932,1
"66480",113.82310402402,-26.5440047107932,1
"66481",113.905420387119,-26.5440047107932,1
"66483",114.070053113317,-26.5440047107932,1
"66747",112.341409488233,-26.6263210738925,0.996142387390137
"66752",112.752991303729,-26.6263210738925,0.999565660953522
"66753",112.835307666828,-26.6263210738925,1
"66754",112.917624029927,-26.6263210738925,1
"66755",112.999940393027,-26.6263210738925,1
"66756",113.082256756126,-26.6263210738925,1
"66757",113.164573119225,-26.6263210738925,1
"66758",113.246889482325,-26.6263210738925,1
"66759",113.329205845424,-26.6263210738925,1
"66760",113.411522208523,-26.6263210738925,1
"66761",113.493838571622,-26.6263210738925,1
"66762",113.576154934722,-26.6263210738925,1
"66763",113.658471297821,-26.6263210738925,1
"66764",113.74078766092,-26.6263210738925,1
"66765",113.82310402402,-26.6263210738925,1
"67038",112.835307666828,-26.7086374369918,1
"67039",112.917624029927,-26.7086374369918,1
"67040",112.999940393027,-26.7086374369918,1
"67041",113.082256756126,-26.7086374369918,1
"67042",113.164573119225,-26.7086374369918,1
"67043",113.246889482325,-26.7086374369918,1
"67044",113.329205845424,-26.7086374369918,1
"67045",113.411522208523,-26.7086374369918,1
"67046",113.493838571622,-26.7086374369918,1
"67047",113.576154934722,-26.7086374369918,1
"67048",113.658471297821,-26.7086374369918,1
"67049",113.74078766092,-26.7086374369918,1
"67328",113.246889482325,-26.7909538000911,1
